# Blender 4.5.3 LTS
# www.blender.org
mtllib mutant2.mtl
o Cube
v 10.922854 7.294268 -3.502895
v 11.387645 8.883929 -2.657200
v 11.293536 8.805696 -3.489506
v 11.101641 8.658986 -2.644985
v 11.101244 7.717765 -1.723817
v 11.379298 8.061877 -0.340958
v 11.261766 8.578156 -1.739076
v 11.515446 8.790333 -1.087203
v 11.528903 8.709085 -1.608677
v 13.110746 7.642974 -3.502510
v 12.861728 8.679085 -2.663437
v 12.519371 8.889036 -3.566871
v 12.307572 9.064407 -2.668558
v 12.525610 7.754118 -1.695856
v 12.279346 8.071793 -0.440443
v 12.423205 8.767799 -1.694821
v 12.449401 8.828922 -0.929654
v 12.414212 8.677858 -1.726108
v 13.054870 7.615604 -2.602370
v 10.959432 7.500378 -2.601754
v 12.764939 8.387609 -1.674514
v 11.099242 8.140615 -1.727700
v 10.956245 8.011177 -2.639750
v 12.939369 8.121783 -2.640194
v 10.904814 7.678916 -3.504309
v 12.555177 8.033746 -0.536279
v 11.113804 7.915152 -1.726612
v 10.958680 7.755437 -2.619465
v 13.027341 7.868203 -2.619921
v 12.713881 8.159667 -1.704705
v 11.209575 7.869328 -0.633304
v 13.087255 7.795931 -3.504395
v 12.732118 8.506740 -1.661189
v 13.022164 8.529448 -3.463059
v 10.862782 8.444334 -3.504265
v 11.203026 8.366378 -1.735289
v 10.954245 8.266954 -2.655000
v 12.978723 8.370997 -2.649810
v 13.098963 7.873706 -2.611983
v 13.053153 8.364598 -2.690717
v 10.832523 7.675502 -3.498650
v 10.791339 8.442955 -3.498551
v 13.159462 7.800434 -3.498737
v 10.886621 7.752916 -2.611568
v 10.882641 8.265244 -2.646945
v 13.116279 8.517106 -3.452688
v 13.978879 8.857831 -2.630372
v 13.516263 8.844345 -2.704465
v 10.011738 8.970129 -3.373194
v 10.570429 9.006650 -3.383612
v 14.010733 8.923611 -3.420186
v 10.016939 8.896794 -2.629601
v 10.458791 8.949919 -2.738497
v 13.372512 8.894938 -3.426511
v 14.005137 9.186230 -2.552794
v 13.472528 9.317878 -2.743556
v 9.983104 9.290310 -3.295391
v 10.481215 9.298606 -3.348258
v 14.034281 9.266488 -3.462705
v 9.912607 9.346683 -2.624622
v 10.395635 9.340730 -2.792056
v 13.315356 9.222487 -3.540638
v 13.957776 9.948928 -2.491148
v 13.426368 9.888025 -2.595923
v 9.926072 9.868693 -3.242143
v 10.451918 9.866102 -3.273361
v 13.992511 9.980163 -3.392494
v 9.914557 9.983683 -2.489124
v 10.384026 9.856755 -2.737361
v 13.261978 9.947636 -3.398929
v 13.944174 10.167393 -2.728481
v 13.392935 10.118487 -2.746650
v 9.818314 10.259433 -3.188484
v 10.648893 10.319273 -3.188376
v 14.024465 10.231962 -3.188982
v 9.903265 10.201955 -2.727447
v 10.458105 10.216767 -2.745456
v 13.192853 10.198255 -3.188929
v 13.940133 10.232573 -2.717142
v 13.388936 10.183641 -2.735482
v 9.815320 10.324145 -3.177255
v 10.645103 10.383963 -3.177217
v 14.020079 10.296999 -3.178404
v 9.900066 10.267034 -2.715939
v 10.454576 10.281657 -2.734424
v 13.188931 10.263365 -3.178203
v 13.936919 10.280327 -2.627757
v 13.385972 10.231468 -2.652306
v 9.743847 10.424081 -3.247751
v 10.642795 10.431685 -3.247318
v 14.134150 10.378769 -3.172854
v 9.828594 10.366970 -2.626186
v 10.452268 10.329380 -2.650712
v 13.185717 10.311121 -3.248977
v 13.897524 10.915867 -2.548585
v 13.346576 10.867009 -2.573134
v 9.780228 11.007749 -3.166955
v 10.610011 11.067567 -3.166902
v 14.094753 11.014309 -3.093663
v 9.864973 10.950637 -2.545409
v 10.419483 10.965261 -2.570316
v 13.146321 10.946661 -3.169785
v 13.890777 11.028780 -2.610863
v 13.339580 10.979852 -2.629578
v 9.774286 11.120742 -3.079154
v 10.604217 11.180449 -3.079114
v 13.970723 11.093206 -3.081542
v 9.859032 11.063631 -2.608417
v 10.413689 11.078143 -2.627279
v 13.139574 11.059573 -3.081340
v 13.887757 11.077501 -2.602863
v 13.336383 11.028538 -2.621620
v 9.771785 11.169471 -3.071002
v 10.601715 11.229178 -3.070962
v 13.967951 11.142000 -3.073350
v 9.856530 11.112361 -2.600294
v 10.411186 11.126872 -2.619155
v 13.136556 11.108294 -3.073310
v 13.880763 11.191194 -2.500792
v 13.412257 11.157794 -2.505666
v 9.765648 11.283186 -3.132136
v 10.596215 11.342940 -3.132082
v 13.961199 11.255727 -3.135691
v 9.850456 11.226082 -2.496511
v 10.405536 11.240622 -2.521965
v 13.128986 11.221965 -3.135680
v 13.604271 12.130397 -2.147196
v 13.450016 12.097559 -2.191214
v 9.995959 12.251609 -3.243442
v 10.229116 12.268422 -3.243348
v 13.625016 12.192481 -3.252745
v 10.023019 12.190353 -2.136988
v 10.180145 12.176291 -2.181308
v 13.391442 12.183051 -3.252651
v 10.292917 11.708620 -2.644662
v 9.936655 11.708369 -2.619262
v 10.412796 11.805849 -3.072345
v 9.880700 11.767549 -3.072399
v 13.793192 11.724263 -3.077222
v 13.742490 11.660938 -2.443681
v 13.472598 11.635605 -2.448501
v 13.259974 11.702641 -3.077212
v 13.654572 12.393826 -1.916567
v 13.352670 12.354962 -1.977296
v 9.891918 12.506087 -3.429118
v 10.347486 12.538905 -3.428944
v 13.697565 12.456882 -3.442335
v 9.940578 12.446311 -1.902631
v 10.245688 12.442832 -1.963839
v 13.241187 12.438426 -3.442163
v 12.276694 8.591820 -3.932176
v 11.541951 8.419545 -3.844878
v 11.348855 7.525431 -4.129709
v 12.503664 8.048898 -4.277551
v 12.254383 8.809764 -4.867222
v 11.693600 8.774283 -4.805927
v 11.544379 7.669137 -4.764807
v 12.273186 7.779975 -4.908114
v 12.019119 8.714002 -5.860299
v 11.880610 8.796144 -5.673537
v 11.887628 7.292873 -5.673771
v 12.072549 7.410578 -5.672832
v 11.822437 9.146239 -2.678325
v 11.906870 9.085546 -3.527241
v 11.885174 7.904403 -0.059389
v 11.976620 8.776459 -1.701438
v 11.906102 8.441634 -0.350126
v 12.016547 7.357175 -3.502555
v 12.006671 7.560152 -2.602453
v 11.996819 7.762513 -1.701671
v 11.893134 8.815301 -3.712959
v 11.925837 7.674667 -4.202352
v 11.957627 8.894792 -4.728050
v 11.908869 7.727833 -4.836751
v 11.949895 8.754146 -5.766162
v 11.980016 7.352988 -5.672771
v 12.027545 9.154242 -2.667232
v 12.256783 8.733116 -0.546617
v 12.563128 7.385719 -3.501722
v 12.498686 7.790095 -1.701460
v 12.214509 7.746965 -4.239631
v 12.090899 7.754654 -4.872096
v 12.026268 7.382337 -5.672595
v 12.214141 8.865051 -3.546534
v 12.148765 8.299018 -0.147979
v 12.268606 8.781776 -1.716295
v 12.529984 7.588240 -2.603075
v 12.122166 9.087810 -3.784819
v 12.143082 8.880381 -4.717971
v 11.984586 8.733710 -5.812719
v 11.599599 8.823367 -3.507948
v 11.614904 8.309920 -0.138978
v 11.727282 8.770689 -1.662284
v 11.483282 7.530860 -2.601579
v 11.675629 8.960896 -3.787150
v 11.783700 8.821837 -4.748466
v 11.915206 8.774582 -5.719604
v 11.617132 9.138973 -2.689533
v 11.567961 8.725294 -0.773900
v 11.470066 7.327426 -3.503608
v 11.538183 7.655419 -1.691798
v 11.637534 7.601166 -4.165392
v 11.726670 7.700098 -4.801012
v 11.933764 7.323641 -5.672946
v 11.859695 7.075858 -4.453691
v 11.954451 7.099716 -4.465748
v 11.889109 7.108147 -4.662088
v 11.948687 7.117218 -4.673776
v 12.204607 6.992374 -4.061079
v 12.189844 7.044559 -4.176811
v 12.294926 6.997188 -4.061061
v 12.237427 7.056582 -4.182905
v 11.713575 6.917573 -3.035361
v 11.829310 6.923775 -3.035361
v 11.827245 6.966556 -2.844417
v 11.716338 6.960462 -2.844388
v 12.367393 6.991588 -2.124497
v 12.227141 6.983882 -2.124460
v 12.224566 7.037971 -1.883052
v 12.358712 7.045539 -1.883126
v 11.441206 7.877455 -0.754385
v 10.983690 8.542656 -1.045405
v 12.646562 7.741203 -0.744428
v 12.882026 8.525114 -1.062918
v 10.785324 8.227152 -0.904655
v 12.880985 8.297626 -0.935273
v 11.042248 7.953477 -0.918701
v 12.973440 7.974563 -0.677728
v 12.913655 8.510080 -1.022437
v 10.872023 8.425879 -0.986556
v 11.986041 7.734253 -1.015661
v 12.377007 7.858152 -0.828882
v 11.564287 7.792263 -0.892322
v 11.731218 7.155821 -1.428981
v 11.893422 7.164743 -1.429031
v 11.893202 7.177339 -1.199762
v 11.788325 7.170753 -1.195794
v 10.805961 9.017929 -0.530699
v 11.107439 9.197950 -0.289591
v 13.183370 8.262064 0.159988
v 12.640737 8.212586 0.209105
v 10.468361 9.278771 0.574544
v 11.479696 9.174915 0.777078
v 11.337946 8.453063 0.487978
v 12.468368 9.375967 0.377211
v 13.014814 9.408027 0.196050
v 13.300302 9.307815 0.246783
v 13.407947 9.092669 0.510067
v 11.029667 8.116757 0.189680
v 10.420799 8.441754 0.380295
v 12.494034 8.422470 0.366420
v 11.335564 9.391374 0.539070
v 13.134571 8.953175 -0.637465
v 10.518685 8.496757 -0.588007
v 13.221380 8.817831 -0.525131
v 10.982388 7.981400 -0.380825
v 13.261653 8.474758 -0.318603
v 13.179751 8.949559 -0.631431
v 10.516967 8.825235 -0.516625
v 13.274422 8.521530 0.472355
v 12.731812 8.414002 0.469799
v 11.320456 9.429839 0.890122
v 11.274257 8.757034 0.607249
v 12.497091 9.163733 0.863373
v 13.042795 9.338330 0.922668
v 13.182497 9.491905 0.622184
v 13.400942 9.182503 0.714869
v 10.397439 8.555205 0.485298
v 10.470716 9.393899 0.838940
v 12.485855 8.496226 0.506261
v 11.329616 9.462215 0.639913
v 10.483746 8.127842 1.299114
v 11.243976 8.183131 1.403041
v 13.329403 8.301601 1.389021
v 12.703924 8.083089 1.386811
v 11.349371 8.817485 1.790665
v 11.305874 8.347672 1.519792
v 12.478343 8.607344 1.764768
v 13.003552 8.729362 1.820774
v 13.451090 8.620718 1.622038
v 10.459443 8.206462 1.402163
v 10.532130 8.792681 1.741282
v 12.467811 8.284203 1.421902
v 10.888423 7.553838 2.220587
v 11.449283 7.703189 2.201574
v 13.230160 7.949346 2.086461
v 12.700076 7.712045 2.042089
v 11.460522 8.060336 2.280822
v 11.478618 7.857179 2.229933
v 12.447511 8.022496 2.199160
v 12.879456 8.202170 2.144221
v 13.297432 8.090908 2.154838
v 10.864922 7.635626 2.272243
v 10.856038 7.941944 2.334697
v 12.469250 7.854073 2.031751
v 10.937130 7.360273 2.736001
v 11.497990 7.509624 2.716988
v 13.278867 7.836201 2.601874
v 12.748783 7.598899 2.557503
v 11.509229 7.866772 2.796236
v 11.527325 7.663614 2.745347
v 12.496218 7.909350 2.714573
v 12.928163 8.089025 2.705456
v 13.346139 7.977763 2.670252
v 10.913629 7.442061 2.787657
v 10.904745 7.748380 2.850111
v 12.517957 7.740928 2.547165
v 10.880392 7.804953 2.592404
v 11.484875 7.923345 2.538528
v 11.502972 7.720187 2.487640
v 11.473637 7.566197 2.459281
v 10.912777 7.416846 2.478294
v 10.889275 7.498634 2.529950
v 12.724430 7.655472 2.299796
v 12.493603 7.797501 2.289458
v 12.471865 7.965923 2.456867
v 12.903809 8.145598 2.401928
v 13.321785 8.034336 2.412545
v 13.254513 7.892774 2.344167
v 10.824805 8.122918 2.667458
v 10.849158 8.066345 2.925164
v 11.453642 8.184737 2.871289
v 11.429288 8.241310 2.613582
v 12.478048 8.247644 2.790554
v 12.909993 8.427319 2.781436
v 13.327970 8.316056 2.746232
v 12.453695 8.304216 2.532847
v 13.303616 8.372629 2.488525
v 12.885639 8.483891 2.477908
v 12.183576 7.357296 0.085650
v 11.919985 6.962681 0.411409
v 12.020852 6.792531 -0.544863
v 12.355981 6.876580 -0.535846
v 11.649715 7.368198 0.094651
v 11.719216 6.772824 -0.534317
v 12.186689 7.273072 0.127757
v 11.923099 6.878457 0.453516
v 12.023966 6.708307 -0.502756
v 12.359095 6.792356 -0.493740
v 11.652829 7.283974 0.136758
v 11.722330 6.688600 -0.465740
v 12.164641 6.631003 0.316875
v 11.955633 6.318102 0.692310
v 12.035614 6.183186 -0.133965
v 12.301347 6.249831 -0.126816
v 11.741329 6.639648 0.324012
v 11.796438 6.167560 -0.125603
v 12.167966 6.541080 0.361831
v 11.958958 6.228179 0.737266
v 12.038939 6.093262 -0.089009
v 12.304671 6.159907 -0.081860
v 11.744654 6.549725 0.368968
v 11.799763 6.077636 -0.080647
v 12.171528 5.882544 0.663214
v 11.987295 5.606734 1.029179
v 12.057796 5.487811 0.261913
v 12.292027 5.546556 0.268214
v 11.798395 5.890164 0.669506
v 11.846972 5.474037 0.269283
v 12.173972 5.816408 0.696277
v 11.989739 5.540599 1.062242
v 12.060240 5.421675 0.294976
v 12.294472 5.480420 0.301278
v 11.800839 5.824028 0.702569
v 11.849416 5.407902 0.302346
v 12.152401 5.424675 0.993422
v 12.011150 5.213213 1.193354
v 12.065203 5.122035 0.528458
v 12.244787 5.167074 0.533289
v 11.866322 5.430517 0.998246
v 11.903564 5.111475 0.534109
v 12.155188 5.349280 1.031114
v 12.013937 5.137819 1.231046
v 12.067989 5.046640 0.566150
v 12.247574 5.091680 0.570981
v 11.869108 5.355123 1.035938
v 11.906351 5.036080 0.571801
v 12.132366 4.834383 1.167971
v 12.041016 4.697623 1.413317
v 12.075973 4.638655 0.867263
v 12.192116 4.667783 0.870388
v 11.947350 4.838161 1.171091
v 11.971436 4.631825 0.870918
v 12.134432 4.778494 1.195912
v 12.043081 4.641735 1.441257
v 12.078038 4.582767 0.895204
v 12.194181 4.611895 0.898329
v 11.949415 4.782272 1.199031
v 11.973501 4.575937 0.898859
v 12.116934 4.339584 1.318200
v 12.065788 3.980845 1.492766
v 12.085361 4.230001 1.149840
v 12.150387 4.246309 1.151589
v 12.013347 4.341700 1.319946
v 12.026833 4.226177 1.151886
v 12.003447 7.263392 -0.780262
v 11.581693 7.321402 -0.656923
v 12.166170 7.828157 -0.031164
v 12.394412 7.387291 -0.593482
v 11.902579 7.433542 0.176010
v 11.632310 7.839059 -0.022163
v 12.029790 6.445746 -0.318361
v 11.759384 6.428080 -0.282436
v 11.697079 6.961811 0.230385
v 12.175665 6.952038 0.222316
v 12.330221 6.521093 -0.310278
v 11.939365 6.598279 0.572913
v 12.048367 5.790536 0.086452
v 11.823367 5.775836 0.094318
v 11.771524 6.219944 0.621812
v 12.169746 6.211812 0.615098
v 12.298349 5.853231 0.093177
v 11.973126 5.917457 0.883222
v 12.062721 5.271855 0.411717
v 11.876490 5.259688 0.418227
v 11.833580 5.627273 0.952982
v 12.163187 5.620542 0.947425
v 12.269629 5.323747 0.417283
v 12.000444 5.376906 1.127798
v 12.219845 4.879731 0.720685
v 12.071981 4.842648 0.716706
v 11.908229 5.096642 1.103514
v 12.027476 4.917721 1.322182
v 11.938893 4.833953 0.721359
v 12.143777 5.091831 1.099542
v 12.172284 4.429102 1.024959
v 12.081699 4.406384 1.022522
v 11.981380 4.561986 1.259489
v 12.054435 4.452375 1.520697
v 12.000167 4.401057 1.025372
v 12.125683 4.559039 1.257056
v 12.154847 6.974769 -0.871587
v 12.162854 6.758166 -0.763301
v 12.317018 6.796830 -0.759153
v 12.309011 7.013432 -0.867439
v 11.775789 6.428389 -0.670170
v 11.987282 6.442206 -0.704035
v 11.801770 6.245724 -0.541646
v 11.991365 6.258111 -0.574746
v 12.119519 6.243410 -0.546008
v 12.123787 6.050983 -0.410867
v 12.318539 6.099826 -0.405627
v 12.339701 6.298630 -0.540084
v 12.081246 5.596626 -0.193654
v 12.126164 5.349686 -0.049129
v 11.864852 5.840560 -0.340692
v 12.043246 5.852215 -0.346929
v 12.283070 5.389038 -0.044907
v 11.882458 5.615457 -0.210191
v 12.090467 5.079052 0.129144
v 12.123282 4.953145 0.228863
v 11.909901 5.191637 0.034189
v 12.067105 5.201907 0.028693
v 12.249928 4.984907 0.232270
v 11.930089 5.081120 0.120597
v 12.228653 4.657686 0.451802
v 12.208268 4.487130 0.572269
v 11.965917 4.806490 0.312455
v 12.076895 4.813741 0.308575
v 12.122887 4.463691 0.569755
v 12.092001 4.662226 0.422277
v 11.988259 4.667713 0.415140
v 12.180418 4.186696 0.769069
v 12.168109 4.083939 0.840254
v 12.024377 4.347579 0.638051
v 12.094917 4.352188 0.635585
v 12.131554 4.074771 0.839271
v 12.109422 4.209994 0.740615
v 12.042371 4.229574 0.723421
v 12.287304 5.594471 -0.162159
v 12.267447 5.095394 0.150462
v 12.238942 8.818535 -4.595936
v 11.617901 8.549294 -4.506486
v 12.388234 7.798461 -4.593356
v 11.446779 7.597403 -4.447784
v 11.917338 7.701294 -4.520077
v 11.925434 8.939846 -4.167026
v 12.152602 7.750816 -4.556388
v 12.123607 8.681513 -4.381946
v 11.729753 8.731676 -4.448892
v 11.682177 7.650714 -4.483729
v 11.951564 7.108481 -4.569935
v 11.874427 7.092029 -4.558062
v 11.579926 8.704759 -4.098737
v 12.244529 8.811872 -4.187111
v 12.445950 7.807734 -4.435453
v 11.397818 7.561417 -4.288746
v 11.921587 7.687981 -4.361214
v 11.909285 7.911827 -3.967153
v 12.183556 7.748891 -4.398009
v 12.127403 8.563853 -3.952298
v 11.702691 8.804439 -4.041077
v 11.659855 7.625940 -4.324561
v 11.953007 7.104098 -4.517842
v 11.867062 7.083943 -4.505876
v 11.197588 8.732341 -3.067245
v 12.259953 8.707456 -4.850028
v 12.330709 7.789218 -4.750735
v 11.495579 7.633270 -4.606296
v 11.913103 7.714563 -4.678414
v 11.941530 8.823448 -4.632543
v 12.121751 7.752735 -4.714242
v 12.137861 8.826288 -4.701249
v 11.756727 8.694049 -4.701977
v 11.704424 7.675406 -4.642371
v 11.950125 7.112849 -4.621856
v 11.881767 7.100088 -4.610075
v 11.655750 8.637832 -4.759505
v 12.690550 8.784060 -3.115154
v 10.941143 7.397323 -3.052325
v 13.082808 7.629289 -3.052440
v 13.057298 7.832067 -3.062158
v 10.931747 7.717176 -3.061887
v 10.908514 8.355644 -3.079632
v 13.000443 8.450222 -3.056435
v 13.129212 7.837070 -3.055360
v 10.859571 7.714209 -3.055110
v 10.836990 8.354099 -3.072748
v 13.084716 8.440852 -3.071702
v 13.994805 8.890720 -3.025279
v 10.014338 8.933462 -3.001398
v 10.514610 8.978284 -3.061054
v 13.444387 8.869641 -3.065488
v 14.019710 9.226359 -3.007750
v 9.947855 9.318496 -2.960006
v 10.438425 9.319668 -3.070157
v 13.393942 9.270183 -3.142097
v 13.975143 9.964545 -2.941821
v 9.920314 9.926188 -2.865633
v 10.417972 9.861428 -3.005361
v 13.344172 9.917830 -2.997426
v 13.984319 10.199677 -2.958732
v 9.860789 10.230694 -2.957965
v 10.553499 10.268021 -2.966917
v 13.292893 10.158371 -2.967789
v 13.980106 10.264786 -2.947773
v 9.857693 10.295589 -2.946597
v 10.549839 10.332809 -2.955821
v 13.288933 10.223503 -2.956842
v 14.035535 10.329547 -2.900306
v 9.786221 10.395526 -2.936968
v 10.547530 10.380533 -2.949015
v 13.285844 10.271295 -2.950641
v 13.996139 10.965087 -2.821124
v 9.822599 10.979194 -2.856182
v 10.514748 11.016414 -2.868609
v 13.246447 10.906835 -2.871459
v 13.930750 11.060993 -2.846202
v 9.816658 11.092186 -2.843786
v 10.508952 11.129296 -2.853197
v 13.239577 11.019711 -2.855459
v 13.927855 11.109751 -2.838106
v 9.814157 11.140916 -2.835648
v 10.506451 11.178025 -2.845059
v 13.236470 11.068415 -2.847465
v 13.920980 11.223460 -2.818241
v 9.808052 11.254634 -2.814323
v 10.500875 11.291781 -2.827023
v 13.270622 11.189878 -2.820673
v 13.614643 12.161440 -2.699971
v 10.009489 12.220982 -2.690215
v 10.204632 12.222357 -2.712328
v 13.420730 12.140306 -2.721932
v 9.908677 11.737958 -2.845830
v 10.352857 11.757235 -2.858503
v 13.366287 11.669122 -2.762856
v 13.767839 11.692599 -2.760452
v 13.676067 12.425355 -2.679451
v 9.916247 12.476199 -2.665874
v 10.296588 12.490869 -2.696392
v 13.296929 12.396695 -2.709729
v 12.011609 7.458663 -3.052504
v 12.546556 7.486979 -3.052398
v 11.476674 7.429143 -3.052593
v 11.828278 6.945165 -2.939889
v 11.714956 6.939017 -2.939875
v 11.244642 8.771458 -2.651092
v 11.395334 8.643621 -1.673877
v 11.249568 8.666494 -1.066304
v 12.584650 8.871746 -2.665998
v 12.604960 8.836548 -3.341012
v 12.462954 7.906498 -0.592435
v 12.418709 8.722829 -1.710465
v 10.931999 7.345795 -3.277610
v 13.096777 7.636131 -3.277475
v 13.072276 7.813999 -3.283277
v 13.011304 8.489835 -3.259747
v 13.144337 7.818752 -3.277048
v 13.100497 8.478979 -3.262195
v 14.002769 8.907166 -3.222733
v 13.408451 8.882289 -3.245999
v 14.026995 9.246424 -3.235227
v 13.354650 9.246335 -3.341367
v 13.983828 9.972354 -3.167158
v 13.303076 9.932734 -3.198177
v 14.004393 10.215819 -3.073857
v 13.242873 10.178311 -3.078359
v 14.000093 10.280892 -3.063088
v 13.238933 10.243434 -3.067523
v 14.084844 10.354157 -3.036580
v 13.235781 10.291207 -3.099809
v 14.045446 10.989697 -2.957394
v 13.196383 10.926747 -3.020622
v 13.950737 11.077100 -2.963872
v 13.189576 11.039643 -2.968399
v 13.947903 11.125875 -2.955728
v 13.186513 11.088356 -2.960387
v 13.941091 11.239594 -2.976966
v 13.199803 11.205920 -2.978177
v 13.619829 12.176961 -2.976358
v 13.406086 12.161678 -2.987292
v 9.894689 11.752753 -2.959115
v 13.313131 11.685882 -2.920034
v 13.686817 12.441118 -3.060893
v 13.269057 12.417560 -3.075946
v 12.014078 7.407919 -3.277530
v 12.554842 7.436349 -3.277060
v 12.262886 8.078585 -0.488430
v 11.589596 8.051092 -0.515650
v 11.473370 7.378284 -3.278100
v 11.828794 6.934470 -2.987625
v 11.714266 6.928295 -2.987618
v 11.410252 7.969666 -0.547672
v 12.665713 8.677018 -0.996286
v 11.125912 7.911402 -0.776003
v 12.764309 8.004154 -0.607003
v 10.956699 9.107940 -0.410145
v 13.074693 9.180601 -0.220708
v 10.469742 8.469255 -0.103856
v 13.314663 8.955250 -0.007532
v 11.006027 8.049079 -0.095573
v 13.222511 8.368411 -0.079307
v 13.240026 9.128687 -0.192324
v 10.492664 9.052004 0.028959
v 12.269778 7.116938 -0.225098
v 11.684465 7.070511 -0.219833
v 12.272892 7.032714 -0.182992
v 11.687580 6.986287 -0.164491
v 12.232994 6.440417 0.095030
v 11.768884 6.403604 0.099204
v 12.236319 6.350493 0.139986
v 11.772208 6.313680 0.144161
v 12.231777 5.714550 0.465714
v 11.822683 5.682100 0.469394
v 12.234222 5.648414 0.498778
v 11.825128 5.615965 0.502457
v 12.198594 5.295874 0.763356
v 11.884943 5.270996 0.766177
v 12.201381 5.220480 0.801048
v 11.887730 5.195601 0.803869
v 12.162241 4.751083 1.019179
v 11.959393 4.734993 1.021004
v 12.164307 4.695194 1.047120
v 11.961458 4.679105 1.048945
v 12.075575 4.105423 1.321303
v 12.133660 4.292947 1.234894
v 12.020090 4.283938 1.235916
v 11.607001 7.580231 -0.339543
v 12.280291 7.607724 -0.312323
v 12.252943 6.736566 -0.043981
v 11.728231 6.694945 -0.026025
v 12.234048 6.032521 0.354138
v 11.797445 5.997890 0.358065
v 12.216408 5.472144 0.682354
v 11.855035 5.443480 0.685605
v 12.181810 4.985781 0.910114
v 11.923561 4.965298 0.912437
v 12.148983 4.494071 1.141007
v 11.990774 4.481522 1.142431
v 11.245562 8.769018 -3.278376
v 10.918281 7.698046 -3.283098
v 10.885649 8.399989 -3.291948
v 10.846047 7.694856 -3.276880
v 10.814165 8.398527 -3.285650
v 10.013039 8.951796 -3.187296
v 10.542520 8.992466 -3.222333
v 9.965479 9.304402 -3.127699
v 10.459820 9.309137 -3.209208
v 9.923193 9.897441 -3.053888
v 10.434944 9.863766 -3.139361
v 9.839551 10.245063 -3.073225
v 10.601196 10.293647 -3.077646
v 9.836506 10.309868 -3.061926
v 10.597471 10.358386 -3.066518
v 9.765034 10.409803 -3.092360
v 10.595163 10.406110 -3.098167
v 9.801414 10.993471 -3.011568
v 10.562379 11.041990 -3.017756
v 9.795472 11.106464 -2.961470
v 10.556584 11.154873 -2.966156
v 9.792971 11.155193 -2.953325
v 10.554083 11.203602 -2.958011
v 9.786850 11.268909 -2.973230
v 10.548546 11.317361 -2.979553
v 10.002725 12.236295 -2.966829
v 10.216874 12.245390 -2.977838
v 10.382827 11.781543 -2.965424
v 13.780516 11.708432 -2.918837
v 9.904083 12.491143 -3.047496
v 10.322037 12.514887 -3.062668
v 11.340590 8.844812 -3.073353
v 11.149614 8.695663 -2.856115
v 12.413471 8.976722 -3.117714
v 10.945213 7.736307 -2.840676
v 10.931379 8.311299 -2.867316
v 10.873096 7.733562 -2.833339
v 10.859816 8.309671 -2.859847
v 10.015638 8.915128 -2.815499
v 10.486701 8.964102 -2.899776
v 9.930231 9.332588 -2.792314
v 10.417030 9.330198 -2.931106
v 9.917435 9.954935 -2.677379
v 10.400998 9.859093 -2.871361
v 9.882028 10.216325 -2.842706
v 10.505801 10.242393 -2.856186
v 9.878880 10.281311 -2.831268
v 10.502208 10.307234 -2.845122
v 9.807407 10.381248 -2.781577
v 10.499898 10.354957 -2.799864
v 9.843787 10.964916 -2.700796
v 10.467115 10.990837 -2.719462
v 9.837846 11.077909 -2.726101
v 10.461320 11.103719 -2.740238
v 9.835343 11.126637 -2.717971
v 10.458818 11.152449 -2.732107
v 9.829254 11.240357 -2.655417
v 10.453206 11.266202 -2.674494
v 10.016254 12.205667 -2.413602
v 10.192389 12.199324 -2.446818
v 10.322887 11.732927 -2.751583
v 13.755166 11.676768 -2.602067
v 9.928413 12.461255 -2.284253
v 10.271139 12.466850 -2.330115
v 11.864654 9.115892 -3.102783
v 12.120843 9.009646 -3.106883
v 11.608366 8.981171 -3.098741
v 12.776138 8.731573 -2.889296
v 10.950287 7.448850 -2.827039
v 13.068838 7.622447 -2.827405
v 13.042319 7.850135 -2.841039
v 12.989583 8.410610 -2.853122
v 13.114088 7.855388 -2.833671
v 13.068934 8.402725 -2.881209
v 13.986843 8.874275 -2.827826
v 13.480326 8.856994 -2.884977
v 14.012423 9.206295 -2.780272
v 13.433235 9.294030 -2.942826
v 13.966461 9.956738 -2.716485
v 13.385271 9.902926 -2.796674
v 13.964246 10.183536 -2.843606
v 13.342915 10.138429 -2.857220
v 13.960120 10.248679 -2.832458
v 13.338934 10.203572 -2.846162
v 13.986227 10.304937 -2.764031
v 13.335909 10.251382 -2.801473
v 13.946832 10.940477 -2.684855
v 13.296512 10.886922 -2.722297
v 13.910763 11.044888 -2.728533
v 13.289578 10.999782 -2.742518
v 13.907806 11.093625 -2.720484
v 13.286427 11.048476 -2.734542
v 13.900872 11.207327 -2.659517
v 13.341439 11.173836 -2.663169
v 13.609457 12.145918 -2.423584
v 13.435373 12.118932 -2.456573
v 9.922667 11.723164 -2.732546
v 13.419442 11.652363 -2.605679
v 13.665319 12.409591 -2.298009
v 13.324800 12.375830 -2.343513
v 12.009140 7.509408 -2.827478
v 12.538271 7.537610 -2.827736
v 11.479979 7.480001 -2.827086
v 11.827761 6.955860 -2.892153
v 11.715647 6.949739 -2.892131
v 12.594805 8.854147 -3.003505
v 11.245102 8.770238 -2.964734
v 11.316143 8.827694 -2.654146
v 11.382507 8.728414 -1.076754
v 12.562166 8.862792 -3.453942
v 12.371150 7.989145 -0.516439
v 12.420958 8.745314 -1.702643
v 10.927427 7.320031 -3.390253
v 13.103762 7.639553 -3.389992
v 13.079765 7.804965 -3.393836
v 13.016734 8.509642 -3.361403
v 13.151899 7.809593 -3.387892
v 13.108388 8.498043 -3.357441
v 14.006751 8.915389 -3.321459
v 13.390482 8.888614 -3.336255
v 14.030638 9.256455 -3.348966
v 13.335001 9.234411 -3.441002
v 13.988170 9.976257 -3.279826
v 13.282527 9.940183 -3.298553
v 14.014428 10.223890 -3.131420
v 13.217864 10.188284 -3.133644
v 14.010085 10.288945 -3.120746
v 13.213932 10.253400 -3.122862
v 14.109497 10.366464 -3.104717
v 13.210750 10.301164 -3.174393
v 14.070100 11.002002 -3.025528
v 13.171352 10.936706 -3.095204
v 13.960729 11.085153 -3.022707
v 13.164577 11.049608 -3.024869
v 13.957928 11.133937 -3.014539
v 13.161533 11.098325 -3.016849
v 13.951143 11.247661 -3.056328
v 13.164394 11.213943 -3.056928
v 13.622423 12.184721 -3.114552
v 13.398764 12.172365 -3.119972
v 9.887694 11.760151 -3.015757
v 13.286552 11.694263 -2.998623
v 13.692192 12.449000 -3.251614
v 13.255122 12.427994 -3.259054
v 12.015312 7.382547 -3.390042
v 12.558985 7.411035 -3.389391
v 12.205826 8.188801 -0.318205
v 11.602250 8.180506 -0.327314
v 11.471718 7.352855 -3.390854
v 11.829052 6.929122 -3.011493
v 11.713921 6.922934 -3.011490
v 11.032069 9.152945 -0.349868
v 12.226677 7.237117 -0.069724
v 11.667090 7.219355 -0.062591
v 12.229791 7.152893 -0.027618
v 11.670204 7.135131 -0.013867
v 12.198818 6.535710 0.205952
v 11.755106 6.521626 0.211608
v 12.202143 6.445786 0.250908
v 11.758430 6.431703 0.256564
v 12.201653 5.798547 0.564464
v 11.810539 5.786132 0.569450
v 12.204098 5.732411 0.597527
v 11.812984 5.719996 0.602513
v 12.175497 5.360274 0.878389
v 11.875632 5.350757 0.882211
v 12.178284 5.284880 0.916081
v 11.878419 5.275362 0.919903
v 12.147304 4.792733 1.093575
v 11.953371 4.786577 1.096048
v 12.149369 4.736844 1.121516
v 11.955437 4.730689 1.123988
v 12.070682 4.043134 1.407034
v 12.125298 4.316266 1.276547
v 12.016718 4.312819 1.277931
v 11.619656 7.709645 -0.180853
v 11.712655 6.828378 0.102180
v 11.784485 6.108917 0.489939
v 11.844307 5.535377 0.819294
v 11.915895 5.030970 1.007975
v 11.986077 4.521754 1.200960
v 11.462118 8.676353 -1.641277
v 12.446112 8.968077 -2.667278
v 11.394775 8.015772 -0.444315
v 12.557557 8.752970 -0.962970
v 11.167744 7.890365 -0.704653
v 12.659742 8.018950 -0.571641
v 13.044754 9.294313 -0.012329
v 10.445271 8.455505 0.138219
v 13.361305 9.023960 0.251268
v 11.017847 8.082918 0.047054
v 13.202940 8.315237 0.040341
v 13.270164 9.218250 0.027230
v 10.480513 9.165388 0.301752
v 12.223230 7.717940 -0.171744
v 12.214304 6.844302 0.089167
v 12.201897 6.122167 0.484618
v 12.189797 5.546343 0.814890
v 12.162794 5.038806 1.004828
v 12.137333 4.526555 1.199031
v 11.269548 8.787357 -3.383941
v 10.911547 7.688481 -3.393703
v 10.874216 8.422161 -3.398107
v 10.839285 7.685179 -3.387765
v 10.802752 8.420741 -3.392101
v 10.012388 8.960961 -3.280245
v 10.556474 8.999557 -3.302973
v 9.974292 9.297356 -3.211545
v 10.470517 9.303871 -3.278733
v 9.924632 9.883067 -3.148015
v 10.443431 9.864934 -3.206361
v 9.828933 10.252249 -3.130854
v 10.625046 10.306460 -3.133011
v 9.825913 10.317007 -3.119590
v 10.621287 10.371174 -3.121867
v 9.754440 10.416943 -3.170055
v 10.618979 10.418898 -3.172742
v 9.790820 11.000610 -3.089262
v 10.586195 11.054778 -3.092329
v 9.784878 11.113603 -3.020312
v 10.580400 11.167661 -3.022635
v 9.782377 11.162333 -3.012164
v 10.577899 11.216391 -3.014486
v 9.776249 11.276048 -3.052683
v 10.572381 11.330151 -3.055817
v 9.999343 12.243952 -3.105135
v 10.222995 12.256907 -3.110593
v 10.397812 11.793696 -3.018885
v 13.786853 11.716348 -2.998030
v 9.898001 12.498615 -3.238307
v 10.334763 12.526896 -3.245806
v 11.292847 8.807526 -3.019043
v 12.504138 8.915434 -3.060610
v 11.328550 8.610889 -1.706476
v 12.723188 8.775415 -2.664718
v 11.425729 7.923560 -0.651028
v 12.773870 8.601067 -1.029602
v 11.084080 7.932440 -0.847352
v 12.868875 7.989358 -0.642365
v 13.104631 9.066888 -0.429086
v 10.494213 8.483006 -0.345931
v 13.268022 8.886540 -0.266332
v 10.994207 8.015240 -0.238199
v 13.242083 8.421585 -0.198955
v 13.209888 9.039124 -0.411877
v 10.504816 8.938620 -0.243833
v 12.337351 7.497508 -0.452903
v 12.291582 6.628829 -0.177129
v 12.266199 5.942876 0.223657
v 12.243019 5.397945 0.549819
v 12.200828 4.932756 0.815399
v 12.160633 4.461586 1.082983
v 11.221575 8.750679 -3.172811
v 10.925014 7.707611 -3.172493
v 10.897081 8.377817 -3.185790
v 10.852810 7.704533 -3.165995
v 10.825578 8.376313 -3.179199
v 10.013688 8.942629 -3.094347
v 10.528565 8.985375 -3.141694
v 9.956668 9.311450 -3.043852
v 10.449122 9.314402 -3.139682
v 9.921753 9.911815 -2.959761
v 10.426457 9.862597 -3.072361
v 9.850170 10.237879 -3.015595
v 10.577348 10.280834 -3.022281
v 9.847099 10.302728 -3.004261
v 10.573655 10.345597 -3.011169
v 9.775627 10.402664 -3.014664
v 10.571346 10.393321 -3.023591
v 9.812007 10.986333 -2.933875
v 10.538563 11.029202 -2.943182
v 9.806066 11.099325 -2.902628
v 10.532768 11.142085 -2.909676
v 9.803564 11.148054 -2.894487
v 10.530267 11.190814 -2.901535
v 9.797451 11.261771 -2.893776
v 10.524712 11.304571 -2.903288
v 10.006107 12.228639 -2.828522
v 10.210753 12.233873 -2.845083
v 10.367841 11.769388 -2.911964
v 13.774178 11.700517 -2.839644
v 9.910166 12.483670 -2.856685
v 10.309313 12.502877 -2.879529
v 11.173141 8.715221 -2.648038
v 11.116629 8.604575 -1.055855
v 12.647755 8.810305 -3.228083
v 12.554758 7.823851 -0.668432
v 12.416460 8.700344 -1.718286
v 10.936571 7.371559 -3.164968
v 13.089792 7.632710 -3.164958
v 13.064787 7.823033 -3.172717
v 13.005874 8.470028 -3.158091
v 13.136774 7.827911 -3.166204
v 13.092607 8.459915 -3.166948
v 13.998787 8.898942 -3.124006
v 13.426418 8.875966 -3.155744
v 14.023351 9.236390 -3.121488
v 13.374295 9.258259 -3.241732
v 13.979485 9.968449 -3.054489
v 13.323624 9.925282 -3.097802
v 13.994355 10.207748 -3.016294
v 13.267883 10.168342 -3.023074
v 13.990099 10.272839 -3.005431
v 13.263932 10.233469 -3.012183
v 14.060189 10.341853 -2.968443
v 13.260812 10.281252 -3.025225
v 14.020792 10.977393 -2.889259
v 13.221416 10.916791 -2.946041
v 13.940742 11.069047 -2.905037
v 13.214577 11.029677 -2.911929
v 13.937879 11.117814 -2.896917
v 13.211492 11.078385 -2.903926
v 13.931035 11.231526 -2.897604
v 13.235213 11.197900 -2.899425
v 13.617236 12.169200 -2.838164
v 13.413408 12.150992 -2.854612
v 9.901684 11.745356 -2.902473
v 13.339710 11.677503 -2.841445
v 13.681443 12.433236 -2.870172
v 13.282993 12.407128 -2.892838
v 12.012844 7.433291 -3.165017
v 12.550699 7.461664 -3.164729
v 12.319946 7.968369 -0.658656
v 11.576941 7.921678 -0.703986
v 11.475021 7.403714 -3.165347
v 11.828536 6.939817 -2.963757
v 11.714611 6.933656 -2.963746
v 10.881330 9.062935 -0.470422
v 12.312880 6.996759 -0.380472
v 11.701841 6.921668 -0.377075
v 12.315993 6.912535 -0.338366
v 11.704955 6.837443 -0.315115
v 12.267170 6.345124 -0.015893
v 11.782661 6.285582 -0.013199
v 12.270494 6.255200 0.029063
v 11.785986 6.195658 0.031757
v 12.261902 5.630552 0.366964
v 11.834827 5.578069 0.369339
v 12.264347 5.564417 0.400028
v 11.837272 5.511933 0.402402
v 12.221691 5.231474 0.648322
v 11.894254 5.191236 0.650143
v 12.224478 5.156080 0.686015
v 11.897040 5.115841 0.687835
v 12.177178 4.709433 0.944784
v 11.965414 4.683409 0.945961
v 12.179244 4.653544 0.972724
v 11.967480 4.627521 0.973902
v 12.080467 4.167712 1.235571
v 12.142023 4.269628 1.193241
v 12.023461 4.255058 1.193901
v 11.594347 7.450816 -0.498233
v 11.743808 6.561512 -0.154231
v 11.810406 5.886864 0.226191
v 11.865763 5.351584 0.551916
v 11.931227 4.899625 0.816898
v 11.995470 4.441289 1.083902
v 12.685472 8.792860 -2.946401
v 11.197358 8.732950 -2.910425
v 11.317063 8.825254 -3.281430
v 11.885761 9.100719 -3.315012
v 12.167492 8.937349 -3.326708
v 11.603983 8.902269 -3.303344
v 12.733344 8.757816 -3.002225
v 10.945715 7.423086 -2.939682
v 13.075823 7.625868 -2.939922
v 13.049809 7.841101 -2.951599
v 12.995013 8.430416 -2.954778
v 13.121651 7.846229 -2.944515
v 13.076825 8.421789 -2.976456
v 13.990824 8.882498 -2.926552
v 13.462357 8.863317 -2.975233
v 14.016067 9.216327 -2.894011
v 13.413589 9.282105 -3.042461
v 13.970801 9.960641 -2.829153
v 13.364722 9.910378 -2.897050
v 13.974282 10.191607 -2.901169
v 13.317904 10.148398 -2.912505
v 13.970113 10.256731 -2.890115
v 13.313934 10.213538 -2.901503
v 14.010880 10.317243 -2.832169
v 13.310877 10.261338 -2.876057
v 13.971485 10.952783 -2.752990
v 13.271480 10.896878 -2.796878
v 13.920755 11.052940 -2.787368
v 13.264578 11.009746 -2.798989
v 13.917830 11.101687 -2.779295
v 13.261448 11.058446 -2.791004
v 13.910927 11.215393 -2.738879
v 13.306030 11.181858 -2.741921
v 13.612051 12.153679 -2.561777
v 13.428052 12.129618 -2.589252
v 9.915672 11.730561 -2.789188
v 13.392864 11.660743 -2.684268
v 13.670693 12.417472 -2.488730
v 13.310864 12.386262 -2.526621
v 12.010374 7.484035 -2.939991
v 12.542414 7.512295 -2.940067
v 11.478327 7.454572 -2.939840
v 11.828019 6.950513 -2.916021
v 11.715302 6.944378 -2.916003
v 11.173601 8.714003 -2.961680
v 12.466421 8.932878 -3.342293
v 10.938480 7.726742 -2.951282
v 10.919947 8.333471 -2.973474
v 10.866334 7.723886 -2.944224
v 10.848403 8.331885 -2.966298
v 10.014988 8.924295 -2.908449
v 10.500655 8.971192 -2.980415
v 9.939043 9.325542 -2.876160
v 10.427728 9.324934 -3.000631
v 9.918875 9.940561 -2.771506
v 10.409485 9.860260 -2.938361
v 9.871409 10.223510 -2.900336
v 10.529650 10.255207 -2.911551
v 9.868287 10.288450 -2.888932
v 10.526023 10.320022 -2.900471
v 9.796815 10.388387 -2.859273
v 10.523715 10.367745 -2.874440
v 9.833194 10.972054 -2.778489
v 10.490931 11.003625 -2.794035
v 9.827251 11.085048 -2.784944
v 10.485137 11.116508 -2.796717
v 9.824751 11.133777 -2.776810
v 10.482635 11.165237 -2.788583
v 9.818653 11.247496 -2.734870
v 10.477041 11.278992 -2.750759
v 10.012872 12.213324 -2.551908
v 10.198510 12.210840 -2.579573
v 10.337872 11.745082 -2.805043
v 13.761502 11.684684 -2.681259
v 9.922331 12.468727 -2.475064
v 10.283863 12.478860 -2.513253
v 12.599882 8.845347 -3.172259
v 11.245332 8.769629 -3.121555
v 11.281198 8.797441 -3.201492
v 12.533152 8.889112 -3.257276
v 12.666613 8.801582 -3.087242
v 11.209467 8.741815 -3.041617
v 11.125628 8.677324 -2.750550
v 12.360521 9.020565 -2.893136
v 10.951946 7.745872 -2.730071
v 10.942812 8.289127 -2.761158
v 10.879858 7.743239 -2.722454
v 10.871228 8.287458 -2.753396
v 10.016289 8.905961 -2.722550
v 10.472746 8.957009 -2.819136
v 9.921419 9.339636 -2.708468
v 10.406333 9.335464 -2.861581
v 9.915996 9.969310 -2.583251
v 10.392511 9.857924 -2.804361
v 9.892647 10.209140 -2.785076
v 10.481954 10.229581 -2.800821
v 9.889473 10.274172 -2.773603
v 10.478391 10.294445 -2.789773
v 9.818001 10.374108 -2.703881
v 10.476083 10.342168 -2.725288
v 9.854380 10.957777 -2.623103
v 10.443299 10.978049 -2.644889
v 9.848438 11.070770 -2.667259
v 10.437505 11.090931 -2.683759
v 9.845937 11.119499 -2.659132
v 10.435001 11.139661 -2.675631
v 9.839854 11.233219 -2.575963
v 10.429371 11.253411 -2.598229
v 10.019637 12.198010 -2.275295
v 10.186267 12.187808 -2.314063
v 10.307903 11.720773 -2.698122
v 13.748826 11.668854 -2.522874
v 9.934496 12.453782 -2.093442
v 10.258414 12.454842 -2.146977
v 12.589727 8.862947 -2.834752
v 11.244872 8.770847 -2.807913
v 11.364118 8.864370 -2.865276
v 11.843546 9.131065 -2.890554
v 12.074194 9.081944 -2.887058
v 11.612749 9.060072 -2.894137
v 12.818933 8.705329 -2.776367
v 10.954859 7.474614 -2.714397
v 13.061853 7.619026 -2.714887
v 13.034830 7.859169 -2.730480
v 12.984153 8.390804 -2.751466
v 13.106525 7.864547 -2.722827
v 13.061044 8.383661 -2.785963
v 13.982861 8.866054 -2.729099
v 13.498294 8.850669 -2.794721
v 14.008780 9.196262 -2.666533
v 13.452881 9.305953 -2.843191
v 13.962117 9.952834 -2.603817
v 13.405819 9.895474 -2.696299
v 13.954209 10.175465 -2.786043
v 13.367925 10.128458 -2.801935
v 13.950126 10.240626 -2.774800
v 13.363935 10.193607 -2.790823
v 13.961574 10.292632 -2.695894
v 13.360940 10.241425 -2.726890
v 13.922177 10.928172 -2.616720
v 13.321545 10.876966 -2.647715
v 13.900770 11.036833 -2.669698
v 13.314579 10.989817 -2.686048
v 13.897781 11.085563 -2.661674
v 13.311405 11.038507 -2.678081
v 13.890819 11.199259 -2.580154
v 13.376847 11.165814 -2.584417
v 13.606863 12.138158 -2.285390
v 13.442697 12.108246 -2.323893
v 9.929661 11.715766 -2.675904
v 13.446019 11.643985 -2.527090
v 13.659945 12.401710 -2.107288
v 13.338735 12.365396 -2.160404
v 12.007906 7.534780 -2.714966
v 12.534128 7.562924 -2.715405
v 11.481630 7.505431 -2.714333
v 11.827503 6.961208 -2.868285
v 11.715992 6.955101 -2.868259
v 12.475124 8.941755 -2.863944
v 11.304495 8.817610 -2.836595
v 11.185249 8.724086 -2.779232
v 12.704330 8.784138 -2.805559
v 13.630797 12.754809 -3.152206
v 13.635202 12.761271 -3.308540
v 13.272534 12.737590 -3.158305
v 13.261111 12.746141 -3.308399
v 13.613176 12.728966 -2.526873
v 13.617581 12.735427 -2.683206
v 13.318225 12.703382 -2.557932
v 13.306802 12.711935 -2.708025
v 13.621986 12.741888 -2.839540
v 13.626391 12.748349 -2.995873
v 13.295380 12.720486 -2.858119
v 13.283957 12.729037 -3.008212
v 13.604364 12.716044 -2.214206
v 13.608771 12.722506 -2.370539
v 13.341070 12.686280 -2.257745
v 13.329648 12.694832 -2.407838
v 13.585804 13.325027 -2.943509
v 13.590170 13.328416 -3.026176
v 13.227674 13.318105 -2.946734
v 13.216201 13.322698 -3.026102
v 13.568342 13.311465 -2.612840
v 13.572707 13.314856 -2.695507
v 13.273570 13.299735 -2.629264
v 13.262096 13.304328 -2.708631
v 13.577073 13.318246 -2.778174
v 13.581439 13.321636 -2.860842
v 13.250621 13.308921 -2.787999
v 13.239148 13.313512 -2.867367
v 13.559610 13.304687 -2.447505
v 13.563977 13.308075 -2.530173
v 13.296518 13.290551 -2.470529
v 13.285046 13.295144 -2.549896
v 9.916338 12.886536 -3.292173
v 10.290319 12.913476 -3.292031
v 9.936310 12.862000 -2.665619
v 10.248535 12.874043 -2.690670
v 9.926324 12.874269 -2.978896
v 10.269428 12.893760 -2.991351
v 9.946297 12.849732 -2.352342
v 10.227644 12.854326 -2.389990
v 9.921330 12.880403 -3.135535
v 10.279874 12.903619 -3.141691
v 9.931316 12.868134 -2.822258
v 10.258982 12.883901 -2.841011
v 9.941303 12.855866 -2.508980
v 10.238091 12.864184 -2.540330
v 9.951289 12.843598 -2.195703
v 10.217198 12.844468 -2.239650
v 9.960277 13.326468 -3.086059
v 10.206719 13.344222 -3.085965
v 9.973439 13.310300 -2.673181
v 10.179185 13.318236 -2.689689
v 9.966859 13.318385 -2.879620
v 10.192952 13.331229 -2.887827
v 9.980020 13.302217 -2.466741
v 10.165419 13.305243 -2.491550
v 9.963569 13.322427 -2.982840
v 10.199837 13.337726 -2.986896
v 9.970148 13.314342 -2.776400
v 10.186069 13.324733 -2.788758
v 9.976728 13.306258 -2.569961
v 10.172302 13.311740 -2.590620
v 9.983310 13.298174 -2.363522
v 10.158535 13.298747 -2.392481
vn 0.8597 -0.1653 -0.4832
vn -0.6183 0.7860 -0.0040
vn -0.4105 0.9002 -0.1457
vn 0.5709 0.8206 -0.0256
vn 0.6121 0.7558 -0.2327
vn 0.6377 0.7159 0.2843
vn -0.0467 0.9638 -0.2624
vn 0.7705 -0.6024 -0.2085
vn -0.8527 0.3724 -0.3663
vn 0.0355 0.9991 -0.0211
vn -0.5590 0.8101 0.1767
vn -0.4646 -0.8851 0.0266
vn 0.0568 -0.9739 0.2196
vn -0.5360 0.7986 0.2739
vn -0.0390 -0.9806 0.1919
vn -0.9270 0.3144 0.2044
vn -0.9987 -0.0037 0.0512
vn 0.9916 0.1139 0.0615
vn 0.8719 -0.1949 0.4493
vn 0.9766 -0.0195 0.2144
vn -0.9855 -0.0274 0.1672
vn -0.8676 -0.4675 -0.1693
vn 0.9758 -0.0471 -0.2137
vn -0.6186 -0.7651 0.1787
vn -0.9868 0.0329 0.1585
vn 0.9704 0.0696 0.2311
vn -0.0787 -0.0042 -0.9969
vn 0.0989 0.0672 -0.9928
vn 0.9776 -0.0132 -0.2100
vn 0.4998 0.8528 -0.1514
vn 0.1088 -0.9416 -0.3188
vn -0.9209 0.3892 0.0199
vn 0.9102 0.4082 -0.0709
vn 0.7072 0.6758 0.2077
vn -0.9608 0.2116 0.1791
vn -0.8695 0.3089 -0.3855
vn -0.7167 0.6847 0.1326
vn 0.0069 0.0645 -0.9979
vn 0.0561 -0.9948 0.0856
vn 0.1869 0.9613 0.2024
vn 0.1081 0.0696 0.9917
vn 0.2192 0.1266 0.9674
vn 0.0446 -0.9955 0.0838
vn -0.0024 0.9788 0.2046
vn 0.9974 -0.0661 0.0301
vn 0.9514 0.2636 0.1594
vn -0.7992 -0.6003 0.0306
vn -0.1170 0.0626 -0.9912
vn 0.1291 0.1501 0.9802
vn 0.9277 0.3668 0.0701
vn 0.7918 -0.6091 0.0463
vn -0.1469 0.1562 0.9767
vn 0.9899 0.0314 0.1382
vn 0.3782 -0.1476 0.9139
vn -0.2626 -0.0520 0.9635
vn 0.0723 -0.2235 -0.9720
vn -0.9777 -0.0754 0.1959
vn -0.9746 -0.2187 -0.0476
vn -0.0661 0.1691 -0.9834
vn 0.2793 0.1108 0.9538
vn -0.9980 -0.0167 0.0612
vn -0.9595 0.0082 0.2817
vn -0.2742 -0.1679 0.9469
vn 0.0496 0.1487 -0.9876
vn -0.9717 -0.1284 0.1982
vn -0.9982 0.0093 -0.0586
vn -0.0820 0.1047 -0.9911
vn -0.0296 0.1651 -0.9858
vn 0.2714 0.3522 0.8957
vn 0.8920 -0.4108 0.1887
vn 0.9837 -0.1650 0.0715
vn -0.1505 0.6374 0.7557
vn -0.0237 0.6343 -0.7728
vn 0.9196 -0.0140 0.3926
vn 0.0369 -0.1689 0.9849
vn -0.7891 -0.6114 0.0590
vn -0.8535 -0.4521 0.2593
vn 0.9836 0.0372 0.1762
vn -0.0174 -0.1712 0.9851
vn -0.0067 0.1611 -0.9869
vn -0.9124 -0.1227 0.3904
vn -0.9822 -0.0783 0.1710
vn -0.0122 0.1699 -0.9854
vn 0.0703 0.1276 -0.9893
vn -0.0330 -0.1256 0.9915
vn 0.0268 -0.6823 -0.7306
vn 0.0089 -0.7596 0.6504
vn 0.7628 0.5215 0.3823
vn 0.5955 -0.8027 0.0341
vn 0.0585 -0.8724 0.4853
vn 0.0651 -0.4927 -0.8678
vn 0.9367 -0.1667 0.3079
vn 0.0225 0.4699 0.8825
vn -0.9474 -0.0967 0.3051
vn -0.9894 0.0425 0.1388
vn -0.0048 0.1311 -0.9914
vn 0.0390 -0.1310 0.9906
vn 0.9520 0.0104 0.3058
vn 0.9393 0.0155 0.3427
vn -0.9154 -0.1226 0.3835
vn -0.0068 0.1637 -0.9865
vn 0.5598 0.7806 0.2779
vn -0.0756 0.4605 0.8844
vn 0.0109 0.4701 -0.8825
vn -0.9248 0.0973 0.3678
vn -0.9876 0.0218 0.1555
vn -0.0440 0.6117 -0.7899
vn 0.0373 -0.6733 0.7385
vn 0.9789 0.1303 0.1575
vn -0.9828 -0.0784 0.1674
vn -0.0118 0.1644 -0.9863
vn 0.0378 -0.1624 0.9860
vn 0.9227 -0.0171 0.3852
vn 0.9848 0.0275 0.1714
vn -0.0191 -0.1628 0.9865
vn 0.9062 0.3943 0.1528
vn 0.0772 -0.7024 0.7076
vn 0.0194 -0.4798 -0.8771
vn -0.8951 0.1501 0.4198
vn -0.9778 -0.1617 0.1332
vn 0.0340 -0.4718 -0.8811
vn 0.0472 -0.6600 0.7498
vn 0.9070 0.2086 0.3658
vn 0.0234 -0.5868 -0.8094
vn -0.0711 -0.6513 0.7555
vn 0.9340 0.3516 0.0637
vn -0.0281 -0.5144 0.8571
vn 0.0139 -0.3465 -0.9380
vn -0.9837 -0.1014 0.1487
vn -0.9903 0.1241 0.0623
vn 0.0245 -0.3382 -0.9408
vn -0.0089 0.1245 -0.9922
vn -0.9665 0.2103 0.1474
vn 0.0499 0.2511 0.9667
vn 0.8925 0.3108 0.3268
vn -0.9245 0.0806 0.3726
vn -0.0050 0.1221 -0.9925
vn -0.0035 -0.1200 0.9928
vn 0.9396 0.3170 0.1291
vn 0.9975 0.0586 0.0388
vn 0.0134 0.9985 0.0523
vn 0.0794 0.0029 -0.9968
vn -0.9214 -0.3870 0.0361
vn -0.9472 -0.3204 0.0125
vn 0.0419 -0.5777 -0.8152
vn 0.1469 -0.6443 0.7505
vn 0.9254 -0.3780 0.0271
vn 0.9673 -0.2534 0.0114
vn 0.8179 0.1237 0.5619
vn -0.7783 0.2536 -0.5744
vn 0.5776 0.7074 -0.4075
vn 0.7457 0.4221 -0.5155
vn 0.9696 0.0147 -0.2443
vn 0.9455 0.0338 -0.3237
vn 0.1544 -0.9763 -0.1518
vn -0.9453 0.1104 -0.3069
vn -0.4872 -0.0179 -0.8731
vn 0.2972 -0.8431 0.4482
vn -0.9545 0.0474 -0.2944
vn 0.3409 0.9243 -0.1716
vn 0.2349 0.0666 -0.9697
vn 0.0360 0.0007 -0.9993
vn -0.2552 0.9611 -0.1056
vn 0.2766 -0.8738 0.4000
vn -0.4881 -0.0864 -0.8685
vn 0.1524 -0.9862 -0.0643
vn -0.1782 0.9396 -0.2921
vn -0.4885 0.5742 0.6571
vn -0.1065 -0.0849 -0.9907
vn -0.9479 -0.3129 0.0599
vn -0.0222 0.9315 0.3632
vn 0.0524 -0.9739 0.2208
vn 0.1863 -0.3579 0.9150
vn -0.3812 0.9157 0.1269
vn -0.6103 0.7671 -0.1976
vn -0.2935 0.5789 0.7608
vn 0.1868 0.8219 -0.5382
vn -0.2338 0.9723 -0.0045
vn 0.0785 -0.9918 0.1005
vn 0.2100 0.9349 0.2861
vn -0.0174 -0.9836 0.1798
vn 0.4217 -0.6730 -0.6076
vn 0.1524 -0.9881 -0.0198
vn -0.4956 -0.1238 -0.8597
vn 0.2675 -0.8875 0.3752
vn 0.1317 0.9810 -0.1424
vn -0.1102 0.9904 -0.0834
vn 0.1348 0.6479 0.7497
vn 0.1593 -0.9865 0.0387
vn 0.5409 0.8368 -0.0846
vn -0.1683 0.9613 -0.2180
vn -0.2131 -0.9554 0.2043
vn -0.6211 0.3912 0.6791
vn -0.6421 0.5431 -0.5411
vn -0.1996 0.9787 -0.0481
vn 0.2811 -0.8607 0.4244
vn -0.4923 -0.0511 -0.8689
vn -0.1468 -0.2640 -0.9533
vn 0.0963 -0.9150 -0.3919
vn 0.1373 -0.9754 0.1727
vn -0.0056 0.9381 0.3462
vn 0.0227 -0.3835 0.9233
vn 0.3153 0.9297 0.1902
vn 0.1976 0.6859 0.7003
vn 0.1477 -0.9830 -0.1091
vn -0.9375 -0.2990 -0.1782
vn 0.2153 -0.3981 0.8917
vn 0.9980 0.0596 -0.0219
vn 0.0891 -0.8908 -0.4455
vn 0.0427 -0.8299 0.5562
vn -0.9201 -0.3877 -0.0567
vn 0.9032 -0.0054 -0.4293
vn 0.0535 -0.9744 0.2185
vn -0.9036 -0.4149 0.1067
vn 0.0413 -0.7409 -0.6704
vn 0.9442 -0.3189 0.0822
vn 0.0543 -0.9742 0.2193
vn 0.0332 -0.6307 -0.7753
vn 0.9760 -0.2026 0.0795
vn 0.0130 -0.2392 0.9709
vn 0.0870 -0.8532 0.5142
vn 0.9616 0.0813 0.2621
vn -0.1884 -0.3508 -0.9173
vn 0.5450 0.3784 -0.7482
vn 0.7372 -0.5108 0.4423
vn -0.4633 -0.7611 0.4540
vn -0.7348 0.1051 -0.6701
vn -0.5072 0.4895 -0.7093
vn -0.1925 -0.9668 0.1678
vn -0.4715 -0.8098 0.3492
vn -0.9462 0.1380 0.2928
vn 0.2074 -0.5252 0.8253
vn 0.0587 -0.9969 0.0521
vn 0.0666 -0.4332 -0.8989
vn -0.9282 -0.3499 0.1262
vn 0.9859 -0.1669 0.0090
vn -0.0843 -0.6169 0.7825
vn -0.1560 0.9605 0.2306
vn -0.9967 0.0282 -0.0763
vn 0.2468 0.8753 -0.4159
vn 0.9974 -0.0064 -0.0711
vn -0.7161 -0.6978 0.0129
vn 0.9659 0.1559 -0.2066
vn -0.3672 0.8651 -0.3417
vn 0.4402 -0.8161 0.3745
vn -0.4108 0.8431 -0.3470
vn 0.9647 0.2625 -0.0212
vn 0.0538 -0.9724 0.2271
vn -0.2016 0.7081 -0.6767
vn 0.8843 -0.2111 -0.4165
vn -0.4251 -0.8909 0.1599
vn -0.7324 -0.6795 -0.0433
vn 0.6208 -0.7157 0.3199
vn 0.5697 0.7894 -0.2287
vn -0.1341 0.9726 -0.1901
vn 0.8886 0.4585 -0.0120
vn 0.9738 -0.2274 -0.0047
vn 0.5825 0.5814 0.5680
vn -0.0495 0.9907 0.1264
vn -0.5178 -0.8166 -0.2549
vn -0.2803 -0.7631 0.5823
vn 0.1401 -0.7928 0.5931
vn 0.8634 0.5019 -0.0513
vn -0.9994 -0.0156 0.0294
vn 0.4814 0.7367 0.4749
vn -0.9858 0.1121 -0.1254
vn -0.1533 0.8800 -0.4496
vn 0.0096 -0.3805 0.9247
vn -0.1909 0.9746 -0.1167
vn 0.2590 -0.9240 -0.2814
vn -0.9007 -0.4091 0.1459
vn 0.9361 -0.3471 -0.0564
vn -0.9997 0.0032 -0.0250
vn 0.0758 -0.9505 -0.3013
vn 0.9995 -0.0113 0.0299
vn 0.9742 -0.1817 -0.1340
vn 0.9970 -0.0488 -0.0608
vn -0.9996 0.0279 -0.0084
vn -0.9741 -0.2254 -0.0151
vn -0.9938 0.0551 0.0962
vn -0.0639 0.8264 0.5595
vn -0.2798 0.8099 0.5155
vn 0.0839 0.2227 -0.9713
vn -0.5146 -0.8464 -0.1372
vn -0.9815 -0.1840 0.0524
vn 0.3474 -0.8377 -0.4214
vn -0.9255 -0.0984 0.3657
vn 0.3083 0.5486 0.7772
vn 0.9823 0.0494 -0.1809
vn -0.0526 0.5483 0.8347
vn -0.5443 -0.7083 -0.4496
vn -0.1809 0.5709 0.8008
vn 0.9404 -0.1253 -0.3162
vn 0.1620 -0.8148 -0.5567
vn 0.1346 -0.2084 0.9687
vn 0.1502 -0.3210 0.9351
vn 0.0301 -0.3810 0.9241
vn 0.9783 -0.1628 -0.1282
vn 0.2432 -0.9424 -0.2298
vn -0.9823 -0.1798 0.0534
vn 0.9193 -0.3571 -0.1653
vn -0.9562 -0.2914 0.0264
vn 0.4135 -0.8803 -0.2323
vn -0.9954 -0.0460 0.0840
vn 0.9944 0.0710 -0.0784
vn 0.9919 0.1060 -0.0705
vn 0.9942 0.0989 -0.0414
vn -0.9965 -0.0434 0.0711
vn -0.9670 -0.2512 -0.0422
vn 0.2115 -0.8546 -0.4743
vn 0.9728 -0.1534 -0.1735
vn -0.1282 0.8706 0.4749
vn 0.2484 0.9508 0.1852
vn -0.3482 0.9082 0.2323
vn -0.1677 0.9595 0.2265
vn -0.1270 0.2068 -0.9701
vn 0.1270 -0.2068 0.9701
vn 0.9815 0.1840 -0.0524
vn -0.3616 0.9074 0.2143
vn 0.2582 0.9511 0.1693
vn -0.9944 -0.0710 0.0784
vn -0.2065 0.2038 -0.9570
vn 0.1088 -0.2123 0.9711
vn 0.0242 -0.2178 0.9757
vn 0.1340 -0.4392 -0.8884
vn 0.3796 0.4249 0.8218
vn 0.3699 0.3374 0.8656
vn -0.3634 0.3145 0.8769
vn 0.1549 0.4888 -0.8585
vn -0.9709 -0.1868 0.1500
vn -0.9912 -0.1312 0.0162
vn -0.0368 -0.5481 -0.8356
vn -0.3731 0.4038 0.8353
vn -0.0299 -0.5497 -0.8348
vn -0.9965 -0.0709 -0.0439
vn 0.9767 0.1237 0.1752
vn -0.6813 0.3070 0.6645
vn 0.9668 0.0439 0.2519
vn 0.7133 0.2405 0.6583
vn 0.2022 -0.8572 0.4736
vn -0.7621 0.1465 0.6307
vn -0.9956 -0.0907 -0.0237
vn 0.0025 -0.5014 -0.8652
vn -0.0021 -0.4472 -0.8944
vn -0.9964 -0.0642 -0.0547
vn 0.9735 0.1301 0.1882
vn 0.6584 0.3559 0.6632
vn -0.7436 0.2768 0.6087
vn 0.9724 0.0471 0.2285
vn 0.7423 0.2113 0.6359
vn 0.9995 -0.0287 -0.0142
vn -0.7754 0.1367 0.6165
vn -0.9871 -0.1576 0.0291
vn 0.0126 -0.6145 -0.7888
vn -0.9965 -0.0640 -0.0544
vn 0.9738 0.1295 0.1869
vn 0.7177 0.3324 0.6118
vn -0.9975 -0.0572 -0.0407
vn 0.9797 -0.0069 0.2005
vn 0.6008 0.2368 0.7635
vn -0.0724 0.7683 -0.6360
vn -0.6557 0.1486 0.7403
vn -0.8930 0.0501 0.4472
vn -0.9793 -0.1958 -0.0516
vn 0.9847 0.1057 0.1386
vn 0.4886 0.4045 0.7731
vn -0.4956 0.3737 0.7841
vn 0.0107 -0.5937 -0.8046
vn -0.9893 -0.1445 0.0200
vn 0.9812 0.0077 0.1927
vn 0.8549 0.1678 0.4908
vn -0.9726 -0.0502 0.2268
vn -0.9755 -0.2148 -0.0468
vn 0.8475 0.2621 0.4617
vn -0.8726 0.1922 0.4490
vn 0.6455 -0.7465 -0.1612
vn -0.5101 -0.8235 -0.2484
vn 0.0099 -0.5851 -0.8109
vn -0.9901 -0.1392 0.0163
vn 0.9818 0.0137 0.1895
vn 0.9581 0.0174 0.2860
vn -0.9972 -0.0021 0.0743
vn 0.4936 -0.3742 -0.7850
vn 0.0468 0.3514 0.9350
vn 0.0010 0.3503 0.9366
vn -0.3073 -0.4346 -0.8466
vn 0.9558 0.1114 0.2720
vn -0.6521 0.1937 0.7329
vn 0.1634 -0.5646 -0.8091
vn 0.6056 0.2715 0.7480
vn 0.9693 0.0406 0.2425
vn -0.9847 -0.1695 -0.0418
vn -0.9913 -0.1306 0.0151
vn -0.4850 0.4396 0.7560
vn 0.1466 -0.4926 -0.8578
vn 0.4684 0.4760 0.7444
vn 0.9770 0.1289 0.1697
vn 0.9920 -0.1000 0.0774
vn -0.9955 -0.0920 -0.0227
vn -0.1715 0.6376 0.7510
vn 0.1723 -0.6037 -0.7784
vn 0.1887 0.6491 0.7370
vn 0.9800 0.1254 0.1547
vn -0.9853 -0.1475 -0.0859
vn -0.9880 -0.1517 0.0305
vn 0.7315 0.2190 0.6457
vn 0.1963 -0.8374 0.5101
vn 0.1677 -0.5833 -0.7948
vn -0.7828 0.1166 0.6112
vn 0.9252 0.1287 0.3571
vn -0.9901 -0.1392 0.0162
vn -0.0717 0.7386 -0.6703
vn 0.1657 -0.5749 -0.8013
vn -0.9480 0.0084 0.3181
vn 0.2252 -0.9293 0.2926
vn -0.8250 -0.2768 -0.4927
vn 0.9818 -0.0804 -0.1722
vn -0.0976 -0.5777 -0.8104
vn -0.1478 0.6009 -0.7856
vn 0.9926 -0.0545 -0.1089
vn 0.1393 -0.8040 0.5780
vn 0.9951 -0.0472 0.0868
vn -0.1585 0.7061 -0.6901
vn -0.9591 -0.1766 -0.2211
vn 0.1348 -0.4872 -0.8628
vn 0.1584 -0.5949 -0.7880
vn 0.1646 -0.5764 -0.8004
vn 0.1462 -0.5707 -0.8081
vn 0.0139 -0.5071 -0.8618
vn 0.0236 -0.6222 -0.7825
vn 0.0171 -0.5961 -0.8027
vn 0.0225 -0.5886 -0.8081
vn 0.2080 -0.8762 0.4348
vn -0.1311 -0.8458 0.5172
vn -0.0974 0.7877 -0.6083
vn 0.1218 0.7730 -0.6226
vn 0.0065 -0.8658 0.5004
vn -0.9829 -0.1436 -0.1151
vn -0.0714 0.7281 -0.6817
vn 0.9945 -0.0587 0.0872
vn -0.0470 0.7619 -0.6460
vn -0.0244 0.8128 -0.5820
vn 0.0213 -0.8407 0.5411
vn 0.2041 -0.8632 0.4618
vn 0.9941 -0.0627 0.0883
vn -0.0189 -0.8564 0.5160
vn -0.9914 -0.1201 -0.0524
vn 0.9970 0.0741 0.0237
vn -0.9922 -0.1170 -0.0419
vn -0.0718 0.7434 -0.6649
vn 0.2023 -0.8313 0.5177
vn 0.9959 0.0903 -0.0051
vn -0.9858 -0.1615 -0.0450
vn 0.9964 0.0848 0.0003
vn 0.9982 0.0594 0.0078
vn -0.9836 -0.1768 -0.0371
vn 0.9980 0.0594 -0.0220
vn -0.9375 -0.2989 -0.1781
vn 0.2032 -0.9735 -0.1049
vn -0.6939 0.6772 -0.2448
vn -0.0346 0.4816 0.8757
vn 0.2040 -0.9784 -0.0345
vn 0.1538 0.5254 0.8368
vn 0.2065 -0.9760 -0.0698
vn -0.9671 0.1746 -0.1851
vn 0.2094 -0.9680 -0.1379
vn 0.9770 0.1826 -0.1100
vn -0.7979 0.5949 0.0971
vn -0.0740 0.8117 -0.5793
vn 0.9163 0.3369 -0.2167
vn 0.2284 -0.9644 -0.1330
vn -0.9795 0.1934 -0.0558
vn 0.2254 -0.9716 -0.0717
vn 0.8292 0.2688 -0.4902
vn 0.5383 -0.7379 0.4072
vn -0.5672 0.2255 -0.7921
vn -0.9267 0.3750 -0.0236
vn 0.2224 -0.9695 -0.1033
vn -0.9375 -0.2988 -0.1781
vn 0.9980 0.0595 -0.0219
vn 0.9980 0.0593 -0.0220
vn -0.9375 -0.2989 -0.1782
vn 0.1790 -0.9780 -0.1068
vn -0.7395 0.6727 -0.0270
vn 0.5688 0.8209 0.0517
vn 0.1814 -0.9830 -0.0280
vn -0.5349 0.8190 -0.2076
vn 0.1828 -0.9808 -0.0674
vn -0.9759 0.1478 -0.1608
vn 0.1855 -0.9720 -0.1441
vn 0.9873 0.1059 -0.1186
vn 0.0145 0.9981 0.0596
vn 0.9442 -0.3191 0.0822
vn -0.9037 -0.4148 0.1067
vn 0.0528 -0.9744 0.2185
vn 0.2782 -0.9546 0.1067
vn 0.0514 -0.9740 0.2208
vn 0.9745 -0.2240 0.0129
vn 0.9475 -0.3181 0.0328
vn -0.9376 -0.3475 0.0110
vn -0.8961 -0.4429 0.0307
vn 0.9820 0.1857 0.0353
vn -0.0399 0.9979 0.0513
vn 0.9977 0.0565 0.0386
vn 0.9485 0.2902 0.1273
vn -0.9152 0.1457 0.3757
vn 0.8944 0.3058 0.3264
vn -0.9663 0.2109 0.1474
vn -0.9791 0.1921 0.0669
vn -0.9774 0.1276 0.1684
vn 0.9533 0.2960 0.0605
vn 0.9427 -0.0351 0.3317
vn -0.9872 -0.0670 0.1444
vn -0.8932 0.1600 0.4202
vn 0.9604 0.2410 0.1395
vn 0.9847 0.0303 0.1717
vn 0.9227 -0.0169 0.3852
vn 0.9890 0.0212 0.1462
vn -0.9863 -0.0798 0.1447
vn -0.9326 -0.1312 0.3361
vn 0.7778 0.5519 0.3007
vn -0.9154 -0.1212 0.3838
vn 0.9377 0.0286 0.3464
vn 0.7471 -0.6573 0.0994
vn 0.9410 -0.0685 0.3315
vn -0.9823 -0.0766 0.1712
vn -0.9125 -0.1209 0.3907
vn 0.9839 0.0336 0.1757
vn -0.9344 -0.0353 0.3544
vn -0.8117 -0.5803 0.0659
vn 0.9197 -0.0154 0.3924
vn 0.9965 -0.0111 0.0834
vn 0.9266 -0.3126 0.2091
vn -0.9977 -0.0439 -0.0522
vn -0.9731 -0.1178 0.1982
vn -0.9343 -0.2595 0.2444
vn -0.9799 -0.1877 0.0682
vn -0.9866 -0.1559 -0.0474
vn -0.9767 -0.0872 0.1961
vn 0.9902 0.0192 0.1386
vn 0.7682 -0.6387 0.0452
vn 0.8802 0.4670 0.0851
vn -0.8237 -0.5662 0.0314
vn 0.9636 0.2135 0.1608
vn 0.9966 -0.0768 0.0292
vn -0.0013 0.9789 0.2045
vn 0.0494 -0.9953 0.0835
vn 0.1388 0.9697 0.2008
vn 0.0618 -0.9944 0.0859
vn -0.7679 0.6277 0.1276
vn 0.7073 0.7063 0.0284
vn -0.7729 0.6301 0.0747
vn 0.9897 0.1299 0.0609
vn -0.9980 -0.0304 0.0554
vn 0.0581 -0.9739 0.2196
vn 0.0588 -0.9738 0.2196
vn -0.9976 -0.0403 0.0569
vn 0.9881 0.1413 0.0606
vn -0.6957 0.7120 0.0950
vn 0.6225 0.7804 0.0591
vn -0.7992 0.5882 0.1239
vn 0.1191 0.9725 0.2000
vn 0.0517 -0.9952 0.0833
vn -0.8348 -0.5496 0.0317
vn -0.9760 -0.0950 0.1961
vn -0.9923 -0.1146 -0.0472
vn -0.9678 -0.2419 0.0700
vn -0.9059 -0.3589 0.2250
vn -0.9736 -0.1134 0.1982
vn -0.9962 -0.0720 -0.0487
vn -0.8246 -0.5614 0.0698
vn -0.8818 0.2767 0.3820
vn -0.9126 -0.1200 0.3909
vn -0.9823 -0.0758 0.1713
vn -0.9474 -0.0967 0.3050
vn -0.9155 -0.1205 0.3839
vn -0.9208 -0.2274 0.3169
vn -0.9823 -0.1251 0.1394
vn -0.8920 0.1661 0.4205
vn -0.9886 -0.0134 0.1501
vn -0.9549 0.2400 0.1749
vn -0.9713 0.2275 0.0693
vn -0.9663 0.2111 0.1475
vn -0.9092 0.1773 0.3767
vn 0.9977 0.0554 0.0386
vn -0.0593 0.9969 0.0509
vn -0.8815 -0.4713 0.0278
vn -0.9323 -0.3616 0.0102
vn 0.0509 -0.9740 0.2208
vn 0.3646 -0.9249 0.1081
vn 0.0525 -0.9744 0.2185
vn 0.9441 -0.3192 0.0822
vn -0.9894 -0.1434 0.0234
vn 0.9790 0.0731 0.1901
vn -0.9953 -0.0943 -0.0205
vn 0.9767 0.1095 0.1845
vn -0.9912 -0.1311 0.0156
vn 0.9704 0.0483 0.2367
vn 0.9574 0.1382 0.2535
vn -0.9968 -0.0095 0.0798
vn -0.9447 -0.2971 -0.1388
vn 0.9743 -0.2227 0.0333
vn 0.9847 0.1057 0.1385
vn 0.9752 0.0742 0.2087
vn -0.9958 -0.0879 -0.0263
vn 0.9681 0.0528 0.2449
vn -0.9966 -0.0666 -0.0481
vn -0.9912 -0.1313 0.0163
vn -0.9914 -0.1053 0.0779
vn 0.4381 -0.8894 0.1306
vn -0.2577 -0.9585 0.1220
vn -0.2500 0.7641 -0.5947
vn -0.4332 0.8431 -0.3187
vn 0.9574 0.1906 -0.2168
vn -0.5803 -0.8141 0.0234
vn 0.9823 -0.1762 -0.0630
vn 0.3474 0.8470 -0.4025
vn -0.9945 0.0638 -0.0831
vn 0.2104 -0.5212 0.8271
vn -0.5737 -0.7763 0.2612
vn 0.2499 -0.9630 0.1005
vn 0.9509 0.0162 0.3092
vn 0.3259 -0.8087 0.4897
vn -0.9036 -0.4148 0.1067
vn 0.0580 0.8012 -0.5956
vn 0.9711 -0.2385 0.0122
vn 0.9371 -0.3479 0.0300
vn -0.9965 0.0308 0.0776
vn 0.9441 0.3037 0.1282
vn 0.8934 0.3083 0.3267
vn 0.9441 0.3237 0.0621
vn 0.9330 0.0814 0.3506
vn 0.9369 0.3174 0.1465
vn 0.9848 0.0289 0.1715
vn 0.9227 -0.0170 0.3852
vn 0.9856 0.0738 0.1518
vn 0.6661 0.6864 0.2918
vn 0.9418 -0.0752 0.3276
vn 0.6616 -0.7473 0.0613
vn 0.9022 0.2160 0.3733
vn 0.9838 0.0354 0.1760
vn 0.9196 -0.0147 0.3925
vn 0.9926 -0.0939 0.0772
vn 0.9092 -0.3661 0.1984
vn 0.9901 0.0255 0.1384
vn 0.7803 -0.6237 0.0458
vn 0.9038 0.4207 0.0782
vn 0.9582 0.2369 0.1602
vn 0.9970 -0.0714 0.0297
vn -0.0019 0.9789 0.2046
vn 0.0589 -0.9946 0.0857
vn -0.5599 0.8050 0.1964
vn 0.6486 0.7326 0.2064
vn 0.6414 0.7525 -0.1495
vn -0.4129 0.9016 -0.1293
vn -0.6183 0.7859 -0.0040
vn 0.0647 -0.9942 0.0861
vn -0.0008 0.9789 0.2044
vn 0.9962 -0.0822 0.0287
vn 0.9679 0.1929 0.1613
vn 0.8572 0.5068 0.0910
vn 0.7553 -0.6539 0.0445
vn 0.9902 0.0127 0.1388
vn 0.9432 -0.2482 0.2209
vn 0.9924 0.0841 0.0897
vn 0.9197 -0.0161 0.3922
vn 0.9840 0.0318 0.1755
vn 0.9180 -0.2793 0.2816
vn 0.8506 -0.5031 0.1529
vn 0.9209 0.1431 0.3626
vn 0.8783 0.3728 0.2994
vn 0.9897 -0.0276 0.1406
vn 0.9227 -0.0169 0.3853
vn 0.9846 0.0317 0.1719
vn 0.9772 0.1666 0.1319
vn 0.9403 -0.1381 0.3110
vn 0.9614 0.2686 0.0589
vn 0.8954 0.3032 0.3262
vn 0.9527 0.2764 0.1264
vn -0.0165 0.3995 -0.9166
vn 0.9567 -0.2889 0.0356
vn 0.9776 -0.2099 0.0137
vn -0.9037 -0.4147 0.1067
vn 0.9442 -0.3190 0.0822
vn 0.0532 -0.9744 0.2185
vn -0.5457 0.8227 -0.1594
vn 0.3007 0.9428 -0.1437
vn 0.1823 -0.9777 0.1042
vn -0.3799 0.8990 -0.2181
vn 0.0519 -0.9739 0.2208
vn -0.9426 -0.3338 0.0118
vn -0.9093 -0.4147 0.0335
vn -0.0161 0.9985 0.0517
vn 0.9976 0.0576 0.0387
vn -0.9203 0.1134 0.3744
vn -0.9664 0.2106 0.1474
vn -0.9854 0.1575 0.0646
vn -0.9871 0.0123 0.1595
vn -0.9835 -0.1164 0.1387
vn -0.8943 0.1547 0.4200
vn -0.9882 -0.0309 0.1501
vn -0.9351 -0.0223 0.3536
vn -0.9154 -0.1219 0.3836
vn -0.9822 -0.0775 0.1711
vn -0.9125 -0.1218 0.3905
vn -0.9089 -0.2827 0.3066
vn -0.8000 -0.5968 0.0623
vn -0.9983 -0.0167 -0.0555
vn -0.9724 -0.1228 0.1982
vn -0.9547 -0.1374 0.2640
vn -0.9911 -0.1155 0.0654
vn -0.9806 -0.1900 -0.0475
vn -0.9773 -0.0808 0.1960
vn -0.8118 -0.5831 0.0310
vn 0.0470 -0.9954 0.0836
vn 0.1612 0.9661 0.2016
vn -0.7406 0.6592 0.1305
vn 0.8074 0.5898 -0.0140
vn -0.8507 0.5233 0.0497
vn 0.9908 0.1210 0.0612
vn -0.9984 -0.0185 0.0535
vn 0.0575 -0.9739 0.2196
vn 0.1507 0.9642 -0.2182
vn 0.6548 0.7484 -0.1050
vn 0.6524 0.7391 0.1676
vn -0.5602 0.8026 0.2051
vn 0.3897 -0.7874 0.4776
vn 0.6057 -0.7954 0.0228
vn -0.8503 0.0154 -0.5261
vn 0.2144 -0.5158 0.8294
vn -0.9937 0.0728 -0.0848
vn 0.3613 0.8422 -0.4002
vn 0.9736 -0.2201 -0.0606
vn -0.5032 -0.8637 0.0286
vn 0.9544 0.2016 -0.2199
vn -0.2679 0.7833 -0.5609
vn 0.3566 -0.9327 0.0547
vn -0.9976 -0.0584 0.0365
vn -0.9912 -0.1314 0.0164
vn -0.9967 -0.0641 -0.0505
vn -0.9959 -0.0862 -0.0279
vn 0.9888 -0.1359 0.0613
vn -0.9678 -0.2210 -0.1204
vn -0.9965 -0.0137 0.0829
vn -0.9912 -0.1314 0.0158
vn -0.9953 -0.0953 -0.0196
vn -0.9898 -0.1406 0.0210
vn -0.9893 -0.1445 0.0199
vn 0.0523 -0.9744 0.2185
vn 0.4040 -0.9083 0.1084
vn 0.0507 -0.9740 0.2208
vn -0.9295 -0.3688 0.0098
vn -0.8738 -0.4856 0.0263
vn 0.1024 0.0818 0.9914
vn 0.9977 0.0549 0.0386
vn -0.9059 0.1928 0.3770
vn -0.9662 0.2113 0.1475
vn -0.9668 0.2456 0.0704
vn -0.9393 0.2937 0.1772
vn -0.9881 0.0151 0.1530
vn -0.8912 0.1696 0.4206
vn -0.9797 -0.1463 0.1367
vn -0.9124 -0.2706 0.3072
vn -0.9155 -0.1202 0.3840
vn -0.9823 -0.0754 0.1714
vn -0.9126 -0.1196 0.3910
vn -0.8169 0.4331 0.3810
vn -0.8314 -0.5510 0.0720
vn -0.9951 -0.0865 -0.0469
vn -0.9738 -0.1114 0.1982
vn -0.8903 -0.4010 0.2157
vn -0.9619 -0.2641 0.0707
vn -0.9948 -0.0906 -0.0470
vn -0.9755 -0.0994 0.1962
vn -0.8401 -0.5414 0.0319
vn 0.0529 -0.9951 0.0832
vn 0.1101 0.9737 0.1996
vn -0.8164 0.5645 0.1216
vn 0.5862 0.8070 0.0711
vn -0.6589 0.7451 0.1035
vn 0.9871 0.1483 0.0603
vn -0.9973 -0.0446 0.0576
vn 0.0591 -0.9738 0.2195
vn 0.9800 0.1020 0.1707
vn 0.9770 0.1196 0.1768
vn 0.9699 0.0445 0.2396
vn 0.9568 0.1253 0.2625
vn 0.9740 0.0613 0.2182
vn 0.9675 0.0484 0.2484
vn 0.9767 0.1237 0.1753
vn -0.3586 -0.9221 0.1451
vn -0.3940 0.8568 -0.3327
vn 0.9570 0.0487 0.2859
vn 0.1341 0.8154 -0.5632
vn 0.9692 -0.2459 0.0118
vn 0.9314 -0.3629 0.0285
vn -0.0533 0.9973 0.0501
vn 0.9419 0.3104 0.1286
vn 0.8930 0.3096 0.3267
vn 0.9392 0.3376 0.0629
vn 0.9222 0.1440 0.3588
vn 0.9224 0.3559 0.1498
vn 0.9848 0.0282 0.1714
vn 0.9827 0.1016 0.1547
vn 0.6116 0.7380 0.2852
vn 0.9402 -0.1225 0.3178
vn 0.6264 -0.7781 0.0466
vn 0.8454 0.3722 0.3832
vn 0.9837 0.0363 0.1761
vn 0.9196 -0.0144 0.3926
vn 0.9886 -0.1308 0.0743
vn 0.9005 -0.3895 0.1935
vn 0.9900 0.0285 0.1383
vn 0.7861 -0.6164 0.0461
vn 0.9158 0.3948 0.0743
vn 0.9550 0.2498 0.1598
vn 0.9972 -0.0688 0.0299
vn -0.0021 0.9788 0.2046
vn 0.0575 -0.9947 0.0856
vn 0.5708 0.8207 -0.0256
vn -0.4118 0.9010 -0.1368
vn -0.4139 0.9020 -0.1228
vn 0.0603 -0.9945 0.0858
vn -0.0016 0.9789 0.2045
vn 0.9968 -0.0741 0.0294
vn 0.9611 0.2248 0.1605
vn 0.8919 0.4447 0.0818
vn 0.7743 -0.6312 0.0455
vn 0.9901 0.0224 0.1385
vn 0.9179 -0.3406 0.2036
vn 0.9953 -0.0540 0.0803
vn 0.9196 -0.0151 0.3925
vn 0.9838 0.0345 0.1759
vn 0.9326 0.0660 0.3549
vn 0.7017 -0.7081 0.0787
vn 0.9411 -0.0248 0.3372
vn 0.7221 0.6247 0.2972
vn 0.9877 0.0470 0.1490
vn 0.9847 0.0296 0.1716
vn 0.9496 0.2791 0.1431
vn 0.9396 0.0215 0.3415
vn 0.9488 0.3098 0.0613
vn 0.8939 0.3071 0.3265
vn 0.9463 0.2969 0.1278
vn -0.0736 0.9960 0.0505
vn 0.9424 -0.3329 0.0314
vn 0.9728 -0.2312 0.0126
vn -0.0584 0.7689 -0.6367
vn 0.9433 -0.0160 0.3317
vn -0.4957 0.8171 -0.2945
vn -0.0955 -0.9919 0.0833
vn 0.9687 0.0570 0.2416
vn 0.9760 0.0861 0.2000
vn 0.9578 0.1502 0.2451
vn 0.9709 0.0521 0.2339
vn 0.9763 0.0984 0.1928
vn 0.9761 0.0368 0.2143
vn 0.0585 -0.9738 0.2196
vn -0.9978 -0.0356 0.0562
vn 0.9890 0.1352 0.0608
vn -0.7338 0.6739 0.0854
vn 0.6628 0.7474 0.0450
vn -0.7830 0.6091 0.1259
vn 0.1286 0.9712 0.2004
vn 0.0505 -0.9952 0.0834
vn -0.8293 -0.5578 0.0316
vn -0.9764 -0.0909 0.1961
vn -0.9895 -0.1362 -0.0473
vn -0.9738 -0.2167 0.0692
vn -0.9207 -0.3119 0.2346
vn -0.9733 -0.1156 0.1982
vn -0.9971 -0.0578 -0.0505
vn -0.8180 -0.5712 0.0678
vn -0.9208 0.1162 0.3724
vn -0.9125 -0.1205 0.3908
vn -0.9823 -0.0762 0.1713
vn -0.9155 -0.1209 0.3838
vn -0.9277 -0.1810 0.3267
vn -0.9845 -0.1029 0.1420
vn -0.8926 0.1629 0.4203
vn -0.9883 -0.0407 0.1473
vn -0.9677 0.1844 0.1719
vn -0.9754 0.2097 0.0681
vn -0.9663 0.2110 0.1475
vn -0.9123 0.1616 0.3763
vn 0.9977 0.0560 0.0386
vn -0.9981 0.0519 0.0338
vn -0.8889 -0.4571 0.0293
vn -0.9350 -0.3546 0.0106
vn 0.0511 -0.9740 0.2208
vn 0.3226 -0.9404 0.1075
vn 0.0526 -0.9744 0.2185
vn 0.9441 -0.3191 0.0822
vn -0.9888 -0.1470 0.0265
vn -0.9954 -0.0932 -0.0215
vn -0.9913 -0.1308 0.0153
vn -0.9970 -0.0057 0.0769
vn -0.8739 -0.4535 -0.1751
vn 0.9201 -0.3909 -0.0239
vn -0.9957 -0.0893 -0.0249
vn -0.9966 -0.0688 -0.0459
vn -0.9822 -0.1480 0.1157
vn 0.5284 -0.8200 0.2201
vn -0.2282 0.7396 -0.6331
vn 0.9612 0.1761 -0.2125
vn -0.6517 -0.7582 0.0182
vn 0.9916 -0.1111 -0.0664
vn 0.3204 0.8556 -0.4066
vn -0.9955 0.0504 -0.0806
vn 0.2085 -0.5237 0.8260
vn -0.4987 -0.8026 0.3272
vn -0.0203 -0.9892 0.1450
vn 0.2322 -0.8324 0.5031
vn -0.5595 0.8075 0.1870
vn 0.6437 0.7249 0.2453
vn 0.6271 0.7549 -0.1921
vn 0.0578 -0.9739 0.2196
vn -0.9982 -0.0248 0.0545
vn 0.9902 0.1252 0.0611
vn -0.8121 0.5801 0.0628
vn 0.7558 0.6547 0.0089
vn -0.7538 0.6443 0.1291
vn 0.1497 0.9680 0.2012
vn 0.0482 -0.9953 0.0835
vn -0.8178 -0.5746 0.0312
vn -0.9770 -0.0839 0.1960
vn -0.9836 -0.1737 -0.0475
vn -0.9857 -0.1543 0.0669
vn -0.9459 -0.2014 0.2543
vn -0.9728 -0.1203 0.1982
vn -0.9981 -0.0302 -0.0538
vn -0.8057 -0.5888 0.0640
vn -0.9281 -0.1694 0.3315
vn -0.9125 -0.1214 0.3907
vn -0.9822 -0.0771 0.1712
vn -0.9154 -0.1216 0.3837
vn -0.9353 -0.0783 0.3452
vn -0.9875 -0.0558 0.1474
vn -0.8938 0.1572 0.4201
vn -0.9856 -0.0922 0.1415
vn -0.9839 0.0701 0.1642
vn -0.9824 0.1747 0.0658
vn -0.9664 0.2107 0.1475
vn -0.9179 0.1296 0.3751
vn 0.9976 0.0570 0.0387
vn 0.0335 -0.2617 0.9646
vn -0.9028 -0.4288 0.0321
vn -0.9401 -0.3406 0.0114
vn 0.0516 -0.9740 0.2208
vn 0.2313 -0.9671 0.1056
vn 0.0530 -0.9744 0.2185
vn 0.0632 -0.9943 0.0860
vn -0.0011 0.9789 0.2045
vn 0.9964 -0.0795 0.0289
vn 0.9659 0.2029 0.1610
vn 0.8686 0.4876 0.0882
vn 0.7618 -0.6462 0.0449
vn 0.9902 0.0160 0.1387
vn 0.9351 -0.2819 0.2149
vn 0.9956 0.0349 0.0866
vn 0.9197 -0.0158 0.3923
vn 0.9839 0.0327 0.1756
vn 0.9341 -0.1836 0.3063
vn 0.7973 -0.5907 0.1240
vn 0.9311 0.0847 0.3549
vn 0.8308 0.4676 0.3017
vn 0.9897 -0.0037 0.1434
vn 0.9846 0.0310 0.1718
vn 0.9696 0.2035 0.1358
vn 0.9428 -0.0884 0.3214
vn 0.9575 0.2823 0.0597
vn 0.8949 0.3045 0.3263
vn 0.9506 0.2833 0.1268
vn -0.0983 0.9939 0.0509
vn 0.9522 -0.3035 0.0342
vn 0.9761 -0.2169 0.0133
vn -0.3666 0.9103 -0.1924
vn 0.4427 0.8898 -0.1107
vn -0.5193 0.8289 -0.2079
vn 0.0504 0.9690 -0.2419
vn 0.5709 0.8207 -0.0256
vn 0.2508 0.9488 -0.1918
vn -0.1648 0.9607 -0.2234
vn 0.0984 0.9782 -0.1826
vn -0.6890 0.7141 -0.1238
vn 0.9791 -0.2030 0.0141
vn 0.9609 -0.2745 0.0369
vn -0.1289 0.9903 0.0515
vn 0.9547 0.2695 0.1259
vn 0.8959 0.3018 0.3261
vn 0.9652 0.2551 0.0580
vn 0.9358 -0.1842 0.3004
vn 0.9831 0.1305 0.1280
vn 0.9846 0.0324 0.1720
vn 0.9892 -0.0506 0.1379
vn 0.9173 0.2692 0.2935
vn 0.9068 0.2033 0.3693
vn 0.9027 -0.3880 0.1858
vn 0.8973 -0.3579 0.2585
vn 0.9840 0.0310 0.1754
vn 0.9198 -0.0165 0.3921
vn 0.9863 0.1365 0.0929
vn 0.9507 -0.2111 0.2271
vn 0.9903 0.0093 0.1389
vn 0.7486 -0.6616 0.0442
vn 0.8461 0.5247 0.0937
vn 0.9697 0.1835 0.1614
vn 0.9960 -0.0850 0.0284
vn -0.0005 0.9789 0.2044
vn 0.0661 -0.9941 0.0862
vn 0.0533 -0.9744 0.2185
vn 0.1312 -0.9860 0.1025
vn 0.0521 -0.9739 0.2208
vn -0.9449 -0.3270 0.0121
vn -0.9155 -0.4008 0.0348
vn 0.9894 0.1229 0.0768
vn 0.9976 0.0581 0.0388
vn -0.9225 0.0971 0.3735
vn -0.9664 0.2105 0.1474
vn -0.9880 0.1407 0.0634
vn -0.9870 -0.0450 0.1543
vn -0.9808 -0.1396 0.1359
vn -0.8947 0.1523 0.4199
vn -0.9882 -0.0050 0.1528
vn -0.9318 0.0363 0.3613
vn -0.9154 -0.1222 0.3836
vn -0.9822 -0.0779 0.1710
vn -0.9125 -0.1223 0.3905
vn -0.8826 -0.3761 0.2822
vn -0.7944 -0.6043 0.0606
vn -0.9984 -0.0036 -0.0571
vn -0.9721 -0.1255 0.1982
vn -0.9596 -0.0674 0.2733
vn -0.9955 -0.0702 0.0635
vn -0.9776 -0.2050 -0.0476
vn -0.9775 -0.0780 0.1959
vn -0.8056 -0.5917 0.0308
vn 0.0458 -0.9954 0.0837
vn 0.1736 0.9639 0.2020
vn -0.7282 0.6726 0.1316
vn 0.8601 0.5086 -0.0406
vn -0.8874 0.4597 0.0353
vn 0.9912 0.1173 0.0614
vn -0.9986 -0.0115 0.0524
vn 0.0571 -0.9739 0.2196
vn -0.9931 -0.0689 0.0952
vn 0.1158 -0.2367 -0.9647
vn 0.9960 0.0803 0.0399
vn -0.9943 -0.0451 0.0966
vn -0.0494 -0.1081 0.9929
vn 0.0233 0.2114 -0.9771
vn -0.0013 -0.3094 0.9509
vn -0.1877 0.2864 0.9395
vn 0.1491 -0.1976 -0.9689
vn -0.1128 0.1002 0.9886
vn 0.9820 0.1856 0.0353
vn -0.0175 0.9986 0.0500
vn -0.0392 0.9979 0.0509
vn -0.0273 0.9984 0.0504
vn -0.0539 0.9972 0.0515
vn -0.0007 -0.3431 0.9393
vn 0.0613 -0.0063 -0.9981
vn -0.0378 -0.1150 0.9927
vn 0.9967 0.0712 0.0395
vn -0.0875 0.1252 0.9883
vn -0.9913 -0.0925 0.0936
vn 0.9973 0.0620 0.0392
vn -0.1457 0.3369 0.9302
vn 0.0174 0.2330 -0.9723
vn -0.9890 -0.1160 0.0920
vn 0.9952 0.0894 0.0402
vn -0.0126 0.4419 -0.8970
vn 0.9850 0.1536 0.0785
vn 0.0375 -0.3295 0.9434
vn -0.9959 0.0831 0.0350
vn -0.9981 0.0519 0.0339
vn 0.1573 0.2442 0.9569
vn -0.0458 0.1786 -0.9828
vn -0.0241 0.3400 -0.9401
vn -0.0802 0.0048 -0.9968
vn -0.1282 -0.1655 -0.9779
vn 0.0613 -0.0924 0.9938
vn -0.0678 0.9964 0.0507
vn -0.0501 0.9974 0.0511
vn -0.0286 0.9983 0.0515
vn -0.0022 0.9986 0.0520
vn -0.0304 0.4265 -0.9040
vn 0.1527 0.3328 0.9306
vn -0.0796 -0.0102 -0.9968
vn 0.0620 -0.1074 0.9923
vn -0.0480 0.2221 -0.9739
vn -0.1252 -0.2344 -0.9640
vn 0.1007 0.1257 0.9869
vn -0.0816 0.0513 0.9953
vt 0.528517 0.033983
vt 0.500000 0.033983
vt 0.406711 0.516491
vt 0.407699 0.499333
vt 0.413356 0.513059
vt 0.419013 0.526786
vt 0.339272 0.682034
vt 0.396385 0.778120
vt 0.390728 0.791847
vt 0.307034 0.682034
vt 0.182346 0.523363
vt 0.184470 0.508496
vt 0.192966 0.500000
vt 0.192966 0.516991
vt 0.141991 0.682034
vt 0.167479 0.724513
vt 0.158983 0.716017
vt 0.125000 0.682034
vt 0.141991 0.567966
vt 0.125000 0.567966
vt 0.237175 0.509145
vt 0.242406 0.489538
vt 0.557034 0.033983
vt 0.557034 0.067966
vt 0.528517 0.067966
vt 0.449275 0.741078
vt 0.413356 0.736941
vt 0.435983 0.682034
vt 0.466246 0.683780
vt 0.278517 0.682034
vt 0.341287 0.781385
vt 0.403746 0.682034
vt 0.403746 0.567966
vt 0.435983 0.567966
vt 0.557034 0.563373
vt 0.557034 0.223228
vt 0.557034 0.500000
vt 0.557034 0.459514
vt 0.557034 0.467763
vt 0.557034 0.560525
vt 0.557034 0.544464
vt 0.278517 0.567966
vt 0.307034 0.567966
vt 0.557034 0.533754
vt 0.557034 0.689017
vt 0.466246 0.566106
vt 0.525357 0.546908
vt 0.526772 0.562386
vt 0.458962 0.287676
vt 0.449026 0.284097
vt 0.557034 0.189475
vt 0.557034 0.204663
vt 0.233009 0.473343
vt 0.471483 0.067966
vt 0.500000 0.067966
vt 0.341017 0.378720
vt 0.526772 0.687271
vt 0.496509 0.685525
vt 0.496509 0.564246
vt 0.521115 0.749353
vt 0.485195 0.745216
vt 0.471483 0.033983
vt 0.557034 0.753491
vt 0.000000 0.000000
vt 0.442966 0.033983
vt 0.442966 0.067966
vt 0.557034 0.401772
vt 0.557034 0.432034
vt 0.557034 0.401771
vt 0.430326 0.554239
vt 0.462003 0.551795
vt 0.164746 0.536716
vt 0.262818 0.453703
vt 0.262818 0.453703
vt 0.262818 0.453703
vt 0.518581 0.309150
vt 0.528517 0.312729
vt 0.436547 0.465934
vt 0.432305 0.451623
vt 0.436547 0.465934
vt 0.518581 0.309150
vt 0.436547 0.465934
vt 0.436547 0.465934
vt 0.525357 0.546908
vt 0.262818 0.453703
vt 0.525357 0.546908
vt 0.525357 0.546908
vt 0.525357 0.546908
vt 0.262818 0.453703
vt 0.436547 0.465934
vt 0.436547 0.465934
vt 0.262818 0.453703
vt 0.262818 0.453703
vt 0.436547 0.465934
vt 0.436547 0.465934
vt 0.436547 0.465934
vt 0.525357 0.546908
vt 0.518581 0.309150
vt 0.262818 0.453703
vt 0.525357 0.546908
vt 0.436547 0.465934
vt 0.432305 0.451623
vt 0.436547 0.465934
vt 0.436547 0.465934
vt 0.518581 0.309150
vt 0.518581 0.309150
vt 0.526771 0.562385
vt 0.392897 0.248585
vt 0.462003 0.551795
vt 0.064432 0.054820
vt 0.224513 0.142049
vt 0.352246 0.394782
vt 0.262818 0.453703
vt 0.242406 0.489538
vt 0.192966 0.500000
vt 0.242406 0.489538
vt 0.242406 0.489538
vt 0.557034 0.432034
vt 0.557034 0.401771
vt 0.341287 0.468615
vt 0.390728 0.458153
vt 0.242406 0.489538
vt 0.557034 0.310983
vt 0.341287 0.468615
vt 0.291847 0.479077
vt 0.291847 0.479077
vt 0.557034 0.341246
vt 0.557034 0.371509
vt 0.557034 0.371509
vt 0.557034 0.341246
vt 0.557034 0.341246
vt 0.341287 0.468615
vt 0.291847 0.479077
vt 0.291847 0.479077
vt 0.341287 0.468615
vt 0.291847 0.479076
vt 0.557034 0.378491
vt 0.557034 0.375000
vt 0.221483 0.567966
vt 0.250000 0.567966
vt 0.250000 0.682034
vt 0.221483 0.682034
vt 0.557034 0.289613
vt 0.557034 0.282237
vt 0.557034 0.374564
vt 0.557034 0.626746
vt 0.557034 0.690118
vt 0.291847 0.770923
vt 0.242406 0.760462
vt 0.325595 0.493453
vt 0.281385 0.501299
vt 0.557034 0.903517
vt 0.429906 0.197962
vt 0.416847 0.395923
vt 0.557034 0.875000
vt 0.184470 0.741504
vt 0.192966 0.750000
vt 0.184470 0.741504
vt 0.192966 0.682034
vt 0.192966 0.567966
vt 0.557034 0.310983
vt 0.369805 0.485606
vt 0.390728 0.458153
vt 0.403787 0.593885
vt 0.557034 0.846483
vt 0.557034 0.371509
vt 0.557034 0.401770
vt 0.557034 0.459514
vt 0.557034 0.410020
vt 0.557034 0.769610
vt 0.557034 0.729209
vt 0.557034 0.818481
vt 0.557034 0.903517
vt 0.557034 0.818481
vt 0.557034 0.690118
vt 0.557034 0.626746
vt 0.557034 0.817966
vt 0.557034 0.932034
vt 0.519700 0.764874
vt 0.557034 0.648409
vt 0.557034 0.608009
vt 0.528517 0.025487
vt 0.557034 0.025487
vt 0.515458 0.811436
vt 0.473881 0.804906
vt 0.482367 0.760138
vt 0.445033 0.755403
vt 0.442966 0.025487
vt 0.471483 0.025487
vt 0.500000 0.025487
vt 0.528517 0.025487
vt 0.519700 0.764874
vt 0.396385 0.778120
vt 0.436547 0.784052
vt 0.432305 0.798377
vt 0.557034 0.000000
vt 0.528517 0.000000
vt 0.407699 0.750667
vt 0.407699 0.750667
vt 0.516872 0.795915
vt 0.516872 0.795915
vt 0.500000 0.000000
vt 0.471483 0.000000
vt 0.442966 0.000000
vt 0.500000 0.000000
vt 0.557034 0.932034
vt 0.432305 0.798377
vt 0.557034 0.817966
vt 0.473881 0.804906
vt 0.429906 0.197962
vt 0.528517 0.000000
vt 0.473881 0.804906
vt 0.557034 0.000000
vt 0.557034 0.846483
vt 0.242406 0.760462
vt 0.192966 0.750000
vt 0.557034 0.875000
vt 0.557034 0.729209
vt 0.557034 0.729209
vt 0.557034 0.729209
vt 0.557034 0.626746
vt 0.557034 0.818481
vt 0.557034 0.818481
vt 0.557034 0.903517
vt 0.557034 0.818481
vt 0.557034 0.729209
vt 0.557034 0.626746
vt 0.557034 0.875000
vt 0.557034 0.563373
vt 0.557034 0.846483
vt 0.557034 0.729209
vt 0.557034 0.818481
vt 0.557034 0.875000
vt 0.557034 0.846483
vt 0.557034 0.729209
vt 0.557034 0.818481
vt 0.557034 0.875000
vt 0.557034 0.818481
vt 0.557034 0.688809
vt 0.557034 0.648409
vt 0.557034 0.729209
vt 0.557034 0.563373
vt 0.557034 0.371510
vt 0.557034 0.401769
vt 0.341287 0.468615
vt 0.341287 0.468615
vt 0.390728 0.458153
vt 0.242406 0.489538
vt 0.291847 0.479077
vt 0.557034 0.310983
vt 0.557034 0.341246
vt 0.557034 0.310983
vt 0.557034 0.372818
vt 0.557034 0.373254
vt 0.557034 0.372818
vt 0.557034 0.443016
vt 0.557034 0.434767
vt 0.557034 0.434767
vt 0.557034 0.426518
vt 0.557034 0.265418
vt 0.557034 0.250229
vt 0.557034 0.311742
vt 0.557034 0.319118
vt 0.478835 0.294834
vt 0.488771 0.298413
vt 0.478835 0.294834
vt 0.453518 0.523175
vt 0.449275 0.508865
vt 0.453518 0.523175
vt 0.519700 0.484997
vt 0.521115 0.500475
vt 0.519700 0.484997
vt 0.382055 0.375141
vt 0.352246 0.394782
vt 0.382055 0.375141
vt 0.498708 0.301992
vt 0.508644 0.305571
vt 0.445033 0.494554
vt 0.322161 0.274102
vt 0.257729 0.219282
vt 0.168385 0.106536
vt 0.478835 0.294834
vt 0.488771 0.298413
vt 0.488771 0.298413
vt 0.478835 0.294834
vt 0.382055 0.375141
vt 0.352246 0.394782
vt 0.449275 0.508864
vt 0.453518 0.523175
vt 0.519700 0.484997
vt 0.521115 0.500475
vt 0.519700 0.484997
vt 0.453518 0.523175
vt 0.449275 0.508865
vt 0.521115 0.500475
vt 0.352246 0.394782
vt 0.478835 0.294834
vt 0.488771 0.298413
vt 0.449275 0.508865
vt 0.519701 0.484997
vt 0.521115 0.500475
vt 0.382055 0.375141
vt 0.488771 0.298413
vt 0.453518 0.523175
vt 0.453518 0.523175
vt 0.519700 0.484997
vt 0.382055 0.375141
vt 0.352246 0.394782
vt 0.449275 0.508864
vt 0.382055 0.375141
vt 0.478835 0.294834
vt 0.521115 0.500475
vt 0.519700 0.484997
vt 0.382055 0.375141
vt 0.352246 0.394782
vt 0.453518 0.523175
vt 0.478835 0.294834
vt 0.449275 0.508865
vt 0.519700 0.484997
vt 0.382055 0.375141
vt 0.352246 0.394782
vt 0.352246 0.394781
vt 0.323729 0.411716
vt 0.283983 0.442966
vt 0.445033 0.494554
vt 0.498708 0.301992
vt 0.557034 0.480219
vt 0.557034 0.496280
vt 0.557034 0.426518
vt 0.557034 0.418269
vt 0.557034 0.464157
vt 0.557034 0.448096
vt 0.516872 0.454042
vt 0.518286 0.469519
vt 0.557034 0.280606
vt 0.557034 0.295795
vt 0.396385 0.471880
vt 0.440790 0.480244
vt 0.402042 0.485606
vt 0.403220 0.349216
vt 0.363474 0.380466
vt 0.411864 0.355501
vt 0.441674 0.335860
vt 0.441674 0.335860
vt 0.411864 0.355501
vt 0.411864 0.355501
vt 0.441674 0.335861
vt 0.518286 0.469519
vt 0.516872 0.454042
vt 0.516872 0.454042
vt 0.518286 0.469519
vt 0.516872 0.454042
vt 0.518286 0.469519
vt 0.441674 0.335861
vt 0.411864 0.355501
vt 0.441674 0.335860
vt 0.516872 0.454042
vt 0.518286 0.469519
vt 0.411864 0.355501
vt 0.411864 0.355501
vt 0.516872 0.454042
vt 0.441674 0.335861
vt 0.516872 0.454042
vt 0.411864 0.355501
vt 0.441674 0.335860
vt 0.518286 0.469519
vt 0.441674 0.335860
vt 0.411864 0.355501
vt 0.516872 0.454042
vt 0.518286 0.469519
vt 0.516872 0.454042
vt 0.056128 0.035512
vt 0.112256 0.071024
vt 0.451026 0.383743
vt 0.386593 0.328923
vt 0.411864 0.355501
vt 0.516872 0.454042
vt 0.557034 0.333870
vt 0.557034 0.326494
vt 0.557034 0.372382
vt 0.557034 0.371945
vt 0.557034 0.371945
vt 0.557034 0.372382
vt 0.557034 0.418269
vt 0.557034 0.807392
vt 0.557034 0.768301
vt 0.557034 0.768301
vt 0.557034 0.807392
vt 0.557034 0.733445
vt 0.557034 0.733445
vt 0.557034 0.807392
vt 0.557034 0.768300
vt 0.557034 0.768301
vt 0.557034 0.807392
vt 0.557034 0.733445
vt 0.557034 0.733445
vt 0.557034 0.768301
vt 0.557034 0.733445
vt 0.557034 0.648409
vt 0.557034 0.768301
vt 0.557034 0.807392
vt 0.557034 0.648409
vt 0.557034 0.807392
vt 0.557034 0.807392
vt 0.557034 0.648409
vt 0.557034 0.807392
vt 0.557034 0.768301
vt 0.557034 0.807392
vt 0.557034 0.750873
vt 0.557034 0.812936
vt 0.557034 0.768300
vt 0.557034 0.768300
vt 0.528517 0.008496
vt 0.528517 0.016991
vt 0.528517 0.008496
vt 0.518286 0.780395
vt 0.518286 0.780395
vt 0.402042 0.764394
vt 0.440790 0.769727
vt 0.471483 0.008496
vt 0.500000 0.008496
vt 0.500000 0.016991
vt 0.471483 0.016991
vt 0.476710 0.789984
vt 0.479538 0.775061
vt 0.442966 0.008496
vt 0.442966 0.016991
vt 0.557034 0.008496
vt 0.557034 0.016991
vt 0.557034 0.716017
vt 0.557034 0.824026
vt 0.557034 0.801847
vt 0.557034 0.785728
vt 0.175974 0.733009
vt 0.167479 0.724513
vt 0.498708 0.301992
vt 0.445033 0.494554
vt 0.440790 0.480244
vt 0.322436 0.414422
vt 0.508644 0.305571
vt 0.498708 0.301992
vt 0.445033 0.494554
vt 0.440790 0.480244
vt 0.440790 0.480244
vt 0.445033 0.494554
vt 0.445033 0.494554
vt 0.440790 0.480244
vt 0.498708 0.301992
vt 0.508644 0.305571
vt 0.445033 0.494554
vt 0.440790 0.480244
vt 0.445033 0.494554
vt 0.445033 0.494554
vt 0.498708 0.301992
vt 0.440790 0.480244
vt 0.445033 0.494554
vt 0.440790 0.480244
vt 0.508644 0.305571
vt 0.445033 0.494554
vt 0.445033 0.494554
vt 0.440790 0.480244
vt 0.508644 0.305571
vt 0.445033 0.494554
vt 0.440790 0.480244
vt 0.339272 0.567966
vt 0.371509 0.567966
vt 0.371509 0.682034
vt 0.175974 0.567966
vt 0.175974 0.682034
vt 0.158983 0.682034
vt 0.158983 0.567966
vt 0.161107 0.536107
vt 0.167479 0.525487
vt 0.175974 0.516991
vt 0.171726 0.529735
vt 0.382107 0.495901
vt 0.394409 0.506196
vt 0.353550 0.543944
vt 0.367828 0.519923
vt 0.386775 0.526786
vt 0.379142 0.547376
vt 0.148363 0.557346
vt 0.154735 0.546726
vt 0.167479 0.542479
vt 0.163231 0.555222
vt 0.468899 0.291255
vt 0.468899 0.291255
vt 0.458962 0.287676
vt 0.457761 0.537485
vt 0.457761 0.537485
vt 0.462003 0.551795
vt 0.468898 0.291255
vt 0.462003 0.551795
vt 0.457761 0.537485
vt 0.457761 0.537485
vt 0.462003 0.551795
vt 0.462003 0.551795
vt 0.468899 0.291255
vt 0.458962 0.287676
vt 0.457761 0.537485
vt 0.468899 0.291255
vt 0.458962 0.287676
vt 0.458962 0.287676
vt 0.462003 0.551795
vt 0.457761 0.537485
vt 0.457761 0.537485
vt 0.468899 0.291255
vt 0.468899 0.291255
vt 0.457761 0.537485
vt 0.462003 0.551795
vt 0.458962 0.287676
vt 0.468899 0.291255
vt 0.468899 0.291255
vt 0.458962 0.287676
vt 0.557034 0.451265
vt 0.557034 0.373691
vt 0.557034 0.374127
vt 0.557034 0.374127
vt 0.557034 0.373691
vt 0.327958 0.540513
vt 0.294210 0.543128
vt 0.309902 0.518290
vt 0.348881 0.513059
vt 0.260462 0.545743
vt 0.226714 0.548359
vt 0.231945 0.528752
vt 0.270923 0.523521
vt 0.557034 0.235040
vt 0.557034 0.219852
vt 0.557034 0.296989
vt 0.557034 0.304366
vt 0.522529 0.515952
vt 0.523943 0.531430
vt 0.523943 0.531430
vt 0.522529 0.515952
vt 0.322436 0.414422
vt 0.292627 0.434062
vt 0.292627 0.434062
vt 0.193297 0.164461
vt 0.128864 0.109641
vt 0.280641 0.177561
vt 0.336769 0.213073
vt 0.322436 0.414422
vt 0.322436 0.414422
vt 0.522529 0.515952
vt 0.523943 0.531430
vt 0.522529 0.515952
vt 0.292627 0.434062
vt 0.522529 0.515952
vt 0.523943 0.531430
vt 0.292627 0.434062
vt 0.322436 0.414422
vt 0.322436 0.414422
vt 0.292627 0.434062
vt 0.522529 0.515952
vt 0.523943 0.531430
vt 0.322436 0.414422
vt 0.292627 0.434062
vt 0.292627 0.434062
vt 0.523943 0.531430
vt 0.292627 0.434062
vt 0.322436 0.414422
vt 0.292627 0.434062
vt 0.322436 0.414422
vt 0.292627 0.434062
vt 0.244237 0.474216
vt 0.204491 0.505466
vt 0.424670 0.540513
vt 0.557034 0.512341
vt 0.557034 0.528403
vt 0.192966 0.550974
vt 0.192966 0.533983
vt 0.178098 0.553098
vt 0.180222 0.538231
vt 0.404734 0.550808
vt 0.405722 0.533649
vt 0.515458 0.438564
vt 0.471483 0.316220
vt 0.471483 0.316220
vt 0.442966 0.317966
vt 0.112256 0.071024
vt 0.133496 0.559470
vt 0.141991 0.550974
vt 0.150487 0.542479
vt 0.158983 0.533983
vt 0.336769 0.213073
vt 0.280641 0.177561
vt 0.392897 0.248585
vt 0.449026 0.284097
vt 0.466246 0.566106
s 0
usemtl Material
f 228/1/1 226/2/1 255/2/1 257/1/1
f 1108/3/2 922/4/2 496/5/2 1071/6/2
f 851/7/3 778/8/3 8/9/3 9/10/3
f 1106/11/4 779/12/4 12/13/4 1072/14/4
f 957/15/5 906/16/5 224/17/5 18/18/5
f 904/19/6 957/15/6 18/18/6 11/20/6
f 1031/21/7 1072/14/7 12/13/7 184/22/7
f 228/1/8 223/23/8 14/24/8 30/25/8
f 230/26/9 222/27/9 7/28/9 36/29/9
f 193/30/10 9/10/10 8/9/10 199/31/10
f 903/32/11 953/33/11 4/34/11 7/28/11
f 232/35/12 180/36/12 14/24/12 223/37/12
f 1182/38/13 194/39/13 20/40/13 1148/41/13
f 198/42/14 2/43/14 9/10/14 193/30/14
f 194/39/15 201/44/15 5/45/15 20/40/15
f 36/29/16 7/28/16 4/34/16 37/46/16
f 1111/47/17 1148/41/17 20/40/17 28/48/17
f 1150/49/18 29/50/18 19/51/18 1149/52/18
f 29/50/19 30/25/19 14/24/19 19/51/19
f 38/53/20 33/54/20 21/55/20 24/56/20
f 27/57/21 22/58/21 23/59/21 28/48/21
f 227/60/22 225/61/22 22/58/22 27/57/22
f 229/62/23 226/2/23 21/55/23 33/54/23
f 221/63/24 227/60/24 27/57/24 5/45/24
f 5/45/25 27/57/25 28/48/25 20/40/25
f 24/56/26 21/55/26 30/25/26 29/50/26
f 35/64/27 25/64/27 41/64/27 42/64/27
f 32/64/28 34/64/28 46/64/28 43/64/28
f 226/2/29 228/1/29 30/25/29 21/55/29
f 224/65/30 229/62/30 33/54/30 18/66/30
f 200/67/31 1/68/31 153/68/31 202/69/31
f 1109/70/32 1112/71/32 37/46/32 4/34/32
f 1147/72/33 11/20/33 38/53/33 1151/73/33
f 11/20/34 18/66/34 33/54/34 38/53/34
f 22/58/35 36/29/35 37/46/35 23/59/35
f 225/61/36 230/26/36 36/29/36 22/58/36
f 1153/74/37 40/53/37 48/53/37 1155/75/37
f 43/64/38 46/64/38 54/64/38 51/64/38
f 784/76/39 32/77/39 43/77/39 786/76/39
f 1151/73/40 38/53/40 40/53/40 1153/74/40
f 28/64/41 37/64/41 45/64/41 44/64/41
f 38/64/42 29/64/42 39/64/42 40/64/42
f 1111/47/43 28/48/43 44/48/43 1113/47/43
f 872/78/44 35/79/44 42/79/44 874/80/44
f 788/81/45 51/77/45 59/77/45 790/76/45
f 876/82/46 50/79/46 58/79/46 878/83/46
f 1113/47/47 44/48/47 52/48/47 1115/84/47
f 42/64/48 41/64/48 49/64/48 50/64/48
f 44/64/49 45/64/49 53/64/49 52/64/49
f 874/80/50 42/79/50 50/79/50 876/82/50
f 786/76/51 43/77/51 51/77/51 788/81/51
f 40/64/52 39/64/52 47/64/52 48/64/52
f 878/83/53 58/79/53 66/79/53 880/82/53
f 60/64/54 61/64/54 69/64/54 68/64/54
f 48/64/55 47/64/55 55/64/55 56/64/55
f 51/64/56 54/64/56 62/64/56 59/64/56
f 1155/75/57 48/53/57 56/53/57 1157/85/57
f 1115/84/58 52/48/58 60/48/58 1117/86/58
f 50/64/59 49/64/59 57/64/59 58/64/59
f 52/64/60 53/64/60 61/64/60 60/64/60
f 1119/87/61 68/48/61 76/48/61 1121/88/61
f 1159/89/62 64/53/62 72/53/62 1161/75/62
f 56/64/63 55/64/63 63/64/63 64/64/63
f 59/64/64 62/64/64 70/64/64 67/64/64
f 1157/85/65 56/53/65 64/53/65 1159/89/65
f 1117/86/66 60/48/66 68/48/66 1119/87/66
f 58/64/67 57/64/67 65/64/67 66/64/67
f 66/64/68 65/64/68 73/64/68 74/64/68
f 68/64/69 69/64/69 77/64/69 76/64/69
f 880/82/70 66/79/70 74/79/70 882/90/70
f 792/76/71 67/77/71 75/77/71 794/81/71
f 64/64/72 63/64/72 71/64/72 72/64/72
f 67/64/73 70/64/73 78/64/73 75/64/73
f 882/90/74 74/79/74 82/79/74 884/91/74
f 76/64/75 77/64/75 85/64/75 84/64/75
f 1123/47/76 84/48/76 92/48/76 1125/84/76
f 1163/92/77 80/53/77 88/53/77 1165/93/77
f 794/81/78 75/77/78 83/77/78 796/81/78
f 72/64/79 71/64/79 79/64/79 80/64/79
f 75/64/80 78/64/80 86/64/80 83/64/80
f 1161/75/81 72/53/81 80/53/81 1163/92/81
f 1121/88/82 76/48/82 84/48/82 1123/47/82
f 74/64/83 73/64/83 81/64/83 82/64/83
f 91/64/84 94/64/84 102/64/84 99/64/84
f 88/64/85 87/64/85 95/64/85 96/64/85
f 82/64/86 81/64/86 89/64/86 90/64/86
f 84/64/87 85/64/87 93/64/87 92/64/87
f 884/91/88 82/79/88 90/79/88 886/94/88
f 796/81/89 83/77/89 91/77/89 798/76/89
f 80/64/90 79/64/90 87/64/90 88/64/90
f 83/64/91 86/64/91 94/64/91 91/64/91
f 888/95/92 98/79/92 106/79/92 890/96/92
f 100/64/93 101/64/93 109/64/93 108/64/93
f 1165/93/94 88/53/94 96/53/94 1167/73/94
f 1125/84/95 92/48/95 100/48/95 1127/97/95
f 90/64/96 89/64/96 97/64/96 98/64/96
f 92/64/97 93/64/97 101/64/97 100/64/97
f 886/94/98 90/79/98 98/79/98 888/95/98
f 798/76/99 91/77/99 99/77/99 800/98/99
f 1169/99/100 104/53/100 112/53/100 1171/85/100
f 107/64/101 110/64/101 118/64/101 115/64/101
f 800/98/102 99/77/102 107/77/102 802/76/102
f 96/64/103 95/64/103 103/64/103 104/64/103
f 99/64/104 102/64/104 110/64/104 107/64/104
f 1167/73/105 96/53/105 104/53/105 1169/99/105
f 1127/97/106 100/48/106 108/48/106 1129/100/106
f 98/64/107 97/64/107 105/64/107 106/64/107
f 112/64/108 111/64/108 119/64/108 120/64/108
f 804/76/109 115/77/109 123/77/109 806/76/109
f 1129/100/110 108/48/110 116/48/110 1131/86/110
f 106/64/111 105/64/111 113/64/111 114/64/111
f 108/64/112 109/64/112 117/64/112 116/64/112
f 890/96/113 106/79/113 114/79/113 892/101/113
f 802/76/114 107/77/114 115/77/114 804/76/114
f 104/64/115 103/64/115 111/64/115 112/64/115
f 897/90/116 137/102/116 130/79/116 896/103/116
f 136/64/117 135/64/117 133/64/117 132/64/117
f 115/64/118 118/64/118 126/64/118 123/64/118
f 1171/85/119 112/53/119 120/53/119 1173/75/119
f 1131/86/120 116/48/120 124/48/120 1133/84/120
f 114/64/121 113/64/121 121/64/121 122/64/121
f 116/64/122 117/64/122 125/64/122 124/64/122
f 892/101/123 114/79/123 122/79/123 894/104/123
f 131/64/124 134/64/124 150/64/124 147/64/124
f 128/64/125 127/64/125 143/64/125 144/64/125
f 898/105/126 139/77/126 131/77/126 808/106/126
f 141/64/127 140/64/127 127/64/127 128/64/127
f 139/64/128 142/64/128 134/64/128 131/64/128
f 1177/85/129 141/53/129 128/53/129 1175/85/129
f 1176/84/130 136/107/130 132/48/130 1135/47/130
f 137/64/131 138/64/131 129/64/131 130/64/131
f 122/64/132 121/64/132 138/64/132 137/64/132
f 1133/84/133 124/48/133 136/107/133 1176/84/133
f 124/64/134 125/64/134 135/64/134 136/64/134
f 894/104/135 122/79/135 137/102/135 897/90/135
f 1173/75/136 120/53/136 141/53/136 1177/85/136
f 123/64/137 126/64/137 142/64/137 139/64/137
f 120/64/138 119/64/138 140/64/138 141/64/138
f 806/76/139 123/77/139 139/77/139 898/105/139
f 1156/64/140 1158/108/140 63/50/140 55/64/140
f 1140/109/141 1139/110/141 148/64/141 149/46/141
f 568/111/142 571/112/142 1196/112/142 1194/111/142
f 1175/85/143 128/53/143 144/53/143 1179/113/143
f 1135/47/144 132/48/144 148/48/144 1139/84/144
f 130/64/145 129/64/145 145/64/145 146/64/145
f 132/64/146 133/64/146 149/64/146 148/64/146
f 896/103/147 130/79/147 146/79/147 900/82/147
f 808/106/148 131/77/148 147/77/148 812/76/148
f 503/114/149 497/115/149 155/13/149 189/116/149
f 1/64/150 3/64/150 152/64/150 153/64/150
f 184/22/151 12/13/151 151/13/151 188/117/151
f 12/64/152 10/64/152 154/64/152 151/64/152
f 155/64/153 158/64/153 162/64/153 159/64/153
f 497/64/154 498/64/154 158/64/154 155/64/154
f 505/69/155 499/118/155 157/68/155 203/119/155
f 499/64/156 508/64/156 156/64/156 157/64/156
f 197/120/157 204/119/157 161/68/157 160/121/157
f 203/119/158 157/68/158 161/68/158 204/119/158
f 157/64/159 156/64/159 160/64/159 161/64/159
f 189/116/160 155/13/160 159/13/160 190/122/160
f 34/64/161 32/64/161 10/123/161 12/64/161
f 25/64/162 35/64/162 3/121/162 1/64/162
f 196/124/163 173/125/163 175/126/163 197/120/163
f 182/127/164 174/128/164 176/129/164 183/130/164
f 190/122/165 183/130/165 176/129/165 175/126/165
f 502/131/166 500/128/166 174/128/166 182/127/166
f 191/132/167 164/133/167 171/134/167 195/135/167
f 504/132/168 501/136/168 173/125/168 196/124/168
f 172/129/169 181/130/169 212/130/169 210/129/169
f 170/137/170 169/138/170 218/138/170 219/137/170
f 177/139/171 163/140/171 166/141/171 186/142/171
f 1181/143/172 187/144/172 169/138/172 1180/145/172
f 231/146/173 233/147/173 237/147/173 236/146/173
f 186/142/174 166/141/174 167/148/174 178/149/174
f 1032/150/175 1030/151/175 164/133/175 191/132/175
f 185/152/176 178/153/176 167/154/176 165/155/176
f 854/156/177 17/157/177 246/157/177 857/158/177
f 16/159/178 186/142/178 178/149/178 17/157/178
f 1149/52/179 19/51/179 187/144/179 1181/143/179
f 13/160/180 177/139/180 186/142/180 16/159/180
f 19/51/181 14/24/181 180/36/181 187/144/181
f 10/123/182 179/131/182 181/130/182 154/123/182
f 498/161/183 502/131/183 182/127/183 158/123/183
f 159/13/184 162/123/184 183/130/184 190/122/184
f 158/123/185 182/127/185 183/130/185 162/123/185
f 173/125/186 189/116/186 190/122/186 175/126/186
f 164/133/187 184/22/187 188/117/187 171/134/187
f 501/136/188 503/114/188 189/116/188 173/125/188
f 231/146/189 170/137/189 180/36/189 232/35/189
f 1030/151/190 1031/21/190 184/22/190 164/133/190
f 1029/162/191 1032/150/191 191/132/191 3/121/191
f 221/63/192 5/45/192 201/44/192 233/147/192
f 508/163/193 504/132/193 196/124/193 156/121/193
f 3/121/194 191/132/194 195/135/194 152/121/194
f 156/121/195 196/124/195 197/120/195 160/121/195
f 174/128/196 203/119/196 204/119/196 176/129/196
f 175/126/197 176/129/197 204/119/197 197/120/197
f 203/119/198 174/128/198 208/128/198 207/119/198
f 168/129/199 200/67/199 202/69/199 172/129/199
f 169/138/200 170/137/200 201/44/200 194/39/200
f 163/140/201 198/42/201 193/30/201 166/141/201
f 169/138/202 194/39/202 216/39/202 215/138/202
f 166/141/203 193/30/203 199/31/203 167/148/203
f 165/155/204 167/154/204 199/164/204 192/165/204
f 506/166/205 507/167/205 207/119/205 208/128/205
f 505/69/206 203/119/206 207/119/206 507/167/206
f 172/129/207 202/69/207 205/69/207 206/129/207
f 488/128/208 172/129/208 206/129/208 494/166/208
f 211/131/209 209/129/209 210/129/209 212/130/209
f 179/131/210 168/129/210 209/129/210 211/131/210
f 168/129/211 172/129/211 210/129/211 209/129/211
f 181/130/212 179/131/212 211/131/212 212/130/212
f 1183/145/213 215/138/213 216/39/213 1184/168/213
f 818/169/214 200/67/214 213/67/214 820/169/214
f 200/67/215 168/129/215 214/129/215 213/67/215
f 1180/145/216 169/138/216 215/138/216 1183/145/216
f 217/144/217 220/36/217 219/137/217 218/138/217
f 169/138/218 187/144/218 217/144/218 218/138/218
f 187/144/219 180/36/219 220/36/219 217/144/219
f 180/36/220 170/137/220 219/137/220 220/36/220
f 905/170/221 221/63/221 233/147/221 993/171/221
f 864/172/222 398/173/222 330/152/222 822/174/222
f 397/175/223 396/176/223 332/146/223 335/147/223
f 229/62/224 224/65/224 253/65/224 258/62/224
f 6/177/225 192/165/225 243/165/225 244/177/225
f 185/152/226 15/178/226 241/178/226 251/152/226
f 230/26/227 225/61/227 254/61/227 259/26/227
f 222/27/228 230/26/228 259/26/228 238/27/228
f 905/170/229 907/179/229 227/60/229 221/63/229
f 992/180/230 232/35/230 223/37/230 956/181/230
f 178/153/231 185/152/231 251/152/231 245/153/231
f 908/182/232 956/183/232 223/23/232 228/1/232
f 237/147/233 234/44/233 235/137/233 236/146/233
f 201/44/234 170/137/234 235/137/234 234/44/234
f 233/147/235 201/44/235 234/44/235 237/147/235
f 170/137/236 231/146/236 236/146/236 235/137/236
f 249/184/237 244/177/237 250/185/237
f 246/157/238 245/149/238 264/149/238 265/157/238
f 910/186/239 915/187/239 259/26/239 254/61/239
f 909/188/240 914/189/240 258/62/240 253/65/240
f 911/190/241 913/191/241 257/1/241 255/2/241
f 912/192/242 910/186/242 254/61/242 256/60/242
f 914/189/243 911/190/243 255/2/243 258/62/243
f 821/193/244 863/194/244 242/195/244 239/9/244
f 31/184/245 6/177/245 244/177/245 249/184/245
f 17/157/246 178/149/246 245/149/246 246/157/246
f 192/165/247 199/164/247 252/164/247 243/165/247
f 15/196/248 26/197/248 240/197/248 241/196/248
f 954/198/249 222/27/249 238/27/249 997/199/249
f 226/2/250 229/62/250 258/62/250 255/2/250
f 855/200/251 31/184/251 249/184/251 860/201/251
f 225/61/252 227/60/252 256/60/252 254/61/252
f 908/182/253 228/1/253 257/1/253 913/191/253
f 199/31/254 8/9/254 239/9/254 252/31/254
f 239/9/255 242/195/255 252/31/255
f 243/165/256 252/164/256 271/164/256 262/165/256
f 240/197/257 248/202/257 267/202/257 260/197/257
f 266/203/258 265/204/258 267/202/258
f 271/31/259 269/195/259 262/165/259
f 270/152/260 261/178/260 275/178/260 283/152/260
f 251/152/261 241/178/261 261/178/261 270/152/261
f 241/196/262 240/197/262 260/197/262 261/196/262
f 248/202/263 247/203/263 266/203/263 267/202/263
f 245/153/264 251/152/264 270/152/264 264/153/264
f 267/202/265 265/204/265 279/204/265 280/202/265
f 242/195/266 250/185/266 268/185/266 269/195/266
f 252/31/267 242/195/267 269/195/267 271/31/267
f 244/177/268 243/165/268 262/165/268 263/177/268
f 247/203/269 246/204/269 265/204/269 266/203/269
f 261/196/270 260/197/270 274/197/270 275/196/270
f 281/185/271 272/185/271 284/185/271 293/185/271
f 274/197/272 280/202/272 292/202/272 286/197/272
f 278/153/273 283/152/273 295/152/273 290/153/273
f 250/185/274 244/177/274 273/177/274 272/185/274
f 244/177/275 263/177/275 277/177/275 273/177/275
f 260/197/276 267/202/276 280/202/276 274/197/276
f 263/177/277 262/165/277 276/165/277 277/177/277
f 264/153/278 270/152/278 283/152/278 278/153/278
f 268/185/279 250/185/279 272/185/279 281/185/279
f 269/195/280 268/185/280 281/185/280 282/195/280
f 262/165/281 269/195/281 282/195/281 276/165/281
f 265/157/282 264/149/282 278/149/282 279/157/282
f 318/205/283 317/204/283 329/204/283 328/205/283
f 315/173/284 314/206/284 299/178/284 307/152/284
f 308/207/285 306/195/285 321/195/285 320/207/285
f 275/196/286 274/197/286 286/197/286 287/196/286
f 282/195/287 281/185/287 293/185/287 294/195/287
f 280/202/288 279/204/288 291/204/288 292/202/288
f 277/177/289 276/165/289 288/165/289 289/177/289
f 276/165/290 282/195/290 294/195/290 288/165/290
f 283/152/291 275/178/291 287/178/291 295/152/291
f 279/157/292 278/149/292 290/149/292 291/157/292
f 273/177/293 277/177/293 289/177/293 285/177/293
f 272/185/294 273/177/294 285/177/294 284/185/294
f 300/165/295 306/195/295 305/185/295 301/177/295
f 296/185/296 297/177/296 301/177/296 305/185/296
f 298/197/297 304/202/297 303/204/297 302/149/297 307/152/297 299/178/297
f 311/208/298 310/208/298 301/177/298 297/177/298
f 312/209/299 311/208/299 297/177/299 296/185/299
f 316/210/300 315/173/300 307/152/300 302/153/300
f 319/211/301 318/205/301 304/202/301 298/197/301
f 313/212/302 312/209/302 296/185/302 305/185/302
f 314/213/303 319/211/303 298/197/303 299/196/303
f 308/207/304 313/212/304 305/185/304 306/195/304
f 304/202/305 318/205/305 328/205/305 326/202/305
f 310/208/306 309/214/306 300/165/306 301/177/306
f 289/177/307 288/165/307 309/214/307 310/208/307
f 294/195/308 293/185/308 313/212/308 308/207/308
f 293/185/309 284/185/309 312/209/309 313/212/309
f 284/185/310 285/177/310 311/208/310 312/209/310
f 285/177/311 289/177/311 310/208/311 311/208/311
f 288/165/312 294/195/312 308/207/312 309/214/312
f 292/202/313 291/204/313 317/204/313 318/205/313
f 287/196/303 286/197/303 319/211/303 314/213/303
f 286/197/301 292/202/301 318/205/301 319/211/301
f 290/153/300 295/152/300 315/173/300 316/210/300
f 295/152/284 287/178/284 314/206/284 315/173/284
f 291/157/314 290/149/314 316/215/314 317/216/314
f 323/214/315 320/207/315 321/195/315 322/165/315
f 309/214/316 308/207/316 320/207/316 323/214/316
f 306/195/317 300/165/317 322/165/317 321/195/317
f 300/165/318 309/214/318 323/214/318 322/165/318
f 329/216/319 327/215/319 324/149/319 325/157/319
f 328/205/320 329/204/320 325/204/320 326/202/320
f 316/210/321 302/153/321 324/153/321 327/210/321
f 317/216/322 316/215/322 327/215/322 329/216/322
f 302/149/323 303/204/323 325/204/323 324/149/323
f 303/204/324 304/202/324 326/202/324 325/204/324
f 332/146/325 333/35/325 339/35/325 338/146/325
f 330/152/326 331/155/326 337/155/326 336/152/326
f 398/173/327 400/217/327 331/155/327 330/152/327
f 400/217/328 401/165/328 334/165/328 331/155/328
f 396/176/329 399/35/329 435/35/329 432/176/329
f 1021/218/330 397/175/330 335/147/330 999/219/330
f 1022/171/331 403/147/331 347/147/331 1003/220/331
f 403/147/332 402/221/332 344/146/332 347/147/332
f 331/155/333 334/165/333 340/165/333 337/155/333
f 335/147/334 332/146/334 338/146/334 341/147/334
f 999/219/335 335/147/335 341/147/335 1001/219/335
f 822/174/336 330/152/336 336/152/336 824/222/336
f 343/155/337 346/165/337 352/165/337 349/155/337
f 344/146/325 345/35/325 351/35/325 350/146/325
f 865/223/338 405/224/338 342/152/338 826/225/338
f 405/224/339 407/155/339 343/155/339 342/152/339
f 345/35/340 344/146/340 441/146/340 442/35/340
f 407/155/341 404/214/341 346/165/341 343/155/341
f 1023/220/342 409/147/342 359/147/342 1007/226/342
f 409/147/343 408/227/343 356/146/343 359/147/343
f 347/147/344 344/146/344 350/146/344 353/147/344
f 1003/220/345 347/147/345 353/147/345 1005/218/345
f 826/225/346 342/152/346 348/152/346 828/222/346
f 342/152/347 343/155/347 349/155/347 348/152/347
f 355/155/348 358/165/348 364/165/348 361/155/348
f 356/146/325 357/35/325 363/35/325 362/146/325
f 866/174/349 411/152/349 354/152/349 830/222/349
f 411/152/350 413/228/350 355/155/350 354/152/350
f 412/229/351 357/35/351 448/35/351 470/229/351
f 413/228/352 410/230/352 358/165/352 355/155/352
f 1024/231/353 415/175/353 371/147/353 1011/219/353
f 415/175/354 414/146/354 368/146/354 371/147/354
f 359/147/344 356/146/344 362/146/344 365/147/344
f 1007/226/355 359/147/355 365/147/355 1009/171/355
f 830/222/356 354/152/356 360/152/356 832/174/356
f 354/152/357 355/155/357 361/155/357 360/152/357
f 1011/219/358 371/147/358 377/147/358 1013/171/358
f 371/147/344 368/146/344 374/146/344 377/147/344
f 867/222/359 417/173/359 366/152/359 834/232/359
f 417/173/360 419/233/360 367/155/360 366/152/360
f 365/147/361 362/146/361 453/146/361 452/147/361
f 419/233/362 416/234/362 370/165/362 367/155/362
f 423/155/363 422/230/363 382/165/363 379/155/363
f 424/147/364 377/147/364 458/147/364 462/147/364
f 834/232/365 366/152/365 372/152/365 836/222/365
f 366/152/366 367/155/366 373/155/366 372/152/366
f 368/146/325 369/35/325 375/35/325 374/146/325
f 367/155/367 370/165/367 376/165/367 373/155/367
f 1015/171/358 383/147/358 389/147/358 1017/235/358
f 383/147/344 380/146/344 386/146/344 389/147/344
f 424/147/368 421/221/368 380/146/368 383/147/368
f 1025/220/369 424/147/369 383/147/369 1015/171/369
f 868/222/370 425/224/370 378/152/370 838/236/370
f 425/224/371 423/155/371 379/155/371 378/152/371
f 429/237/372 428/234/372 394/165/372 391/155/372
f 415/175/373 365/147/373 452/147/373 455/175/373
f 838/236/365 378/152/365 384/152/365 840/238/365
f 378/152/374 379/155/374 385/155/374 384/152/374
f 380/146/325 381/35/325 387/35/325 386/146/325
f 379/155/375 382/165/375 388/165/375 385/155/375
f 1018/239/376 392/146/376 393/35/376 1019/240/376
f 1020/220/377 395/147/377 392/146/377 1018/239/377
f 430/147/378 427/146/378 392/146/378 395/147/378
f 1026/241/379 430/147/379 395/147/379 1020/220/379
f 869/172/380 431/173/380 390/152/380 843/174/380
f 431/173/381 429/237/381 391/155/381 390/152/381
f 993/171/382 233/147/382 397/175/382 1021/218/382
f 231/146/383 232/35/383 399/35/383 396/176/383
f 165/155/384 192/165/384 401/165/384 400/217/384
f 185/152/385 165/155/385 400/217/385 398/173/385
f 233/147/386 231/146/386 396/176/386 397/175/386
f 816/222/387 185/152/387 398/173/387 864/172/387
f 337/155/388 340/165/388 404/214/388 407/155/388
f 338/146/389 339/35/389 406/242/389 402/221/389
f 336/152/390 337/155/390 407/155/390 405/224/390
f 824/222/391 336/152/391 405/224/391 865/223/391
f 403/147/392 341/147/392 436/147/392 438/147/392
f 1001/219/393 341/147/393 403/147/393 1022/171/393
f 349/155/394 352/165/394 410/230/394 413/228/394
f 350/146/395 351/35/395 412/229/395 408/227/395
f 348/152/396 349/155/396 413/228/396 411/152/396
f 828/222/397 348/152/397 411/152/397 866/174/397
f 418/242/398 369/35/398 454/35/398 471/242/398
f 1005/218/399 353/147/399 409/147/399 1023/220/399
f 361/155/400 364/165/400 416/234/400 419/233/400
f 362/146/401 363/35/401 418/242/401 414/146/401
f 360/152/402 361/155/402 419/233/402 417/173/402
f 832/174/403 360/152/403 417/173/403 867/222/403
f 356/146/404 408/227/404 444/227/404 445/146/404
f 1009/171/405 365/147/405 415/175/405 1024/231/405
f 372/152/406 373/155/406 423/155/406 425/224/406
f 836/222/370 372/152/370 425/224/370 868/222/370
f 1013/171/369 377/147/369 424/147/369 1025/220/369
f 369/35/407 368/146/407 451/146/407 454/35/407
f 374/146/408 375/35/408 420/35/408 421/221/408
f 373/155/409 376/165/409 422/230/409 423/155/409
f 384/152/410 385/155/410 429/237/410 431/173/410
f 840/238/380 384/152/380 431/173/380 869/172/380
f 1017/235/411 389/147/411 430/147/411 1026/241/411
f 377/147/412 374/146/412 459/146/412 458/147/412
f 386/146/413 387/35/413 426/229/413 427/146/413
f 385/155/414 388/165/414 428/234/414 429/237/414
f 432/176/325 435/35/325 434/35/325 433/146/325
f 333/35/415 332/146/415 433/146/415 434/35/415
f 332/146/416 396/176/416 432/176/416 433/146/416
f 399/35/417 333/35/417 434/35/417 435/35/417
f 436/147/418 437/146/418 439/221/418 438/147/418
f 341/147/419 338/146/419 437/146/419 436/147/419
f 338/146/420 402/221/420 439/221/420 437/146/420
f 402/221/421 403/147/421 438/147/421 439/221/421
f 440/221/389 443/242/389 442/35/389 441/146/389
f 406/242/422 345/35/422 442/35/422 443/242/422
f 402/221/423 406/242/423 443/242/423 440/221/423
f 344/146/424 402/221/424 440/221/424 441/146/424
f 444/227/425 470/229/425 448/35/425 445/146/425
f 450/146/426 471/242/426 454/35/426 451/146/426
f 461/221/427 456/35/427 457/35/427 460/146/427
f 468/146/428 463/229/428 464/35/428 467/146/428
f 446/147/429 447/146/429 444/227/429 449/147/429
f 452/147/430 453/146/430 450/146/430 455/175/430
f 458/147/431 459/146/431 461/221/431 462/147/431
f 465/147/432 466/146/432 468/146/432 469/147/432
f 357/35/433 356/146/433 445/146/433 448/35/433
f 427/146/434 430/147/434 469/147/434 468/146/434
f 414/146/435 418/242/435 471/242/435 450/146/435
f 427/146/436 426/229/436 463/229/436 468/146/436
f 421/221/437 424/147/437 462/147/437 461/221/437
f 409/147/438 353/147/438 446/147/438 449/147/438
f 353/147/439 350/146/439 447/146/439 446/147/439
f 426/229/440 393/35/440 464/35/440 463/229/440
f 408/227/441 412/229/441 470/229/441 444/227/441
f 421/221/442 420/35/442 456/35/442 461/221/442
f 414/146/443 415/175/443 455/175/443 450/146/443
f 393/35/444 392/146/444 467/146/444 464/35/444
f 420/35/445 381/35/445 457/35/445 456/35/445
f 408/227/446 409/147/446 449/147/446 444/227/446
f 392/146/447 427/146/447 468/146/447 467/146/447
f 386/146/448 427/146/448 468/146/448 466/146/448
f 380/146/449 421/221/449 461/221/449 460/146/449
f 389/147/450 386/146/450 466/146/450 465/147/450
f 381/35/451 380/146/451 460/146/451 457/35/451
f 362/146/452 414/146/452 450/146/452 453/146/452
f 368/146/453 414/146/453 450/146/453 451/146/453
f 350/146/454 408/227/454 444/227/454 447/146/454
f 374/146/455 421/221/455 461/221/455 459/146/455
f 430/147/456 389/147/456 465/147/456 469/147/456
f 500/128/457 476/128/457 482/243/457 506/166/457
f 493/67/458 481/119/458 483/244/458 495/167/458
f 494/166/459 495/167/459 483/244/459 482/243/459
f 484/163/460 492/245/460 480/246/460 473/247/460
f 489/126/461 491/22/461 479/248/461 477/249/461
f 486/250/462 490/131/462 478/251/462 474/252/462
f 492/245/463 489/126/463 477/249/463 480/246/463
f 490/131/464 488/128/464 476/128/464 478/251/464
f 487/64/465 484/64/465 473/64/465 475/64/465
f 493/67/466 487/118/466 475/68/466 481/119/466
f 485/64/467 486/64/467 474/64/467 472/64/467
f 491/22/468 485/115/468 472/13/468 479/248/468
f 188/117/469 151/13/469 485/115/469 491/22/469
f 151/64/470 154/64/470 486/64/470 485/64/470
f 202/69/471 153/68/471 487/118/471 493/67/471
f 153/64/472 152/64/472 484/64/472 487/64/472
f 181/130/473 172/129/473 488/128/473 490/131/473
f 195/135/474 171/134/474 489/126/474 492/245/474
f 154/123/475 181/130/475 490/131/475 486/250/475
f 171/134/476 188/117/476 491/22/476 489/126/476
f 152/121/477 195/135/477 492/245/477 484/163/477
f 206/129/478 205/69/478 495/167/478 494/166/478
f 202/69/479 493/67/479 495/167/479 205/69/479
f 476/128/480 488/128/480 494/166/480 482/243/480
f 174/128/481 500/128/481 506/166/481 208/128/481
f 481/119/482 505/69/482 507/167/482 483/244/482
f 482/243/483 483/244/483 507/167/483 506/166/483
f 473/247/484 480/246/484 504/132/484 508/163/484
f 477/249/485 479/248/485 503/114/485 501/136/485
f 474/252/486 478/251/486 502/131/486 498/161/486
f 480/246/487 477/249/487 501/136/487 504/132/487
f 478/251/488 476/128/488 500/128/488 502/131/488
f 475/64/489 473/64/489 508/64/489 499/64/489
f 481/119/490 475/68/490 499/118/490 505/69/490
f 472/64/491 474/64/491 498/64/491 497/64/491
f 479/248/492 472/13/492 497/115/492 503/114/492
f 990/253/493 572/254/493 575/254/493 995/255/493
f 1068/256/494 574/257/494 576/258/494 1070/256/494
f 995/255/495 575/254/495 576/258/495 996/259/495
f 959/260/496 511/261/496 573/262/496 991/263/496
f 991/263/497 573/262/497 572/254/497 990/253/497
f 1060/264/498 560/265/498 568/265/498 1064/266/498
f 1098/267/499 562/268/499 570/268/499 1102/269/499
f 947/270/500 561/271/500 569/271/500 951/272/500
f 985/273/501 563/274/501 571/112/501 989/275/501
f 988/276/502 614/277/502 1198/277/502 1197/276/502
f 952/278/503 951/279/503 569/280/503 570/268/503
f 966/64/504 968/281/504 528/111/504 524/64/504
f 1058/282/505 556/283/505 567/284/505 1100/285/505
f 983/286/506 559/287/506 566/274/506 987/273/506
f 1096/267/507 558/268/507 565/288/507 1099/289/507
f 945/290/508 557/291/508 564/291/508 986/292/508
f 986/292/509 564/291/509 561/271/509 947/270/509
f 987/273/510 566/274/510 563/274/510 985/273/510
f 1100/285/511 567/284/511 560/265/511 1060/264/511
f 1094/293/512 554/294/512 558/268/512 1096/267/512
f 943/270/513 553/295/513 557/291/513 945/290/513
f 981/286/514 555/296/514 559/287/514 983/286/514
f 1099/289/515 565/288/515 562/268/515 1098/267/515
f 1054/297/516 548/298/516 552/265/516 1056/264/516
f 1092/293/517 550/299/517 554/294/517 1094/293/517
f 941/300/110 549/301/110 553/295/110 943/270/110
f 1056/264/518 552/265/518 556/283/518 1058/282/518
f 939/270/519 545/271/519 549/301/519 941/300/519
f 977/273/520 547/296/520 551/296/520 979/302/520
f 1052/264/521 544/265/521 548/298/521 1054/297/521
f 979/302/522 551/296/522 555/296/522 981/286/522
f 1050/264/99 540/303/99 544/265/99 1052/264/99
f 1088/304/98 542/268/98 546/268/98 1090/305/98
f 937/306/95 541/271/95 545/271/95 939/270/95
f 975/307/94 543/308/94 547/296/94 977/273/94
f 1090/305/523 546/268/523 550/299/523 1092/293/523
f 1048/285/524 536/265/524 540/303/524 1050/264/524
f 1086/293/525 538/309/525 542/268/525 1088/304/525
f 933/292/526 533/271/526 537/271/526 935/300/526
f 971/310/527 535/296/527 539/296/527 973/275/527
f 1046/311/528 532/265/528 536/265/528 1048/285/528
f 973/275/529 539/296/529 543/308/529 975/307/529
f 935/300/530 537/271/530 541/271/530 937/306/530
f 1084/304/531 534/268/531 538/309/531 1086/293/531
f 1044/266/532 528/265/532 532/265/532 1046/311/532
f 1082/293/533 530/299/533 534/268/533 1084/304/533
f 929/272/534 525/301/534 529/312/534 931/313/534
f 967/314/535 527/308/535 531/315/535 969/310/535
f 969/310/536 531/315/536 535/296/536 971/310/536
f 931/313/537 529/312/537 533/271/537 933/292/537
f 927/270/538 521/291/538 525/301/538 929/272/538
f 965/302/539 523/296/539 527/308/539 967/314/539
f 1080/316/540 526/268/540 530/299/540 1082/293/540
f 1038/285/541 516/265/541 520/283/541 1040/317/541
f 1076/267/542 518/268/542 522/268/542 1078/316/542
f 925/270/543 517/271/543 521/291/543 927/270/543
f 1078/316/544 522/268/544 526/268/544 1080/316/544
f 1040/317/545 520/283/545 524/265/545 1042/266/545
f 1074/305/546 514/318/546 518/268/546 1076/267/546
f 923/319/547 513/271/547 517/271/547 925/270/547
f 961/320/548 515/321/548 519/322/548 963/275/548
f 1036/266/549 512/265/549 516/265/549 1038/285/549
f 963/275/550 519/322/550 523/296/550 965/302/550
f 955/323/551 509/324/551 515/321/551 961/320/551
f 922/4/552 924/325/552 514/318/552 496/5/552
f 960/326/553 512/265/553 511/261/553 959/260/553
f 923/319/554 958/327/554 510/328/554 513/271/554
f 994/329/555 574/257/555 510/328/555 958/327/555
f 818/169/556 620/330/556 584/331/556 782/332/556
f 871/333/557 782/332/557 584/331/557 671/334/557
f 784/76/558 586/277/558 585/335/558 783/336/558
f 870/337/559 872/78/559 672/338/559 670/339/559
f 779/340/560 581/341/560 587/342/560 785/343/560
f 787/344/561 589/345/561 591/346/561 789/347/561
f 785/343/562 587/342/562 589/345/562 787/344/562
f 871/333/563 671/334/563 673/348/563 873/349/563
f 873/349/564 673/348/564 675/348/564 875/350/564
f 789/347/565 591/346/565 593/342/565 791/343/565
f 875/350/566 675/348/566 677/351/566 877/352/566
f 879/352/567 679/353/567 681/334/567 881/350/567
f 793/354/568 595/355/568 597/346/568 795/356/568
f 791/343/569 593/342/569 595/355/569 793/354/569
f 877/352/570 677/351/570 679/353/570 879/352/570
f 883/357/571 683/358/571 685/334/571 885/350/571
f 797/344/572 599/359/572 601/342/572 799/354/572
f 795/356/573 597/346/573 599/359/573 797/344/573
f 881/350/574 681/334/574 683/358/574 883/357/574
f 799/354/575 601/342/575 603/360/575 801/344/575
f 885/350/95 685/334/95 687/353/95 887/361/95
f 803/362/576 605/360/576 607/360/576 805/343/576
f 801/344/577 603/360/577 605/360/577 803/362/577
f 887/361/578 687/353/578 689/351/578 889/363/578
f 889/363/110 689/351/110 691/348/110 891/352/110
f 805/343/579 607/360/579 609/364/579 807/365/579
f 891/352/580 691/348/580 693/366/580 893/350/580
f 811/367/581 613/364/581 611/368/581 809/354/581
f 810/369/582 612/370/582 695/334/582 895/371/582
f 893/350/583 693/366/583 612/370/583 810/369/583
f 807/365/584 609/364/584 613/364/584 811/367/584
f 790/64/585 792/372/585 594/373/585 592/64/585
f 900/82/586 899/374/586 699/375/586 700/338/586
f 809/354/587 611/368/587 615/376/587 813/343/587
f 895/371/588 695/334/588 699/358/588 899/377/588
f 815/378/589 617/379/589 616/380/589 814/381/589
f 783/336/590 585/335/590 617/379/590 815/378/590
f 819/382/591 621/383/591 622/384/591 820/169/591
f 814/381/592 616/380/592 621/383/592 819/382/592
f 841/385/411 654/386/411 669/387/411 850/388/411
f 1016/240/380 653/389/380 668/390/380 921/180/380
f 837/391/369 650/392/369 667/393/369 849/394/369
f 1012/240/370 649/395/370 666/396/370 920/240/370
f 833/388/593 646/397/593 665/392/593 848/391/593
f 1008/240/594 645/398/594 664/396/594 919/399/594
f 829/388/595 642/387/595 663/400/595 847/401/595
f 1004/402/596 641/395/596 662/398/596 918/180/596
f 825/403/597 638/392/597 661/397/597 846/404/597
f 1000/240/598 637/395/598 660/395/598 917/405/598
f 992/180/599 618/398/599 659/389/599 916/399/599
f 817/406/600 619/397/600 658/387/600 845/403/600
f 921/180/380 668/390/380 656/396/380 1019/240/380
f 850/388/411 669/387/411 657/407/411 844/408/411
f 844/408/601 657/407/601 655/409/601 842/410/601
f 842/410/602 655/409/602 656/396/602 843/174/602
f 1014/240/603 651/389/603 653/389/603 1016/240/603
f 920/240/370 666/396/370 651/389/370 1014/240/370
f 849/394/369 667/393/369 652/397/369 839/406/369
f 839/406/358 652/397/358 654/386/358 841/385/358
f 1010/240/365 647/398/365 649/395/365 1012/240/365
f 919/399/359 664/396/359 647/398/359 1010/240/359
f 835/385/358 648/411/358 650/392/358 837/391/358
f 1006/240/356 643/396/356 645/398/356 1008/240/356
f 831/385/355 644/412/355 646/397/355 833/388/355
f 848/391/353 665/392/353 648/411/353 835/385/353
f 918/180/604 662/398/604 643/396/604 1006/240/604
f 1002/240/346 639/398/346 641/395/346 1004/402/346
f 827/385/345 640/397/345 642/387/345 829/388/345
f 847/401/605 663/400/605 644/412/605 831/385/605
f 917/405/606 660/395/606 639/398/606 1002/240/606
f 998/240/336 635/398/336 637/395/336 1000/240/336
f 823/385/607 636/387/607 638/392/607 825/403/607
f 846/404/608 661/397/608 640/397/608 827/385/608
f 845/403/609 658/387/609 636/387/609 823/385/609
f 856/413/610 626/414/610 632/414/610 861/415/610
f 907/179/611 625/416/611 631/417/611 912/192/611
f 778/8/612 579/418/612 627/418/612 821/193/612
f 997/199/613 915/187/613 634/419/613 627/418/613
f 862/420/614 859/421/614 630/422/614 633/423/614
f 860/201/615 858/424/615 629/425/615 631/417/615
f 859/421/616 861/415/616 632/414/616 630/422/616
f 857/426/617 862/420/617 633/423/617 628/427/617
f 858/424/618 863/194/618 634/419/618 629/425/618
f 856/413/619 780/428/619 582/429/619 626/414/619
f 816/222/620 618/398/620 582/430/620 780/431/620
f 853/432/621 855/200/621 625/416/621 623/433/621
f 916/399/622 659/389/622 635/398/622 998/240/622
f 853/432/623 623/433/623 619/397/623 817/406/623
f 994/329/624 620/330/624 622/384/624 996/259/624
f 906/16/625 624/434/625 628/434/625 909/435/625
f 984/436/626 610/277/626 614/277/626 988/276/626
f 948/437/627 696/438/627 700/338/627 952/278/627
f 571/112/628 1065/439/628 1195/439/628 1196/112/628
f 982/276/629 608/277/629 698/440/629 950/441/629
f 946/442/630 694/443/630 697/444/630 949/445/630
f 950/441/631 698/440/631 610/277/631 984/436/631
f 944/446/632 692/447/632 694/443/632 946/442/632
f 949/445/633 697/444/633 696/438/633 948/437/633
f 978/448/634 604/440/634 606/449/634 980/276/634
f 942/450/635 690/451/635 692/447/635 944/446/635
f 980/276/636 606/449/636 608/277/636 982/276/636
f 976/436/637 602/440/637 604/440/637 978/448/637
f 974/276/99 600/449/99 602/440/99 976/436/99
f 938/452/98 686/451/98 688/451/98 940/453/98
f 940/453/638 688/451/638 690/451/638 942/450/638
f 972/454/639 598/277/639 600/449/639 974/276/639
f 936/453/640 684/455/640 686/451/640 938/452/640
f 970/436/641 596/277/641 598/277/641 972/454/641
f 934/456/642 682/457/642 684/455/642 936/453/642
f 968/276/643 594/458/643 596/277/643 970/436/643
f 932/459/644 680/457/644 682/457/644 934/456/644
f 930/460/645 678/461/645 680/457/645 932/459/645
f 962/276/646 588/462/646 590/277/646 964/276/646
f 926/463/647 674/464/647 676/443/647 928/453/647
f 928/453/648 676/443/648 678/461/648 930/460/648
f 964/276/649 590/277/649 592/458/649 966/436/649
f 924/325/650 672/338/650 674/464/650 926/463/650
f 960/326/651 586/277/651 588/462/651 962/276/651
f 851/7/652 777/465/652 577/466/652 578/467/652
f 852/468/653 781/469/653 583/470/653 580/471/653
f 781/469/654 854/156/654 624/434/654 583/470/654
f 1107/472/4 955/473/4 581/474/4 1103/475/4
f 903/32/655 954/198/655 579/418/655 578/467/655
f 1105/476/656 870/337/656 670/339/656 1104/477/656
f 1186/478/656 901/479/656 776/480/656 1142/481/656
f 1188/482/4 1027/483/4 775/484/4 1141/485/4
f 1150/49/657 740/486/657 742/487/657 1152/488/657
f 1112/71/658 705/489/658 707/490/658 1114/491/658
f 1154/49/659 744/492/659 746/486/659 1156/488/659
f 1116/493/660 709/494/660 711/495/660 1118/496/660
f 1114/491/661 707/490/661 709/494/661 1116/493/661
f 1152/488/662 742/487/662 744/492/662 1154/49/662
f 1118/496/663 711/495/663 713/489/663 1120/109/663
f 1120/109/664 713/489/664 715/490/664 1122/497/664
f 1158/488/665 748/486/665 750/498/665 1160/499/665
f 1122/497/666 715/490/666 717/500/666 1124/109/666
f 1160/499/667 750/498/667 752/501/667 1162/502/667
f 1124/109/668 717/500/668 719/490/668 1126/109/668
f 1162/502/669 752/501/669 754/498/669 1164/503/669
f 1128/504/670 721/505/670 723/506/670 1130/496/670
f 1126/109/98 719/490/98 721/505/98 1128/504/98
f 1164/503/99 754/498/99 756/486/99 1166/488/99
f 1166/488/671 756/486/671 758/507/671 1168/499/671
f 1170/503/672 760/498/672 762/508/672 1172/499/672
f 1130/496/673 723/506/673 725/490/673 1132/496/673
f 1168/499/674 758/507/674 760/498/674 1170/503/674
f 1137/71/675 730/509/675 729/490/675 1136/510/675
f 1132/496/676 725/490/676 727/490/676 1134/510/676
f 1138/511/677 731/512/677 764/513/677 1174/514/677
f 1134/510/678 727/490/678 730/509/678 1137/71/678
f 1172/499/679 762/508/679 731/512/679 1138/511/679
f 147/64/680 150/64/680 1192/64/680 1190/64/680
f 1136/510/681 729/490/681 733/490/681 1140/109/681
f 1174/514/682 764/513/682 768/486/682 1178/488/682
f 1182/38/683 772/515/683 774/515/683 1184/168/683
f 1066/516/684 770/517/684 773/518/684 1069/519/684
f 1069/519/685 773/518/685 774/515/685 1070/256/685
f 1143/520/686 1146/521/686 736/522/686 701/523/686
f 1144/524/687 1145/525/687 735/526/687 734/527/687
f 1035/528/688 739/529/688 771/530/688 1067/531/688
f 1146/521/689 1144/524/689 734/527/689 736/522/689
f 1067/531/690 771/530/690 770/517/690 1066/516/690
f 1097/532/691 728/533/691 732/534/691 1101/535/691
f 1061/536/692 765/537/692 769/538/692 1065/439/692
f 1102/269/693 1101/539/693 732/540/693 733/490/693
f 1042/64/694 1044/541/694 748/542/694 746/64/694
f 1059/543/695 763/537/695 767/537/695 1063/544/695
f 1095/545/696 726/534/696 766/546/696 1062/535/696
f 1062/535/697 766/546/697 728/533/697 1097/532/697
f 1063/544/698 767/537/698 765/537/698 1061/536/698
f 1093/547/699 724/546/699 726/534/699 1095/545/699
f 1057/536/700 761/548/700 763/537/700 1059/543/700
f 1091/549/110 722/550/110 724/546/110 1093/547/110
f 1089/549/701 720/546/701 722/550/701 1091/549/701
f 1053/536/702 757/537/702 759/551/702 1055/552/702
f 1055/552/703 759/551/703 761/548/703 1057/536/703
f 1087/549/95 718/546/95 720/546/95 1089/549/95
f 1051/553/94 755/554/94 757/537/94 1053/536/94
f 1083/555/704 714/556/704 716/546/704 1085/549/704
f 1047/557/705 751/558/705 753/559/705 1049/536/705
f 1049/536/706 753/559/706 755/554/706 1051/553/706
f 1085/549/707 716/546/707 718/546/707 1087/549/707
f 1079/549/708 710/560/708 712/556/708 1081/532/708
f 1043/553/709 747/558/709 749/561/709 1045/562/709
f 1045/562/710 749/561/710 751/558/710 1047/557/710
f 1081/532/711 712/556/711 714/556/711 1083/555/711
f 1077/555/712 708/534/712 710/560/712 1079/549/712
f 1041/439/713 745/563/713 747/558/713 1043/553/713
f 1075/532/714 706/546/714 708/534/714 1077/555/714
f 1073/547/715 704/546/715 706/546/715 1075/532/715
f 1037/564/716 741/563/716 743/565/716 1039/544/716
f 1039/544/717 743/565/717 745/563/717 1041/439/717
f 1033/566/718 737/567/718 741/563/718 1037/564/718
f 1071/6/719 1074/305/719 705/489/719 702/568/719
f 1036/266/720 740/486/720 739/529/720 1035/528/720
f 1073/547/721 1034/569/721 738/570/721 704/546/721
f 1068/256/722 772/515/722 738/570/722 1034/569/722
f 1145/525/723 1110/571/723 703/572/723 735/526/723
f 1185/573/4 902/574/4 703/572/4 1110/571/4
f 1187/575/656 1028/576/656 702/568/656 1109/70/656
f 1141/485/4 775/484/4 902/574/4 1185/573/4
f 1143/520/656 701/523/656 901/479/656 1186/478/656
f 1029/162/656 3/121/656 870/337/656 1105/476/656
f 16/159/724 17/157/724 854/156/724 781/469/724
f 13/160/725 16/159/725 781/469/725 852/468/725
f 9/10/726 2/43/726 777/465/726 851/7/726
f 6/177/727 853/432/727 817/406/727 192/165/727
f 6/177/728 31/184/728 855/200/728 853/432/728
f 185/152/729 816/222/729 780/431/729 15/178/729
f 26/197/730 15/196/730 780/428/730 856/413/730
f 250/185/731 242/195/731 863/194/731 858/424/731
f 246/204/732 247/203/732 862/420/732 857/426/732
f 248/202/733 240/197/733 861/415/733 859/421/733
f 249/184/734 250/185/734 858/424/734 860/201/734
f 247/203/735 248/202/735 859/421/735 862/420/735
f 8/9/736 778/8/736 821/193/736 239/9/736
f 26/197/737 856/413/737 861/415/737 240/197/737
f 401/165/738 845/403/738 823/385/738 334/165/738
f 404/214/739 846/404/739 827/385/739 346/165/739
f 334/165/740 823/385/740 825/403/740 340/165/740
f 410/230/741 847/401/741 831/385/741 358/165/741
f 346/165/345 827/385/345 829/388/345 352/165/345
f 416/234/353 848/391/353 835/385/353 370/165/353
f 358/165/355 831/385/355 833/388/355 364/165/355
f 370/165/358 835/385/358 837/391/358 376/165/358
f 382/165/358 839/406/358 841/385/358 388/165/358
f 422/230/369 849/394/369 839/406/369 382/165/369
f 391/155/742 842/410/742 843/174/742 390/152/742
f 394/165/743 844/408/743 842/410/743 391/155/743
f 428/234/411 850/388/411 844/408/411 394/165/411
f 192/165/744 817/406/744 845/403/744 401/165/744
f 340/165/745 825/403/745 846/404/745 404/214/745
f 352/165/746 829/388/746 847/401/746 410/230/746
f 364/165/747 833/388/747 848/391/747 416/234/747
f 376/165/748 837/391/748 849/394/748 422/230/748
f 388/165/379 841/385/379 850/388/379 428/234/379
f 168/129/592 814/381/592 819/382/592 214/129/592
f 214/129/749 819/382/749 820/169/749 213/67/749
f 10/123/750 783/336/750 815/378/750 179/131/750
f 179/131/751 815/378/751 814/381/751 168/129/751
f 129/577/752 895/371/752 899/377/752 145/577/752
f 134/578/753 809/354/753 813/343/753 150/578/753
f 1101/539/754 1102/269/754 1234/269/754 1233/539/754
f 59/64/755 67/64/755 792/372/755 790/64/755
f 126/578/756 807/365/756 811/367/756 142/579/756
f 121/577/757 893/350/757 810/369/757 138/577/757
f 138/577/758 810/369/758 895/371/758 129/577/758
f 142/579/759 811/367/759 809/354/759 134/578/759
f 113/577/760 891/352/760 893/350/760 121/577/760
f 118/578/761 805/343/761 807/365/761 126/578/761
f 105/577/110 889/363/110 891/352/110 113/577/110
f 97/577/762 887/361/762 889/363/762 105/577/762
f 102/578/763 801/344/763 803/362/763 110/578/763
f 110/578/764 803/362/764 805/343/764 118/578/764
f 89/577/95 885/350/95 887/361/95 97/577/95
f 94/578/94 799/354/94 801/344/94 102/578/94
f 73/577/765 881/350/765 883/357/765 81/577/765
f 78/578/766 795/356/766 797/344/766 86/578/766
f 86/578/767 797/344/767 799/354/767 94/578/767
f 81/577/768 883/357/768 885/350/768 89/577/768
f 57/577/769 877/352/769 879/352/769 65/577/769
f 62/578/770 791/343/770 793/354/770 70/578/770
f 70/578/771 793/354/771 795/356/771 78/578/771
f 65/577/772 879/352/772 881/350/772 73/577/772
f 49/577/773 875/350/773 877/352/773 57/577/773
f 54/578/774 789/347/774 791/343/774 62/578/774
f 41/577/775 873/349/775 875/350/775 49/577/775
f 25/577/776 871/333/776 873/349/776 41/577/776
f 34/578/777 785/343/777 787/344/777 46/578/777
f 46/578/778 787/344/778 789/347/778 54/578/778
f 12/580/779 779/340/779 785/343/779 34/578/779
f 3/121/780 35/79/780 872/78/780 870/337/780
f 32/77/781 784/76/781 783/336/781 10/123/781
f 25/577/782 1/68/782 782/332/782 871/333/782
f 200/67/783 818/169/783 782/332/783 1/68/783
f 653/389/380 840/238/380 869/172/380 668/390/380
f 649/395/370 836/222/370 868/222/370 666/396/370
f 645/398/784 832/174/784 867/222/784 664/396/784
f 641/395/785 828/222/785 866/174/785 662/398/785
f 637/395/786 824/222/786 865/223/786 660/395/786
f 618/398/787 816/222/787 864/172/787 659/389/787
f 668/390/380 869/172/380 843/174/380 656/396/380
f 651/389/365 838/236/365 840/238/365 653/389/365
f 666/396/370 868/222/370 838/236/370 651/389/370
f 647/398/365 834/232/365 836/222/365 649/395/365
f 664/396/359 867/222/359 834/232/359 647/398/359
f 643/396/356 830/222/356 832/174/356 645/398/356
f 662/398/788 866/174/788 830/222/788 643/396/788
f 639/398/346 826/225/346 828/222/346 641/395/346
f 660/395/789 865/223/789 826/225/789 639/398/789
f 635/398/790 822/174/790 824/222/790 637/395/790
f 625/416/791 855/200/791 860/201/791 631/417/791
f 627/418/792 634/419/792 863/194/792 821/193/792
f 659/389/793 864/172/793 822/174/793 635/398/793
f 620/330/214 818/169/214 820/169/214 622/384/214
f 624/434/794 854/156/794 857/158/794 628/434/794
f 610/277/795 808/106/795 812/76/795 614/277/795
f 696/438/796 896/103/796 900/82/796 700/338/796
f 615/376/797 614/581/797 812/372/797 813/343/797
f 608/277/798 806/76/798 898/105/798 698/440/798
f 694/443/799 894/104/799 897/90/799 697/444/799
f 698/440/800 898/105/800 808/106/800 610/277/800
f 692/447/801 892/101/801 894/104/801 694/443/801
f 697/444/802 897/90/802 896/103/802 696/438/802
f 604/440/803 802/76/803 804/76/803 606/449/803
f 690/451/635 890/96/635 892/101/635 692/447/635
f 606/449/804 804/76/804 806/76/804 608/277/804
f 602/440/805 800/98/805 802/76/805 604/440/805
f 600/449/99 798/76/99 800/98/99 602/440/99
f 686/451/98 886/94/98 888/95/98 688/451/98
f 688/451/806 888/95/806 890/96/806 690/451/806
f 598/277/807 796/81/807 798/76/807 600/449/807
f 684/455/808 884/91/808 886/94/808 686/451/808
f 596/277/809 794/81/809 796/81/809 598/277/809
f 682/457/810 882/90/810 884/91/810 684/455/810
f 594/458/811 792/76/811 794/81/811 596/277/811
f 680/457/812 880/82/812 882/90/812 682/457/812
f 678/461/813 878/83/813 880/82/813 680/457/813
f 588/462/814 786/76/814 788/81/814 590/277/814
f 674/464/815 874/80/815 876/82/815 676/443/815
f 676/443/816 876/82/816 878/83/816 678/461/816
f 590/277/817 788/81/817 790/76/817 592/458/817
f 672/338/818 872/78/818 874/80/818 674/464/818
f 586/277/819 784/76/819 786/76/819 588/462/819
f 1103/475/820 581/474/820 779/12/820 1106/11/820
f 578/467/821 579/418/821 778/8/821 851/7/821
f 1142/481/656 776/480/656 1028/576/656 1187/575/656
f 1147/582/4 737/583/4 1027/483/4 1188/482/4
f 7/28/822 222/27/822 954/198/822 903/32/822
f 1033/584/820 509/585/820 955/473/820 1107/472/820
f 512/265/823 960/326/823 962/276/823 516/265/823
f 514/318/824 924/325/824 926/463/824 518/268/824
f 520/283/825 964/276/825 966/436/825 524/265/825
f 522/268/826 928/453/826 930/460/826 526/268/826
f 518/268/827 926/463/827 928/453/827 522/268/827
f 516/265/828 962/276/828 964/276/828 520/283/828
f 526/268/829 930/460/829 932/459/829 530/299/829
f 530/299/830 932/459/830 934/456/830 534/268/830
f 528/265/831 968/276/831 970/436/831 532/265/831
f 534/268/832 934/456/832 936/453/832 538/309/832
f 532/265/833 970/436/833 972/454/833 536/265/833
f 538/309/834 936/453/834 938/452/834 542/268/834
f 536/265/835 972/454/835 974/276/835 540/303/835
f 546/268/836 940/453/836 942/450/836 550/299/836
f 542/268/98 938/452/98 940/453/98 546/268/98
f 540/303/99 974/276/99 976/436/99 544/265/99
f 544/265/837 976/436/837 978/448/837 548/298/837
f 552/265/838 980/276/838 982/276/838 556/283/838
f 550/299/635 942/450/635 944/446/635 554/294/635
f 548/298/839 978/448/839 980/276/839 552/265/839
f 565/288/840 949/445/840 948/437/840 562/268/840
f 554/294/841 944/446/841 946/442/841 558/268/841
f 567/284/842 950/441/842 984/436/842 560/265/842
f 558/268/843 946/442/843 949/445/843 565/288/843
f 556/283/844 982/276/844 950/441/844 567/284/844
f 571/112/845 568/111/845 988/281/845 989/275/845
f 562/268/846 948/437/846 952/278/846 570/268/846
f 560/265/847 984/436/847 988/276/847 568/265/847
f 224/17/848 906/16/848 909/435/848 253/17/848
f 574/257/624 994/329/624 996/259/624 576/258/624
f 399/35/849 916/399/849 998/240/849 333/35/849
f 238/27/850 259/26/850 915/187/850 997/199/850
f 227/60/851 907/179/851 912/192/851 256/60/851
f 333/35/790 998/240/790 1000/240/790 339/35/790
f 406/242/852 917/405/852 1002/240/852 345/35/852
f 345/35/346 1002/240/346 1004/402/346 351/35/346
f 412/229/853 918/180/853 1006/240/853 357/35/853
f 357/35/356 1006/240/356 1008/240/356 363/35/356
f 418/242/359 919/399/359 1010/240/359 369/35/359
f 369/35/365 1010/240/365 1012/240/365 375/35/365
f 420/35/370 920/240/370 1014/240/370 381/35/370
f 381/35/365 1014/240/365 1016/240/365 387/35/365
f 426/229/380 921/180/380 1019/240/380 393/35/380
f 232/35/854 992/180/854 916/399/854 399/35/854
f 339/35/855 1000/240/855 917/405/855 406/242/855
f 351/35/856 1004/402/856 918/180/856 412/229/856
f 363/35/857 1008/240/857 919/399/857 418/242/857
f 375/35/370 1012/240/370 920/240/370 420/35/370
f 387/35/380 1016/240/380 921/180/380 426/229/380
f 620/330/858 994/329/858 958/327/858 584/331/858
f 671/334/859 584/331/859 958/327/859 923/319/859
f 586/277/860 960/326/860 959/260/860 585/335/860
f 670/339/861 672/338/861 924/325/861 922/4/861
f 581/341/862 955/323/862 961/320/862 587/342/862
f 589/345/863 963/275/863 965/302/863 591/346/863
f 587/342/864 961/320/864 963/275/864 589/345/864
f 671/334/865 923/319/865 925/270/865 673/348/865
f 673/348/866 925/270/866 927/270/866 675/348/866
f 591/346/867 965/302/867 967/314/867 593/342/867
f 675/348/868 927/270/868 929/272/868 677/351/868
f 679/353/869 931/313/869 933/292/869 681/334/869
f 595/355/870 969/310/870 971/310/870 597/346/870
f 593/342/871 967/314/871 969/310/871 595/355/871
f 677/351/872 929/272/872 931/313/872 679/353/872
f 683/358/873 935/300/873 937/306/873 685/334/873
f 599/359/874 973/275/874 975/307/874 601/342/874
f 597/346/875 971/310/875 973/275/875 599/359/875
f 681/334/876 933/292/876 935/300/876 683/358/876
f 601/342/94 975/307/94 977/273/94 603/360/94
f 685/334/95 937/306/95 939/270/95 687/353/95
f 605/360/877 979/302/877 981/286/877 607/360/877
f 603/360/878 977/273/878 979/302/878 605/360/878
f 687/353/879 939/270/879 941/300/879 689/351/879
f 689/351/110 941/300/110 943/270/110 691/348/110
f 607/360/880 981/286/880 983/286/880 609/364/880
f 691/348/881 943/270/881 945/290/881 693/366/881
f 613/364/882 987/273/882 985/273/882 611/368/882
f 612/370/883 986/292/883 947/270/883 695/334/883
f 693/366/884 945/290/884 986/292/884 612/370/884
f 609/364/885 983/286/885 987/273/885 613/364/885
f 592/64/886 594/373/886 968/281/886 966/64/886
f 732/534/887 1139/84/887 1235/84/887 1227/534/887
f 611/368/888 985/273/888 989/275/888 615/376/888
f 695/334/889 947/270/889 951/272/889 699/358/889
f 617/379/890 991/263/890 990/253/890 616/380/890
f 585/335/891 959/260/891 991/263/891 617/379/891
f 621/383/892 995/255/892 996/259/892 622/384/892
f 616/380/893 990/253/893 995/255/893 621/383/893
f 654/386/411 1017/235/411 1026/241/411 669/387/411
f 650/392/369 1013/171/369 1025/220/369 667/393/369
f 646/397/894 1009/171/894 1024/231/894 665/392/894
f 642/387/895 1005/218/895 1023/220/895 663/400/895
f 638/392/896 1001/219/896 1022/171/896 661/397/896
f 619/397/897 993/171/897 1021/218/897 658/387/897
f 669/387/411 1026/241/411 1020/220/411 657/407/411
f 657/407/898 1020/220/898 1018/239/898 655/409/898
f 655/409/899 1018/239/899 1019/240/899 656/396/899
f 667/393/369 1025/220/369 1015/171/369 652/397/369
f 652/397/358 1015/171/358 1017/235/358 654/386/358
f 648/411/358 1011/219/358 1013/171/358 650/392/358
f 644/412/355 1007/226/355 1009/171/355 646/397/355
f 665/392/353 1024/231/353 1011/219/353 648/411/353
f 640/397/345 1003/220/345 1005/218/345 642/387/345
f 663/400/900 1023/220/900 1007/226/900 644/412/900
f 636/387/901 999/219/901 1001/219/901 638/392/901
f 661/397/608 1022/171/608 1003/220/608 640/397/608
f 658/387/902 1021/218/902 999/219/902 636/387/902
f 626/414/903 908/182/903 913/191/903 632/414/903
f 579/418/904 954/198/904 997/199/904 627/418/904
f 633/423/905 630/422/905 911/190/905 914/189/905
f 631/417/906 629/425/906 910/186/906 912/192/906
f 630/422/907 632/414/907 913/191/907 911/190/907
f 628/427/908 633/423/908 914/189/908 909/188/908
f 629/425/909 634/419/909 915/187/909 910/186/909
f 626/414/910 582/429/910 956/183/910 908/182/910
f 618/398/911 992/180/911 956/181/911 582/430/911
f 623/433/912 625/416/912 907/179/912 905/170/912
f 623/433/913 905/170/913 993/171/913 619/397/913
f 578/467/914 577/466/914 953/33/914 903/32/914
f 580/471/915 583/470/915 957/15/915 904/19/915
f 583/470/916 624/434/916 906/16/916 957/15/916
f 1104/477/656 670/339/656 922/4/656 1108/3/656
f 776/480/656 1104/477/656 1108/3/656 1028/576/656
f 737/583/4 1033/584/4 1107/472/4 1027/483/4
f 775/484/4 1103/475/4 1106/11/4 902/574/4
f 701/523/656 1029/162/656 1105/476/656 901/479/656
f 574/257/917 1068/256/917 1034/569/917 510/328/917
f 513/271/918 510/328/918 1034/569/918 1073/547/918
f 512/265/919 1036/266/919 1035/528/919 511/261/919
f 496/5/920 514/318/920 1074/305/920 1071/6/920
f 509/324/921 1033/566/921 1037/564/921 515/321/921
f 519/322/922 1039/544/922 1041/439/922 523/296/922
f 515/321/923 1037/564/923 1039/544/923 519/322/923
f 513/271/924 1073/547/924 1075/532/924 517/271/924
f 517/271/925 1075/532/925 1077/555/925 521/291/925
f 523/296/926 1041/439/926 1043/553/926 527/308/926
f 521/291/927 1077/555/927 1079/549/927 525/301/927
f 529/312/928 1081/532/928 1083/555/928 533/271/928
f 531/315/929 1045/562/929 1047/557/929 535/296/929
f 527/308/930 1043/553/930 1045/562/930 531/315/930
f 525/301/931 1079/549/931 1081/532/931 529/312/931
f 537/271/932 1085/549/932 1087/549/932 541/271/932
f 539/296/933 1049/536/933 1051/553/933 543/308/933
f 535/296/934 1047/557/934 1049/536/934 539/296/934
f 533/271/935 1083/555/935 1085/549/935 537/271/935
f 543/308/94 1051/553/94 1053/536/94 547/296/94
f 541/271/95 1087/549/95 1089/549/95 545/271/95
f 551/296/936 1055/552/936 1057/536/936 555/296/936
f 547/296/937 1053/536/937 1055/552/937 551/296/937
f 545/271/938 1089/549/938 1091/549/938 549/301/938
f 549/301/110 1091/549/110 1093/547/110 553/295/110
f 555/296/939 1057/536/939 1059/543/939 559/287/939
f 553/295/940 1093/547/940 1095/545/940 557/291/940
f 566/274/941 1063/544/941 1061/536/941 563/274/941
f 564/291/942 1062/535/942 1097/532/942 561/271/942
f 557/291/943 1095/545/943 1062/535/943 564/291/943
f 559/287/944 1059/543/944 1063/544/944 566/274/944
f 524/64/945 528/111/945 1044/541/945 1042/64/945
f 899/374/946 900/82/946 1230/82/946 1229/374/946
f 563/274/947 1061/536/947 1065/439/947 571/112/947
f 561/271/948 1097/532/948 1101/535/948 569/271/948
f 573/262/949 1067/531/949 1066/516/949 572/254/949
f 511/261/950 1035/528/950 1067/531/950 573/262/950
f 575/254/951 1069/519/951 1070/256/951 576/258/951
f 572/254/684 1066/516/684 1069/519/684 575/254/684
f 901/479/656 1105/476/656 1104/477/656 776/480/656
f 1027/483/820 1107/472/820 1103/475/820 775/484/820
f 740/486/952 1036/266/952 1038/285/952 742/487/952
f 705/489/953 1074/305/953 1076/267/953 707/490/953
f 744/492/954 1040/317/954 1042/266/954 746/486/954
f 709/494/955 1078/316/955 1080/316/955 711/495/955
f 707/490/956 1076/267/956 1078/316/956 709/494/956
f 742/487/957 1038/285/957 1040/317/957 744/492/957
f 711/495/958 1080/316/958 1082/293/958 713/489/958
f 713/489/959 1082/293/959 1084/304/959 715/490/959
f 748/486/960 1044/266/960 1046/311/960 750/498/960
f 715/490/961 1084/304/961 1086/293/961 717/500/961
f 750/498/962 1046/311/962 1048/285/962 752/501/962
f 717/500/963 1086/293/963 1088/304/963 719/490/963
f 752/501/964 1048/285/964 1050/264/964 754/498/964
f 721/505/965 1090/305/965 1092/293/965 723/506/965
f 719/490/98 1088/304/98 1090/305/98 721/505/98
f 754/498/99 1050/264/99 1052/264/99 756/486/99
f 756/486/966 1052/264/966 1054/297/966 758/507/966
f 760/498/967 1056/264/967 1058/282/967 762/508/967
f 723/506/517 1092/293/517 1094/293/517 725/490/517
f 758/507/968 1054/297/968 1056/264/968 760/498/968
f 730/509/969 1099/289/969 1098/267/969 729/490/969
f 725/490/970 1094/293/970 1096/267/970 727/490/970
f 731/512/971 1100/285/971 1060/264/971 764/513/971
f 727/490/972 1096/267/972 1099/289/972 730/509/972
f 762/508/973 1058/282/973 1100/285/973 731/512/973
f 769/538/974 768/586/974 1064/587/974 1065/439/974
f 729/490/975 1098/267/975 1102/269/975 733/490/975
f 764/513/976 1060/264/976 1064/266/976 768/486/976
f 772/515/683 1068/256/683 1070/256/683 774/515/683
f 701/523/977 736/522/977 1032/150/977 1029/162/977
f 734/527/978 735/526/978 1031/21/978 1030/151/978
f 736/522/979 734/527/979 1030/151/979 1032/150/979
f 735/526/980 703/572/980 1072/14/980 1031/21/980
f 902/574/4 1106/11/4 1072/14/4 703/572/4
f 1028/576/656 1108/3/656 1071/6/656 702/568/656
f 11/20/981 1147/582/981 1188/482/981 904/19/981
f 577/466/656 1142/481/656 1187/575/656 953/33/656
f 2/43/656 1143/520/656 1186/478/656 777/465/656
f 580/471/4 1141/485/4 1185/573/4 852/468/4
f 953/33/656 1187/575/656 1109/70/656 4/34/656
f 852/468/4 1185/573/4 1110/571/4 13/160/4
f 177/139/982 13/160/982 1110/571/982 1145/525/982
f 198/42/983 163/140/983 1144/524/983 1146/521/983
f 163/140/984 177/139/984 1145/525/984 1144/524/984
f 2/43/985 198/42/985 1146/521/985 1143/520/985
f 194/39/683 1182/38/683 1184/168/683 216/39/683
f 127/50/986 1174/514/986 1178/488/986 143/50/986
f 133/46/987 1136/510/987 1140/109/987 149/46/987
f 144/53/988 143/50/988 1178/588/988 1179/113/988
f 119/50/989 1172/499/989 1138/511/989 140/589/989
f 125/46/990 1134/510/990 1137/71/990 135/590/990
f 140/589/991 1138/511/991 1174/514/991 127/50/991
f 117/46/992 1132/496/992 1134/510/992 125/46/992
f 135/590/993 1137/71/993 1136/510/993 133/46/993
f 103/50/994 1168/499/994 1170/503/994 111/50/994
f 109/46/517 1130/496/517 1132/496/517 117/46/517
f 111/50/995 1170/503/995 1172/499/995 119/50/995
f 95/50/996 1166/488/996 1168/499/996 103/50/996
f 87/50/99 1164/503/99 1166/488/99 95/50/99
f 93/46/98 1126/109/98 1128/504/98 101/46/98
f 101/46/997 1128/504/997 1130/496/997 109/46/997
f 79/50/998 1162/502/998 1164/503/998 87/50/998
f 85/46/999 1124/109/999 1126/109/999 93/46/999
f 71/50/1000 1160/499/1000 1162/502/1000 79/50/1000
f 77/46/1001 1122/497/1001 1124/109/1001 85/46/1001
f 63/50/1002 1158/488/1002 1160/499/1002 71/50/1002
f 69/46/1003 1120/109/1003 1122/497/1003 77/46/1003
f 61/46/1004 1118/496/1004 1120/109/1004 69/46/1004
f 39/50/1005 1152/488/1005 1154/49/1005 47/50/1005
f 45/46/1006 1114/491/1006 1116/493/1006 53/46/1006
f 53/46/1007 1116/493/1007 1118/496/1007 61/46/1007
f 47/50/1008 1154/49/1008 1156/488/1008 55/50/1008
f 37/46/1009 1112/71/1009 1114/491/1009 45/46/1009
f 29/50/1010 1150/49/1010 1152/488/1010 39/50/1010
f 904/19/4 1188/482/4 1141/485/4 580/471/4
f 777/465/656 1186/478/656 1142/481/656 577/466/656
f 770/517/684 1180/145/684 1183/145/684 773/518/684
f 773/518/1011 1183/145/1011 1184/168/1011 774/515/1011
f 739/529/1012 1149/52/1012 1181/143/1012 771/530/1012
f 771/530/1013 1181/143/1013 1180/145/1013 770/517/1013
f 728/533/1014 1135/47/1014 1139/84/1014 732/534/1014
f 765/537/1015 1175/85/1015 1179/113/1015 769/538/1015
f 952/278/1016 700/338/1016 1226/338/1016 1232/278/1016
f 746/64/1017 748/542/1017 1158/108/1017 1156/64/1017
f 763/537/1018 1173/75/1018 1177/85/1018 767/537/1018
f 726/534/1019 1133/84/1019 1176/84/1019 766/546/1019
f 766/546/1020 1176/84/1020 1135/47/1020 728/533/1020
f 767/537/1021 1177/85/1021 1175/85/1021 765/537/1021
f 724/546/1022 1131/86/1022 1133/84/1022 726/534/1022
f 761/548/1023 1171/85/1023 1173/75/1023 763/537/1023
f 722/550/110 1129/100/110 1131/86/110 724/546/110
f 720/546/1024 1127/97/1024 1129/100/1024 722/550/1024
f 757/537/1025 1167/73/1025 1169/99/1025 759/551/1025
f 759/551/1026 1169/99/1026 1171/85/1026 761/548/1026
f 718/546/95 1125/84/95 1127/97/95 720/546/95
f 755/554/94 1165/93/94 1167/73/94 757/537/94
f 714/556/1027 1121/88/1027 1123/47/1027 716/546/1027
f 751/558/1028 1161/75/1028 1163/92/1028 753/559/1028
f 753/559/1029 1163/92/1029 1165/93/1029 755/554/1029
f 716/546/1030 1123/47/1030 1125/84/1030 718/546/1030
f 710/560/1031 1117/86/1031 1119/87/1031 712/556/1031
f 747/558/1032 1157/85/1032 1159/89/1032 749/561/1032
f 749/561/1033 1159/89/1033 1161/75/1033 751/558/1033
f 712/556/1034 1119/87/1034 1121/88/1034 714/556/1034
f 708/534/1035 1115/84/1035 1117/86/1035 710/560/1035
f 745/563/1036 1155/75/1036 1157/85/1036 747/558/1036
f 706/546/1037 1113/47/1037 1115/84/1037 708/534/1037
f 704/546/1038 1111/47/1038 1113/47/1038 706/546/1038
f 741/563/1039 1151/73/1039 1153/74/1039 743/565/1039
f 743/565/1040 1153/74/1040 1155/75/1040 745/563/1040
f 737/567/1041 1147/72/1041 1151/73/1041 741/563/1041
f 702/568/1042 705/489/1042 1112/71/1042 1109/70/1042
f 740/486/1043 1150/49/1043 1149/52/1043 739/529/1043
f 704/546/1044 738/570/1044 1148/41/1044 1111/47/1044
f 772/515/1045 1182/38/1045 1148/41/1045 738/570/1045
f 1196/112/1046 1195/439/1046 1211/439/1046 1212/112/1046
f 1202/586/1047 1204/538/1047 1220/538/1047 1218/586/1047
f 1193/266/1048 1194/265/1048 1210/265/1048 1209/266/1048
f 1204/538/1049 1203/113/1049 1219/113/1049 1220/538/1049
f 989/275/1050 988/281/1050 1197/281/1050 1199/275/1050
f 615/376/628 989/275/628 1199/275/628 1200/376/628
f 614/581/1051 615/376/1051 1200/376/1051 1198/581/1051
f 812/76/502 147/77/502 1190/77/502 1189/76/502
f 813/343/1052 812/372/1052 1189/372/1052 1191/343/1052
f 1179/113/1053 1178/588/1053 1201/588/1053 1203/113/1053
f 768/586/1054 769/538/1054 1204/538/1054 1202/586/1054
f 1065/439/1055 1064/587/1055 1193/587/1055 1195/439/1055
f 1178/488/502 768/486/502 1202/486/502 1201/488/502
f 1064/266/1056 568/265/1056 1194/265/1056 1193/266/1056
f 150/578/628 813/343/628 1191/343/628 1192/578/628
f 769/538/628 1179/113/628 1203/113/628 1204/538/628
f 1207/343/1057 1205/372/1057 1206/64/1057 1208/578/1057
f 1211/439/1058 1209/587/1058 1210/111/1058 1212/112/1058
f 1215/275/1059 1213/281/1059 1214/581/1059 1216/376/1059
f 1219/113/1060 1217/588/1060 1218/586/1060 1220/538/1060
f 1191/343/1061 1189/372/1061 1205/372/1061 1207/343/1061
f 1194/111/1062 1196/112/1062 1212/112/1062 1210/111/1062
f 1199/275/1063 1197/281/1063 1213/281/1063 1215/275/1063
f 1197/276/1064 1198/277/1064 1214/277/1064 1213/276/1064
f 1195/439/1065 1193/587/1065 1209/587/1065 1211/439/1065
f 1200/376/1066 1199/275/1066 1215/275/1066 1216/376/1066
f 1189/76/1067 1190/77/1067 1206/77/1067 1205/76/1067
f 1203/113/1068 1201/588/1068 1217/588/1068 1219/113/1068
f 1198/581/1069 1200/376/1069 1216/376/1069 1214/581/1069
f 1192/578/1070 1191/343/1070 1207/343/1070 1208/578/1070
f 1201/488/1071 1202/486/1071 1218/486/1071 1217/488/1071
f 1190/64/1072 1192/64/1072 1208/64/1072 1206/64/1072
f 1236/109/1073 1228/490/1073 1244/490/1073 1252/109/1073
f 1229/374/1074 1230/82/1074 1246/82/1074 1245/374/1074
f 1227/534/1075 1235/84/1075 1251/84/1075 1243/534/1075
f 1230/82/1073 1222/79/1073 1238/79/1073 1246/82/1073
f 569/271/1076 1101/535/1076 1233/535/1076 1223/271/1076
f 1139/110/1077 1140/109/1077 1236/109/1077 1235/110/1077
f 1140/109/1016 733/490/1016 1228/490/1016 1236/109/1016
f 1102/269/1016 570/268/1016 1224/268/1016 1234/269/1016
f 700/338/1078 699/375/1078 1225/375/1078 1226/338/1078
f 146/64/1079 145/64/1079 1221/64/1079 1222/64/1079
f 570/268/1080 569/280/1080 1223/280/1080 1224/268/1080
f 733/490/1081 732/540/1081 1227/540/1081 1228/490/1081
f 145/577/887 899/377/887 1229/377/887 1221/577/887
f 699/358/887 951/272/887 1231/272/887 1225/358/887
f 951/279/1082 952/278/1082 1232/278/1082 1231/279/1082
f 900/82/1016 146/79/1016 1222/79/1016 1230/82/1016
f 1238/79/1083 1237/577/1083 1245/374/1083 1246/82/1083
f 1242/338/1084 1241/375/1084 1247/279/1084 1248/278/1084
f 1240/268/1085 1239/280/1085 1249/539/1085 1250/269/1085
f 1244/490/1086 1243/540/1086 1251/110/1086 1252/109/1086
f 1225/358/1075 1231/272/1075 1247/272/1075 1241/358/1075
f 1222/64/1087 1221/64/1087 1237/64/1087 1238/64/1087
f 1235/110/1088 1236/109/1088 1252/109/1088 1251/110/1088
f 1232/278/1073 1226/338/1073 1242/338/1073 1248/278/1073
f 1224/268/1089 1223/280/1089 1239/280/1089 1240/268/1089
f 1231/279/1090 1232/278/1090 1248/278/1090 1247/279/1090
f 1226/338/1091 1225/375/1091 1241/375/1091 1242/338/1091
f 1223/271/1075 1233/535/1075 1249/535/1075 1239/271/1075
f 1228/490/1092 1227/540/1092 1243/540/1092 1244/490/1092
f 1234/269/1073 1224/268/1073 1240/268/1073 1250/269/1073
f 1221/577/1075 1229/377/1075 1245/377/1075 1237/577/1075
f 1233/539/1093 1234/269/1093 1250/269/1093 1249/539/1093
f 38/64/1094 24/56/1094 29/64/1094
