# Blender 5.1.1
# www.blender.org
mtllib newer_alien blaster.mtl
o Cylinder
v 9.233481 2.936284 3.054691
v 9.397529 2.938564 3.189037
v 9.556610 2.982102 3.322316
v 9.704610 3.065224 3.449409
v 9.835840 3.184737 3.565429
v 9.945261 3.336047 3.665920
v 10.028665 3.513340 3.747016
v 10.082847 3.709801 3.805606
v 10.105726 3.917883 3.839433
v 10.096421 4.129588 3.847203
v 10.055292 4.336780 3.828610
v 9.983919 4.531497 3.784376
v 9.885042 4.706255 3.716195
v 9.762464 4.854341 3.626692
v 9.620894 4.970062 3.519303
v 9.465774 5.048972 3.398156
v 9.303061 5.088037 3.267908
v 9.139014 5.085756 3.133561
v 8.979934 5.042219 3.000280
v 8.831934 4.959095 2.873189
v 8.700702 4.839583 2.757168
v 8.591283 4.688273 2.656678
v 8.507877 4.510980 2.575581
v 8.453695 4.314518 2.516994
v 8.430817 4.106437 2.483163
v 8.440121 3.894732 2.475397
v 8.481251 3.687541 2.493986
v 8.552626 3.492823 2.538222
v 8.651502 3.318064 2.606400
v 8.774079 3.169979 2.695907
v 8.915648 3.054258 2.803294
v 9.070769 2.975349 2.924442
v 9.932348 2.987096 2.534993
v 9.768457 2.984819 2.400775
v 10.091278 3.030593 2.668145
v 10.239135 3.113636 2.795116
v 10.370242 3.233034 2.911026
v 10.479559 3.384200 3.011421
v 10.562881 3.561323 3.092440
v 10.617013 3.757598 3.150974
v 10.639871 3.965481 3.184769
v 10.630574 4.176983 3.192530
v 10.589483 4.383977 3.173956
v 10.518180 4.578508 3.129763
v 10.419397 4.753101 3.061648
v 10.296936 4.901045 2.972229
v 10.155499 5.016655 2.864944
v 10.000526 5.095490 2.743913
v 9.837973 5.134516 2.613788
v 9.674081 5.132239 2.479571
v 9.515152 5.088743 2.346418
v 9.367294 5.005700 2.219445
v 9.236189 4.886302 2.103537
v 9.126872 4.735136 2.003142
v 9.043546 4.558012 1.922123
v 8.989415 4.361737 1.863590
v 8.966560 4.153854 1.829794
v 8.975854 3.942352 1.822034
v 9.016945 3.735358 1.840605
v 9.088251 3.540827 1.884801
v 9.187034 3.366234 1.952915
v 9.309494 3.218291 2.042333
v 9.450930 3.102680 2.149619
v 9.605902 3.023846 2.270651
v 10.258249 3.030457 2.134082
v 10.096539 3.028209 2.001649
v 10.415064 3.073375 2.265463
v 10.560955 3.155313 2.390746
v 10.690319 3.273124 2.505113
v 10.798180 3.422279 2.604174
v 10.880397 3.597047 2.684115
v 10.933806 3.790711 2.741869
v 10.956360 3.995830 2.775215
v 10.947186 4.204519 2.782874
v 10.906645 4.408760 2.764548
v 10.836287 4.600704 2.720942
v 10.738819 4.772974 2.653734
v 10.617988 4.918951 2.565504
v 10.478433 5.033023 2.459645
v 10.325521 5.110809 2.340224
v 10.165128 5.149317 2.211829
v 10.003416 5.147070 2.079396
v 9.846601 5.104152 1.948014
v 9.700709 5.022213 1.822732
v 9.571345 4.904403 1.708364
v 9.463483 4.755248 1.609306
v 9.381268 4.580480 1.529363
v 9.327856 4.386816 1.471609
v 9.305304 4.181698 1.438262
v 9.314476 3.973008 1.430604
v 9.355020 3.768767 1.448930
v 9.425376 3.576823 1.492536
v 9.522845 3.404552 1.559744
v 9.643678 3.258576 1.647975
v 9.783233 3.144503 1.753833
v 9.936143 3.066718 1.873255
v 10.327664 3.178244 1.737079
v 10.469574 3.180216 1.853294
v 10.607182 3.217878 1.968587
v 10.735209 3.289782 2.078525
v 10.848727 3.393165 2.178889
v 10.943382 3.524054 2.265814
v 11.015527 3.677418 2.335968
v 11.062399 3.847366 2.386647
v 11.082187 4.027363 2.415912
v 11.074141 4.210496 2.422631
v 11.038561 4.389724 2.406550
v 10.976822 4.558161 2.368283
v 10.891290 4.709335 2.309305
v 10.785254 4.837434 2.231881
v 10.662791 4.937537 2.138987
v 10.528606 5.005797 2.034190
v 10.387856 5.039590 1.921520
v 10.245948 5.037617 1.805305
v 10.108336 4.999955 1.690013
v 9.980311 4.928051 1.580073
v 9.866790 4.824668 1.479712
v 9.772138 4.693779 1.392784
v 9.699990 4.540415 1.322634
v 9.653123 4.370468 1.271948
v 9.633328 4.190469 1.242689
v 9.641378 4.007338 1.235967
v 9.676956 3.828108 1.252052
v 9.738699 3.659672 1.290314
v 9.824229 3.508498 1.349293
v 9.930265 3.380399 1.426716
v 10.052727 3.280296 1.519614
v 10.186915 3.212037 1.624409
v 10.462649 3.513924 1.617051
v 10.387803 3.283299 1.677416
v 10.555069 3.515209 1.692715
v 10.514463 3.285058 1.781143
v 10.644672 3.539734 1.767802
v 10.637288 3.318674 1.884048
v 10.728053 3.586558 1.839379
v 10.751557 3.382851 1.982172
v 10.801960 3.653879 1.904753
v 10.852878 3.475126 2.071754
v 10.863615 3.739114 1.961340
v 10.937363 3.591951 2.149338
v 10.910580 3.838983 2.007044
v 11.001755 3.728837 2.211954
v 10.941119 3.949653 2.040025
v 11.043591 3.880522 2.257188
v 10.953990 4.066865 2.059102
v 11.061252 4.041181 2.283308
v 10.948761 4.186121 2.063462
v 11.054072 4.204635 2.289305
v 10.925588 4.302834 2.052996
v 11.022314 4.364605 2.274951
v 10.885383 4.412519 2.028076
v 10.967209 4.514944 2.240797
v 10.829678 4.510961 1.989679
v 10.890866 4.649873 2.188157
v 10.760643 4.594380 1.939244
v 10.796226 4.764209 2.119051
v 10.680887 4.659564 1.878762
v 10.686921 4.853555 2.036139
v 10.593507 4.704015 1.810518
v 10.567154 4.914480 1.942603
v 10.501854 4.726021 1.737147
v 10.441527 4.944642 1.842038
v 10.409441 4.724737 1.661469
v 10.314866 4.942882 1.738311
v 10.319828 4.700212 1.586393
v 10.192041 4.909266 1.635407
v 10.236465 4.653389 1.514795
v 10.077774 4.845089 1.537281
v 10.162533 4.586065 1.449452
v 9.976451 4.752814 1.447703
v 10.100904 4.500832 1.392833
v 9.891969 4.635990 1.370115
v 10.053917 4.400962 1.347157
v 9.827574 4.499104 1.307503
v 10.023400 4.290293 1.314149
v 9.785742 4.347417 1.262264
v 10.010505 4.173079 1.295103
v 9.768075 4.186759 1.236148
v 10.015759 4.053826 1.290712
v 9.775261 4.023305 1.230148
v 10.038911 3.937112 1.301202
v 9.807014 3.863335 1.244505
v 10.079132 3.827427 1.326102
v 9.862123 3.712996 1.278655
v 10.134814 3.728983 1.364527
v 9.938461 3.578067 1.331299
v 10.203878 3.645567 1.414927
v 10.033106 3.463731 1.400402
v 10.283612 3.580379 1.475436
v 10.142407 3.374386 1.483318
v 10.371007 3.535931 1.543661
v 10.262177 3.313460 1.576851
v 9.315643 2.934265 3.121748
v 9.477683 2.957241 3.255954
v 9.631675 3.020757 3.386522
v 9.771701 3.122373 3.508436
v 9.892380 3.258182 3.617010
v 9.989075 3.422966 3.708071
v 10.058071 3.610393 3.778118
v 10.096715 3.813259 3.824463
v 10.103522 4.023769 3.845322
v 10.078231 4.233833 3.839895
v 10.021814 4.435379 3.808389
v 9.936439 4.620659 3.752017
v 9.825385 4.782557 3.672944
v 9.692923 4.914847 3.574208
v 9.544142 5.012449 3.459604
v 9.384759 5.071609 3.333536
v 9.220900 5.090056 3.200850
v 9.058859 5.067080 3.066643
v 8.904868 5.003563 2.936076
v 8.764841 4.901948 2.814161
v 8.644162 4.766138 2.705588
v 8.547467 4.601354 2.614528
v 8.478472 4.413927 2.544479
v 8.439828 4.211061 2.498134
v 8.433021 4.000550 2.477275
v 8.458312 3.790486 2.482702
v 8.514729 3.588942 2.514208
v 8.600105 3.403660 2.570580
v 8.711157 3.241764 2.649654
v 8.843619 3.109473 2.748391
v 8.992400 3.011872 2.862994
v 9.151784 2.952711 2.989061
v 9.850540 2.982825 2.467771
v 10.012422 3.005779 2.601845
v 10.166262 3.069233 2.732285
v 10.306153 3.170750 2.854080
v 10.426714 3.306426 2.962546
v 10.523314 3.471050 3.053520
v 10.592242 3.658293 3.123498
v 10.630850 3.860961 3.169798
v 10.637650 4.071265 3.190637
v 10.612383 4.281124 3.185215
v 10.556023 4.482473 3.153741
v 10.470729 4.667573 3.097422
v 10.359786 4.829311 3.018426
v 10.227451 4.961473 2.919786
v 10.078815 5.058979 2.805296
v 9.919588 5.118082 2.679351
v 9.755890 5.136510 2.546794
v 9.594007 5.113556 2.412718
v 9.440166 5.050102 2.282277
v 9.300279 4.948586 2.160483
v 9.179715 4.812910 2.052015
v 9.083116 4.648286 1.961043
v 9.014187 4.461042 1.891064
v 8.975581 4.258374 1.844764
v 8.968781 4.048069 1.823925
v 8.994046 3.838211 1.829347
v 9.050408 3.636863 1.860823
v 9.135699 3.451763 1.917141
v 9.246646 3.290024 1.996136
v 9.378977 3.157862 2.094777
v 9.527613 3.060357 2.209267
v 9.686841 3.001254 2.335214
v 9.673181 2.959896 2.852566
v 9.508657 2.957609 2.717831
v 9.832724 3.003560 2.986233
v 9.345473 2.996788 2.587204
v 9.981152 3.086924 3.113694
v 10.112765 3.206783 3.230049
v 10.222502 3.358532 3.330832
v 10.306149 3.536340 3.412164
v 10.360487 3.733371 3.470924
v 10.383433 3.942057 3.504849
v 10.374101 4.154376 3.512640
v 10.332853 4.362168 3.493995
v 10.261271 4.557450 3.449632
v 10.162108 4.732717 3.381254
v 10.039174 4.881231 3.291491
v 9.897193 4.997288 3.183792
v 9.741622 5.076427 3.062292
v 9.578441 5.115605 2.931665
v 9.413916 5.113318 2.796930
v 9.254374 5.069654 2.663264
v 9.105945 4.986290 2.535801
v 8.974332 4.866431 2.419444
v 8.864594 4.714682 2.318663
v 8.780949 4.536874 2.237330
v 8.726607 4.339842 2.178572
v 8.703666 4.131158 2.144645
v 8.712995 3.918839 2.136855
v 8.754245 3.711046 2.155499
v 8.825825 3.515764 2.199863
v 8.924989 3.340497 2.268239
v 9.047921 3.191983 2.358005
v 9.189903 3.075926 2.465705
v 9.144024 4.169306 1.615948
v 10.763971 4.399007 2.957645
v 9.166837 4.376807 1.649682
v 10.804984 4.192392 2.976184
v 9.220870 4.572722 1.708108
v 10.814266 3.981278 2.968437
v 9.304042 4.749521 1.788979
v 10.791448 3.773776 2.934704
v 9.413157 4.900409 1.889189
v 10.737418 3.577862 2.876278
v 9.544022 5.019588 2.004885
v 10.654244 3.401063 2.795407
v 9.691608 5.102479 2.131623
v 9.782192 3.041371 2.055995
v 10.545133 3.250175 2.695197
v 9.850245 5.145895 2.264532
v 9.627503 3.120060 1.935185
v 10.414264 3.130996 2.579500
v 10.013839 5.148169 2.398504
v 9.486328 3.235458 1.828097
v 10.266678 3.048105 2.452762
v 10.176094 5.109213 2.528390
v 9.364093 3.383131 1.738842
v 10.108041 3.004688 2.319854
v 9.944450 3.002414 2.185882
v 10.330784 5.030524 2.649199
v 9.265491 3.557403 1.670854
v 10.471958 4.915125 2.756288
v 9.194317 3.751577 1.626741
v 9.153300 3.958191 1.608202
v 10.594195 4.767453 2.845543
v 10.692795 4.593181 2.913532
v 10.177530 3.026209 2.067751
v 10.337261 3.048859 2.200047
v 10.489063 3.111471 2.328758
v 10.627095 3.211640 2.448936
v 10.746058 3.345517 2.555964
v 10.841377 3.507955 2.645728
v 10.909389 3.692715 2.714780
v 10.947484 3.892694 2.760463
v 10.954195 4.100207 2.781027
v 10.929263 4.307281 2.775676
v 10.873650 4.505958 2.744620
v 10.789490 4.688602 2.689049
v 10.680017 4.848195 2.611101
v 10.549440 4.978602 2.513771
v 10.402775 5.074815 2.400798
v 10.245662 5.133133 2.276525
v 10.084134 5.151317 2.145727
v 9.924402 5.128668 2.013431
v 9.772601 5.066055 1.884720
v 9.634568 4.965887 1.764542
v 9.515606 4.832010 1.657514
v 9.420286 4.669570 1.567749
v 9.352274 4.484812 1.498698
v 9.314180 4.284832 1.453013
v 9.307469 4.077319 1.432451
v 9.332399 3.870245 1.437801
v 9.388015 3.671568 1.468857
v 9.472174 3.488925 1.524429
v 9.581647 3.329332 1.602377
v 9.712224 3.198924 1.699707
v 9.858889 3.102712 1.812680
v 10.016003 3.044393 1.936953
v 10.398737 3.176531 1.795087
v 10.538901 3.196405 1.911178
v 10.672105 3.251348 2.024120
v 10.793227 3.339245 2.129576
v 10.897617 3.456721 2.223493
v 10.981260 3.599260 2.302260
v 11.040940 3.761385 2.362852
v 11.074368 3.936867 2.402941
v 11.080256 4.118958 2.420984
v 11.058379 4.300666 2.416289
v 11.009579 4.475002 2.389038
v 10.935729 4.635272 2.340274
v 10.839665 4.775314 2.271874
v 10.725086 4.889746 2.186468
v 10.596390 4.974172 2.087336
v 10.458522 5.025346 1.978286
v 10.316783 5.041303 1.863511
v 10.176617 5.021429 1.747422
v 10.043414 4.966486 1.634479
v 9.922290 4.878588 1.529024
v 9.817901 4.761112 1.435107
v 9.734258 4.618573 1.356340
v 9.674579 4.456448 1.295746
v 9.641150 4.280966 1.255658
v 9.635262 4.098874 1.237615
v 9.657140 3.917167 1.242310
v 9.705940 3.742830 1.269561
v 9.779790 3.582561 1.318325
v 9.875853 3.442519 1.386725
v 9.990433 3.328087 1.472131
v 10.119129 3.243661 1.571264
v 10.256997 3.192487 1.680313
v 10.522318 3.143683 2.104767
v 10.374664 3.103273 1.981058
v 10.222399 3.101156 1.856361
v 10.071372 3.137416 1.735466
v 10.659690 3.220836 2.222730
v 10.781495 3.331765 2.330420
v 10.883057 3.472208 2.423691
v 10.960471 3.636767 2.498965
v 11.010762 3.819120 2.553343
v 11.031997 4.012257 2.584744
v 11.023361 4.208757 2.591953
v 10.985187 4.401068 2.574699
v 10.918939 4.581800 2.533639
v 10.827164 4.744009 2.470357
v 10.713389 4.881458 2.387280
v 10.581986 4.988868 2.287605
v 10.438006 5.062110 2.175159
v 10.286982 5.098370 2.054264
v 10.134714 5.096254 1.929566
v 9.987060 5.055842 1.805860
v 9.849689 4.978689 1.687894
v 9.727881 4.867761 1.580207
v 9.626321 4.727317 1.486935
v 9.548906 4.562758 1.411662
v 9.498616 4.380406 1.357280
v 9.477379 4.187269 1.325881
v 9.486016 3.990769 1.318672
v 9.524191 3.798457 1.335927
v 9.590441 3.617725 1.376985
v 9.682214 3.455518 1.440269
v 9.795989 3.318067 1.523343
v 9.927391 3.210658 1.623021
v 10.418697 3.401130 1.655647
v 10.508933 3.512857 1.654820
v 10.527764 3.402645 1.744954
v 10.451241 3.281718 1.729190
v 10.600204 3.525798 1.730408
v 10.633517 3.431590 1.833566
v 10.576353 3.299459 1.832813
v 10.686939 3.561573 1.803947
v 10.731915 3.486850 1.918049
v 10.695251 3.348500 1.933625
v 10.765804 3.618807 1.872618
v 10.819150 3.566303 1.995191
v 10.803367 3.426957 2.027755
v 10.833777 3.695301 1.933771
v 10.891904 3.666896 2.061987
v 10.896545 3.531817 2.111586
v 10.888240 3.788114 1.985060
v 10.947343 3.784761 2.115914
v 10.971204 3.659049 2.181894
v 10.927102 3.893680 2.024513
v 10.983373 3.915372 2.154850
v 11.024476 3.803762 2.235980
v 10.948869 4.007944 2.050615
v 10.998572 4.053706 2.177352
v 11.054313 3.960397 2.271762
v 10.952700 4.126512 2.062367
v 10.992395 4.194450 2.182507
v 11.059567 4.122934 2.287868
v 10.938459 4.244829 2.059305
v 10.965049 4.332193 2.170153
v 11.040042 4.285126 2.283677
v 10.906681 4.358347 2.041563
v 10.917599 4.461642 2.140742
v 10.996482 4.440741 2.259351
v 10.858590 4.462705 2.009817
v 10.851861 4.577824 2.095420
v 10.930563 4.583797 2.215826
v 10.796044 4.553892 1.965273
v 10.770378 4.676274 2.035908
v 10.844818 4.708800 2.154771
v 10.721439 4.628404 1.909657
v 10.676256 4.753205 1.964522
v 10.742542 4.810943 2.078537
v 10.637632 4.683377 1.845114
v 10.573131 4.805665 1.883982
v 10.627666 4.886301 1.990052
v 10.547864 4.716699 1.774106
v 10.464959 4.831636 1.797390
v 10.504605 4.931980 1.892713
v 10.455571 4.727089 1.699371
v 10.355897 4.830120 1.708076
v 10.378089 4.946223 1.790265
v 10.364302 4.714148 1.623781
v 10.250139 4.801177 1.619470
v 10.252975 4.928482 1.686643
v 10.277571 4.678373 1.550236
v 10.151750 4.745916 1.534974
v 10.134079 4.879441 1.585830
v 10.198701 4.621139 1.481573
v 10.064502 4.666461 1.457850
v 10.025963 4.800983 1.491700
v 10.130728 4.544645 1.420418
v 9.991763 4.565870 1.391036
v 9.932785 4.696123 1.407868
v 10.076268 4.451832 1.369126
v 9.936312 4.448004 1.337125
v 9.858127 4.568892 1.337560
v 10.037407 4.346265 1.329674
v 9.900293 4.317394 1.298172
v 9.804854 4.424178 1.283475
v 10.015638 4.232001 1.303574
v 9.885078 4.179058 1.275689
v 9.775017 4.267543 1.247692
v 10.011806 4.113433 1.291823
v 9.891272 4.038316 1.270516
v 9.769760 4.105006 1.231587
v 10.026051 3.995117 1.294880
v 9.918607 3.900572 1.282886
v 9.789288 3.942814 1.235777
v 10.057827 3.881598 1.312624
v 9.966065 3.771123 1.312283
v 9.832849 3.787199 1.260103
v 10.105912 3.777240 1.344377
v 10.031791 3.654941 1.357621
v 9.898767 3.644142 1.303628
v 10.168463 3.686053 1.388916
v 10.113290 3.556492 1.417112
v 9.984512 3.519140 1.364683
v 10.243071 3.611541 1.444527
v 10.207398 3.479560 1.488515
v 10.086788 3.416998 1.440917
v 10.326871 3.556568 1.509075
v 10.310532 3.427101 1.569046
v 10.201662 3.341639 1.529404
v 10.416643 3.523247 1.580083
v 10.324724 3.295961 1.626742
v 10.230539 3.259252 1.591412
v 10.364369 3.227121 1.698543
v 10.499304 3.228996 1.809046
v 10.630148 3.264806 1.918672
v 10.751881 3.333176 2.023207
v 10.859819 3.431477 2.118636
v 10.949822 3.555932 2.201289
v 11.018419 3.701758 2.267994
v 11.062989 3.863350 2.316183
v 11.081803 4.034501 2.344009
v 11.074154 4.208631 2.350397
v 11.040321 4.379049 2.335107
v 10.981617 4.539207 2.298723
v 10.900290 4.682949 2.242642
v 10.799468 4.804751 2.169024
v 10.683022 4.899933 2.080695
v 10.555433 4.964838 1.981050
v 10.421603 4.996970 1.873918
v 10.286670 4.995094 1.763416
v 10.155823 4.959284 1.653793
v 10.034091 4.890914 1.549257
v 9.926152 4.792613 1.453827
v 9.836151 4.668159 1.371173
v 9.767551 4.522333 1.304471
v 9.722986 4.360739 1.256279
v 9.704166 4.189589 1.228457
v 9.711822 4.015459 1.222066
v 9.745649 3.845041 1.237358
v 9.804358 3.684883 1.273741
v 9.885683 3.541140 1.329822
v 9.986506 3.419338 1.403439
v 10.102949 3.324156 1.491768
v 10.166082 3.289310 1.540877
v 10.043711 3.369586 1.446615
v 9.934760 3.478395 1.365406
v 9.843420 3.611555 1.300368
v 9.773198 3.763949 1.254002
v 9.726796 3.929719 1.228088
v 9.705994 4.102496 1.223624
v 9.711594 4.275640 1.240780
v 9.743378 4.442498 1.278899
v 9.800125 4.596655 1.336514
v 9.879658 4.732190 1.411409
v 9.978917 4.843893 1.500712
v 10.094089 4.927472 1.600986
v 10.220746 4.979713 1.708378
v 10.354023 4.998611 1.818763
v 10.488797 4.983439 1.927897
v 10.619889 4.934780 2.031587
v 10.742261 4.854503 2.125848
v 10.851212 4.745694 2.207057
v 10.942553 4.612535 2.272096
v 11.012774 4.460141 2.318462
v 11.059176 4.294371 2.344376
v 11.079977 4.121594 2.348840
v 11.074379 3.948450 2.331683
v 11.042596 3.781592 2.293566
v 10.985846 3.627434 2.235951
v 10.906314 3.491899 2.161054
v 10.807054 3.380197 2.071752
v 10.691884 3.296618 1.971478
v 10.565226 3.244376 1.864087
v 10.431952 3.225478 1.753700
v 10.297175 3.240651 1.644565
v 10.364389 3.412066 1.612012
v 10.258431 3.451395 1.528203
v 10.159523 3.516280 1.452015
v 10.071464 3.604226 1.386377
v 9.997634 3.711855 1.333809
v 9.940878 3.835029 1.296332
v 9.903371 3.969015 1.275388
v 9.886559 4.108665 1.271778
v 9.891083 4.248611 1.285648
v 9.916775 4.383476 1.316456
v 9.962644 4.508076 1.363023
v 10.026925 4.617624 1.423561
v 10.107151 4.707910 1.495741
v 10.200241 4.775464 1.576786
v 10.302612 4.817689 1.663589
v 10.410336 4.832963 1.752810
v 10.519271 4.820700 1.841018
v 10.625227 4.781370 1.924829
v 10.724139 4.716486 2.001014
v 10.812197 4.628539 2.066654
v 10.886024 4.520911 2.119225
v 10.942782 4.397736 2.156699
v 10.980289 4.263751 2.177644
v 10.997100 4.124101 2.181254
v 10.992577 3.984154 2.167384
v 10.966886 3.849290 2.136576
v 10.921017 3.724689 2.090008
v 10.856734 3.615141 2.029471
v 10.776507 3.524855 1.957294
v 10.683420 3.457302 1.876243
v 10.581046 3.415076 1.789443
v 10.473322 3.399802 1.700225
v 9.998637 3.171335 1.678438
v 9.860544 3.261924 1.572068
v 9.737598 3.384712 1.480425
v 9.634523 3.534977 1.407031
v 9.555282 3.706948 1.354709
v 9.502915 3.894014 1.325466
v 9.479442 4.088987 1.320429
v 9.485760 4.284374 1.339790
v 9.521627 4.472667 1.382805
v 9.585667 4.646629 1.447821
v 9.675415 4.799575 1.532341
v 9.787427 4.925628 1.633113
v 9.917393 5.019943 1.746269
v 10.060321 5.078897 1.867458
v 10.210720 5.100223 1.992022
v 10.362808 5.083101 2.115177
v 10.510740 5.028191 2.232188
v 10.648833 4.937601 2.338557
v 10.771779 4.814814 2.430201
v 10.874855 4.664547 2.503593
v 10.954099 4.492578 2.555917
v 11.006461 4.305511 2.585160
v 11.029935 4.110538 2.590196
v 11.023617 3.915151 2.570835
v 10.987750 3.726858 2.527820
v 10.923712 3.552896 2.462804
v 10.833962 3.399950 2.378285
v 10.721951 3.273898 2.277512
v 10.591984 3.179582 2.164356
v 10.146571 3.116425 1.795448
v 10.298658 3.099303 1.918602
v 10.449057 3.120629 2.043169
v 10.645433 4.682083 2.881252
v 9.171458 3.854241 1.615502
v 10.534694 4.843525 2.802399
v 9.227716 3.653261 1.646919
v 10.402603 4.975444 2.703942
v 10.026382 3.000423 2.252753
v 9.312852 3.468501 1.703134
v 10.254238 5.072772 2.589660
v 10.187966 3.023335 2.386582
v 9.423594 3.307059 1.781985
v 10.095304 5.131766 2.463946
v 10.341526 3.086673 2.516784
v 9.555684 3.175140 1.880443
v 9.931904 5.150161 2.331632
v 10.481159 3.188003 2.638355
v 9.704047 3.077813 1.994725
v 9.770319 5.127249 2.197804
v 10.601499 3.323431 2.746624
v 9.862983 3.018818 2.120439
v 9.616761 5.063911 2.067600
v 10.697923 3.487752 2.837429
v 9.477128 4.962581 1.946029
v 10.766725 3.674653 2.907280
v 9.356788 4.827153 1.837761
v 10.805261 3.876950 2.953495
v 9.260363 4.662831 1.746956
v 10.812049 4.086868 2.974295
v 9.191562 4.475931 1.677105
v 10.786828 4.296343 2.968883
v 9.153026 4.273633 1.630891
v 10.730569 4.497322 2.937466
v 9.146238 4.063715 1.610089
v 9.266884 3.033437 2.525584
v 9.117673 3.131320 2.410650
v 8.984830 3.263992 2.311629
v 8.873458 3.426354 2.232327
v 8.787835 3.612170 2.175793
v 8.731256 3.814295 2.144197
v 8.705892 4.024964 2.138754
v 8.712718 4.236081 2.159672
v 8.751474 4.439531 2.206152
v 8.820669 4.627498 2.276401
v 8.917642 4.792757 2.367725
v 9.038670 4.928957 2.476610
v 9.179098 5.030865 2.598875
v 9.333534 5.094564 2.729820
v 9.496039 5.117607 2.864413
v 9.660371 5.099107 2.997480
v 9.820213 5.039776 3.123913
v 9.969423 4.941894 3.238846
v 10.102267 4.809222 3.337865
v 10.213639 4.646859 3.417166
v 10.299262 4.461044 3.473702
v 10.355841 4.258919 3.505299
v 10.381205 4.048251 3.510741
v 10.374377 3.837134 3.489822
v 10.335623 3.633682 3.443344
v 10.266429 3.445717 3.373095
v 10.169455 3.280457 3.281770
v 10.048428 3.144257 3.172885
v 9.907998 3.042349 3.050620
v 9.426725 2.974107 2.652014
v 9.753565 2.978649 2.919676
v 9.591056 2.955607 2.785082
v 10.597548 3.557149 1.545865
v 10.674396 3.641346 1.450597
v 10.711827 3.643249 1.481526
v 10.640890 3.559461 1.581519
v 10.683362 3.569317 1.616936
v 10.748618 3.651870 1.512079
v 10.784872 3.663209 1.542385
v 10.725171 3.582520 1.652050
v 10.764915 3.602955 1.686080
v 10.819154 3.680965 1.571898
v 10.852482 3.701273 1.600847
v 10.803499 3.626533 1.719405
v 10.839067 3.656768 1.750648
v 10.883306 3.727514 1.627731
v 10.912845 3.756048 1.653708
v 10.873046 3.689826 1.780778
v 10.902978 3.728690 1.808145
v 10.938580 3.789726 1.677476
v 10.962706 3.825345 1.700075
v 10.930927 3.769947 1.834067
v 10.954186 3.815957 1.856369
v 10.982876 3.865210 1.719185
v 11.001194 3.906593 1.736887
v 10.975157 3.863837 1.876935
v 10.990724 3.915215 1.893464
v 11.014483 3.951067 1.751273
v 11.025741 3.996575 1.764066
v 11.003788 3.967867 1.908036
v 11.011190 4.022650 1.918007
v 11.032179 4.043995 1.772510
v 11.036470 4.091928 1.779262
v 11.015958 4.078062 1.925883
v 11.014793 4.134132 1.929057
v 11.035314 4.140428 1.782045
v 11.032026 4.188901 1.783042
v 11.010992 4.190166 1.930045
v 11.001404 4.245378 1.926176
v 11.023708 4.236652 1.779582
v 11.013289 4.283833 1.774396
v 10.989237 4.299886 1.920170
v 10.971524 4.352113 1.909495
v 10.997869 4.328977 1.765143
v 10.980511 4.373031 1.754228
v 10.951419 4.402996 1.896770
v 10.926308 4.450234 1.879647
v 10.958774 4.413851 1.739305
v 10.935341 4.453107 1.722833
v 10.899089 4.495543 1.860630
v 10.867498 4.535972 1.837764
v 10.907894 4.488013 1.703094
v 10.879012 4.520935 1.682037
v 10.834143 4.573958 1.813277
v 10.797353 4.606032 1.785471
v 10.847204 4.548612 1.657878
v 10.814278 4.573962 1.632686
v 10.759200 4.635240 1.756376
v 10.718555 4.657719 1.724787
v 10.779070 4.593323 1.605358
v 10.743169 4.610109 1.577238
v 10.677045 4.677025 1.692237
v 10.634150 4.689050 1.658021
v 10.706047 4.620422 1.547625
v 10.668616 4.628006 1.517577
v 10.590882 4.697712 1.623265
v 10.547374 4.698819 1.587753
v 10.630985 4.628872 1.486841
v 10.593471 4.626962 1.456013
v 10.504012 4.696505 1.552120
v 10.461558 4.686651 1.516681
v 10.556767 4.618348 1.425353
v 10.520615 4.607018 1.394922
v 10.419777 4.673450 1.481533
v 10.380012 4.653014 1.447531
v 10.486214 4.589252 1.365558
v 10.452733 4.568931 1.336794
v 10.341387 4.629432 1.414254
v 10.305852 4.599200 1.382970
v 10.422083 4.542705 1.309698
v 10.392737 4.514188 1.283484
v 10.271921 4.566146 1.352781
v 10.241943 4.527277 1.325471
v 10.366800 4.480492 1.259964
v 10.342473 4.444855 1.237610
v 10.213949 4.486017 1.299604
v 10.190737 4.440011 1.277244
v 10.322500 4.405007 1.218259
v 10.304371 4.363641 1.200327
v 10.169806 4.392135 1.256628
v 10.154198 4.340753 1.240150
v 10.290897 4.319151 1.186168
v 10.279453 4.273626 1.173602
v 10.141091 4.288096 1.225630
v 10.133728 4.233318 1.215610
v 10.273203 4.226222 1.164927
v 10.269104 4.178307 1.157941
v 10.129007 4.177909 1.207680
v 10.130127 4.121836 1.204558
v 10.270070 4.129790 1.155389
v 10.273175 4.081302 1.154617
v 10.133890 4.065798 1.203618
v 10.143520 4.010590 1.207435
v 10.281666 4.033565 1.157865
v 10.292247 3.986399 1.162854
v 10.155722 3.956085 1.213399
v 10.173397 3.903855 1.224119
v 10.307505 3.941240 1.172302
v 10.324699 3.897171 1.183421
v 10.193462 3.852968 1.236895
v 10.218612 3.805733 1.253975
v 10.346615 3.856367 1.198123
v 10.370250 3.817130 1.214349
v 10.245878 3.760429 1.272930
v 10.277423 3.719995 1.295851
v 10.397487 3.782205 1.234345
v 10.426164 3.749265 1.255653
v 10.310735 3.682006 1.320393
v 10.347574 3.649936 1.348137
v 10.458164 3.721604 1.279576
v 10.491254 3.696269 1.304568
v 10.385757 3.620730 1.377196
v 10.426366 3.598248 1.408828
v 10.526320 3.676896 1.332071
v 10.562094 3.660098 1.360346
v 10.467850 3.578940 1.441411
v 10.510772 3.566919 1.475593
v 10.599326 3.649795 1.389825
v 10.636852 3.642220 1.419757
v 10.554060 3.558258 1.510327
v 10.760482 3.394505 1.349668
v 10.817015 3.398180 1.396482
v 10.872808 3.410432 1.442719
v 10.927477 3.428360 1.488443
v 10.979548 3.454464 1.533254
v 11.029645 3.485900 1.576877
v 11.076648 3.524911 1.617742
v 11.120953 3.568711 1.656724
v 11.160294 3.619062 1.693032
v 11.196271 3.673468 1.726894
v 11.227336 3.733300 1.756152
v 11.254520 3.796302 1.782469
v 11.275167 3.863236 1.804713
v 11.291568 3.932330 1.823635
v 11.301943 4.003874 1.836860
v 11.307844 4.076485 1.846537
v 11.306699 4.149815 1.851276
v 11.301085 4.223084 1.852304
v 11.289124 4.295440 1.847565
v 11.272781 4.366601 1.839204
v 11.250025 4.435163 1.825707
v 11.223209 4.501448 1.808735
v 11.190864 4.563613 1.786595
v 11.154953 4.622508 1.761238
v 11.113855 4.675848 1.731800
v 11.069757 4.725045 1.699611
v 11.021998 4.767558 1.663381
v 10.971923 4.805212 1.624969
v 10.918897 4.835225 1.583878
v 10.864412 4.859858 1.541155
v 10.808375 4.876235 1.496517
v 10.751704 4.886913 1.450964
v 10.694780 4.889024 1.404528
v 10.638103 4.885335 1.357889
v 10.582464 4.873097 1.311464
v 10.527968 4.855185 1.265527
v 10.475678 4.829062 1.220981
v 10.425327 4.797603 1.177672
v 10.378633 4.758619 1.136431
v 10.334658 4.714849 1.097045
v 10.294967 4.664467 1.061166
v 10.258639 4.610030 1.027731
v 10.227916 4.550228 0.998055
v 10.201057 4.487254 0.971340
v 10.180090 4.420293 0.949488
v 10.163367 4.351170 0.930961
v 10.153319 4.279655 0.917334
v 10.147752 4.207073 0.907249
v 10.148569 4.133715 0.902911
v 10.153863 4.060417 0.902276
v 10.166122 3.988088 0.906649
v 10.182748 3.916952 0.914665
v 10.205227 3.848364 0.928502
v 10.231752 3.782053 0.945826
v 10.264414 3.719917 0.967582
v 10.300672 3.661053 0.992514
v 10.341407 3.607680 1.022395
v 10.385144 3.558452 1.055022
v 10.433232 3.515968 1.090852
v 10.483599 3.478339 1.128906
v 10.536380 3.448305 1.170296
v 10.590642 3.423653 1.213294
v 10.646866 3.407292 1.257704
v 10.703709 3.396629 1.303050
v 9.044892 2.910219 3.452766
v 8.962731 2.912238 3.385708
v 9.206932 2.933195 3.586971
v 9.126778 2.914519 3.520055
v 9.360925 2.996712 3.717540
v 9.285860 2.958056 3.653333
v 9.500950 3.098327 3.839454
v 9.433859 3.041179 3.780427
v 9.621630 3.234137 3.948027
v 9.565090 3.160691 3.896447
v 9.718324 3.398921 4.039088
v 9.674511 3.312001 3.996938
v 9.787319 3.586348 4.109137
v 9.757914 3.489295 4.078033
v 9.825964 3.789214 4.155480
v 9.812096 3.685756 4.136624
v 9.832772 3.999724 4.176339
v 9.834975 3.893838 4.170450
v 9.807481 4.209788 4.170912
v 9.825671 4.105543 4.178220
v 9.751062 4.411334 4.139407
v 9.784542 4.312734 4.159627
v 9.665688 4.596614 4.083034
v 9.713167 4.507452 4.115394
v 9.554635 4.758512 4.003961
v 9.614292 4.682210 4.047213
v 9.422173 4.890802 3.905226
v 9.491713 4.830296 3.957710
v 9.273392 4.988403 3.790621
v 9.350142 4.946017 3.850320
v 9.114007 5.047564 3.664554
v 9.195022 5.024926 3.729174
v 8.950148 5.066010 3.531868
v 9.032311 5.063991 3.598925
v 8.788109 5.043034 3.397660
v 8.868262 5.061711 3.464579
v 8.634118 4.979517 3.267093
v 8.709183 5.018174 3.331298
v 8.494091 4.877903 3.145178
v 8.561183 4.935050 3.204207
v 8.373411 4.742093 3.036606
v 8.429951 4.815538 3.088186
v 8.276716 4.577309 2.945545
v 8.320531 4.664228 2.987696
v 8.207721 4.389882 2.875497
v 8.237126 4.486935 2.906599
v 8.169078 4.187016 2.829151
v 8.182944 4.290473 2.848011
v 8.162270 3.976505 2.808292
v 8.160066 4.082391 2.814181
v 8.187560 3.766441 2.813720
v 8.169370 3.870687 2.806415
v 8.243978 3.564897 2.845225
v 8.210501 3.663496 2.825003
v 8.329353 3.379615 2.901597
v 8.281875 3.468778 2.869240
v 8.440407 3.217719 2.980671
v 8.380751 3.294019 2.937418
v 8.572869 3.085427 3.079408
v 8.503329 3.145934 3.026924
v 8.721648 2.987826 3.194011
v 8.644898 3.030213 3.134311
v 8.881032 2.928666 3.320079
v 8.800018 2.951303 3.255460
v 8.902154 2.897542 3.627277
v 8.819992 2.899562 3.560220
v 9.064193 2.920519 3.761484
v 8.984038 2.901842 3.694566
v 9.218185 2.984035 3.892051
v 9.143120 2.945379 3.827845
v 9.358210 3.085651 4.013966
v 9.291119 3.028502 3.954939
v 9.478889 3.221460 4.122540
v 9.422351 3.148014 4.070958
v 9.575585 3.386244 4.213600
v 9.531771 3.299325 4.171450
v 9.644581 3.573671 4.283648
v 9.615173 3.476618 4.252546
v 9.683224 3.776537 4.329993
v 9.669357 3.673079 4.311135
v 9.690032 3.987048 4.350853
v 9.692236 3.881161 4.344962
v 9.664741 4.197111 4.345425
v 9.682932 4.092865 4.352732
v 9.608324 4.398656 4.313919
v 9.641802 4.300057 4.334140
v 9.522948 4.583938 4.257546
v 9.570428 4.494774 4.289906
v 9.411896 4.745834 4.178473
v 9.471552 4.669534 4.221725
v 9.279433 4.878125 4.079738
v 9.348973 4.817619 4.132222
v 9.130651 4.975727 3.965134
v 9.207403 4.933340 4.024833
v 8.971269 5.034887 3.839066
v 9.052282 5.012249 3.903686
v 8.807408 5.053334 3.706380
v 8.889572 5.051314 3.773437
v 8.645369 5.030357 3.572173
v 8.725523 5.049034 3.639091
v 8.491379 4.966841 3.441605
v 8.566442 5.005497 3.505810
v 8.351352 4.865226 3.319690
v 8.418444 4.922374 3.378719
v 8.230672 4.729416 3.211118
v 8.287211 4.802861 3.262697
v 8.133977 4.564632 3.120057
v 8.177792 4.651551 3.162209
v 8.064981 4.377205 3.050008
v 8.094388 4.474258 3.081110
v 8.026338 4.174338 3.003664
v 8.040205 4.277796 3.022523
v 8.019530 3.963829 2.982805
v 8.017326 4.069715 2.988693
v 8.044822 3.753765 2.988231
v 8.026631 3.858010 2.980926
v 8.101238 3.552219 3.019738
v 8.067760 3.650819 2.999516
v 8.186615 3.366938 3.076109
v 8.139134 3.456101 3.043752
v 8.297668 3.205042 3.155183
v 8.238011 3.281342 3.111929
v 8.430130 3.072751 3.253921
v 8.360589 3.133256 3.201436
v 8.578911 2.975150 3.368523
v 8.502158 3.017536 3.308824
v 8.738294 2.915989 3.494591
v 8.657280 2.938627 3.429971
v 8.909945 2.898235 3.617751
v 8.734282 3.143185 3.828092
v 8.671905 3.144718 3.777181
v 8.827784 2.900254 3.550693
v 9.071985 2.921211 3.751957
v 8.857306 3.160629 3.929984
v 8.796451 3.146449 3.879179
v 8.991831 2.902534 3.685040
v 9.225977 2.984727 3.882525
v 8.974220 3.208851 4.029114
v 8.917229 3.179504 3.980366
v 9.150912 2.946072 3.818318
v 9.366002 3.086342 4.004440
v 9.080529 3.286000 4.121673
v 9.029593 3.242611 4.076859
v 9.298910 3.029194 3.945413
v 9.486682 3.222152 4.113012
v 9.172153 3.389110 4.204104
v 9.129227 3.333348 4.164943
v 9.430143 3.148707 4.061431
v 9.583377 3.386936 4.204074
v 9.245564 3.514216 4.273238
v 9.212300 3.448225 4.241238
v 9.539562 3.300016 4.161923
v 9.652372 3.574363 4.274122
v 9.297947 3.656514 4.326421
v 9.275621 3.582829 4.302807
v 9.622965 3.477310 4.243020
v 9.691017 3.777229 4.320466
v 9.327288 3.810533 4.361606
v 9.316758 3.731986 4.347290
v 9.677150 3.673771 4.301608
v 9.697824 3.987740 4.341325
v 9.332456 3.970356 4.377442
v 9.334127 3.889966 4.372971
v 9.700028 3.881854 4.335436
v 9.672533 4.197803 4.335897
v 9.313255 4.129840 4.373322
v 9.327065 4.050695 4.378871
v 9.690723 4.093558 4.343204
v 9.616116 4.399349 4.304393
v 9.270420 4.282858 4.349401
v 9.295838 4.208000 4.364755
v 9.649594 4.300750 4.324614
v 9.530740 4.584630 4.248020
v 9.205602 4.423527 4.306603
v 9.241650 4.355832 4.331171
v 9.578220 4.495467 4.280380
v 9.419687 4.746526 4.168946
v 9.121288 4.546441 4.246570
v 9.166581 4.488512 4.279408
v 9.479343 4.670226 4.212198
v 9.287226 4.878817 4.070210
v 9.020721 4.646879 4.171608
v 9.073516 4.600942 4.211454
v 9.356766 4.818311 4.122696
v 9.138443 4.976419 3.955607
v 8.907763 4.720979 4.084599
v 8.966035 4.688798 4.129923
v 9.215196 4.934032 4.015306
v 8.979060 5.035579 3.829540
v 8.786757 4.765895 3.988885
v 8.848264 4.748708 4.037946
v 9.060075 5.012941 3.894160
v 8.815200 5.054026 3.696853
v 8.662352 4.779900 3.888147
v 8.724731 4.778367 3.939059
v 8.897365 5.052006 3.763910
v 8.653161 5.031050 3.562646
v 8.539328 4.762456 3.786256
v 8.600183 4.776636 3.837060
v 8.733315 5.049726 3.629565
v 8.499171 4.967533 3.432078
v 8.422416 4.714233 3.687126
v 8.479406 4.743581 3.735872
v 8.574235 5.006189 3.496284
v 8.359144 4.865918 3.310164
v 8.316105 4.637085 3.594567
v 8.367043 4.680473 3.639382
v 8.426236 4.923066 3.369193
v 8.238464 4.730108 3.201591
v 8.224482 4.533976 3.512136
v 8.267409 4.589737 3.551298
v 8.295004 4.803554 3.253171
v 8.141768 4.565324 3.110530
v 8.151070 4.408868 3.443001
v 8.184336 4.474860 3.475004
v 8.185583 4.652243 3.152683
v 8.072774 4.377897 3.040481
v 8.098687 4.266571 3.389819
v 8.121013 4.340256 3.413432
v 8.102180 4.474951 3.071584
v 8.034130 4.175031 2.994138
v 8.069348 4.112551 3.354634
v 8.079877 4.191098 3.368951
v 8.047997 4.278488 3.012996
v 8.027323 3.964520 2.973278
v 8.064181 3.952728 3.338796
v 8.062508 4.033120 3.343267
v 8.025119 4.070407 2.979166
v 8.052614 3.754457 2.978704
v 8.083382 3.793243 3.342917
v 8.069571 3.872389 3.337371
v 8.034423 3.858702 2.971399
v 8.109031 3.552911 3.010211
v 8.126215 3.640226 3.366836
v 8.100798 3.715086 3.351483
v 8.075553 3.651511 2.989989
v 8.194407 3.367630 3.066582
v 8.191033 3.499559 3.409634
v 8.154986 3.567253 3.385070
v 8.146926 3.456793 3.034226
v 8.305460 3.205734 3.145656
v 8.275347 3.376644 3.469669
v 8.230056 3.434572 3.436831
v 8.245803 3.282034 3.102403
v 8.437922 3.073443 3.244394
v 8.375913 3.276206 3.544631
v 8.323118 3.322143 3.504786
v 8.368381 3.133949 3.191910
v 8.586702 2.975842 3.358996
v 8.488872 3.202105 3.631643
v 8.430599 3.234286 3.586316
v 8.509951 3.018228 3.299297
v 8.746086 2.916681 3.485064
v 8.609878 3.157190 3.727354
v 8.548370 3.174376 3.678294
v 8.665071 2.939319 3.420444
v 10.968549 3.945879 1.086242
v 10.984922 3.946944 1.099800
v 11.001082 3.950492 1.113192
v 11.016917 3.955685 1.126437
v 11.031998 3.963246 1.139416
v 11.046509 3.972351 1.152050
v 11.060122 3.983650 1.163887
v 11.072955 3.996336 1.175177
v 11.084351 4.010920 1.185693
v 11.094771 4.026678 1.195501
v 11.103767 4.044008 1.203976
v 11.111642 4.062255 1.211599
v 11.117623 4.081642 1.218041
v 11.122374 4.101655 1.223521
v 11.125377 4.122376 1.227351
v 11.127087 4.143408 1.230154
v 11.126754 4.164648 1.231527
v 11.125130 4.185869 1.231825
v 11.121664 4.206826 1.230453
v 11.116931 4.227437 1.228031
v 11.110340 4.247295 1.224121
v 11.102573 4.266494 1.219206
v 11.093204 4.284499 1.212793
v 11.082803 4.301558 1.205449
v 11.070899 4.317008 1.196922
v 11.058127 4.331256 1.187599
v 11.044294 4.343570 1.177105
v 11.029790 4.354476 1.165979
v 11.014432 4.363170 1.154078
v 10.998652 4.370304 1.141703
v 10.982421 4.375048 1.128775
v 10.966005 4.378140 1.115580
v 10.949519 4.378752 1.102131
v 10.933104 4.377683 1.088623
v 10.916987 4.374139 1.075175
v 10.901203 4.368950 1.061871
v 10.886059 4.361384 1.048968
v 10.871474 4.352273 1.036423
v 10.857949 4.340981 1.024479
v 10.845212 4.328304 1.013072
v 10.833716 4.313711 1.002680
v 10.823195 4.297944 0.992997
v 10.814298 4.280622 0.984401
v 10.806518 4.262383 0.976663
v 10.800445 4.242988 0.970333
v 10.795600 4.222968 0.964967
v 10.792689 4.202254 0.961021
v 10.791078 4.181231 0.958100
v 10.791314 4.159983 0.956843
v 10.792848 4.138753 0.956658
v 10.796400 4.117805 0.957925
v 10.801214 4.097200 0.960247
v 10.807724 4.077335 0.964255
v 10.815408 4.058128 0.969273
v 10.824868 4.040132 0.975575
v 10.835368 4.023082 0.982796
v 10.847167 4.007623 0.991449
v 10.859837 3.993365 1.000900
v 10.873763 3.981060 1.011277
v 10.888351 3.970161 1.022300
v 10.903640 3.961462 1.034289
v 10.919356 3.954321 1.046742
v 10.935641 3.949583 1.059605
v 10.952104 3.946494 1.072739
v 11.076571 3.955473 0.954175
v 11.092945 3.956537 0.967734
v 11.109104 3.960086 0.981126
v 11.124938 3.965279 0.994369
v 11.140019 3.972839 1.007349
v 11.154531 3.981944 1.019983
v 11.168144 3.993244 1.031820
v 11.180977 4.005930 1.043110
v 11.192372 4.020514 1.053626
v 11.202793 4.036271 1.063434
v 11.211789 4.053601 1.071909
v 11.219664 4.071849 1.079531
v 11.225645 4.091236 1.085975
v 11.230395 4.111248 1.091454
v 11.233398 4.131970 1.095284
v 11.235108 4.153001 1.098088
v 11.234776 4.174241 1.099460
v 11.233151 4.195462 1.099759
v 11.229685 4.216420 1.098385
v 11.224954 4.237031 1.095964
v 11.218362 4.256889 1.092055
v 11.210595 4.276087 1.087140
v 11.201225 4.294093 1.080726
v 11.190825 4.311152 1.073382
v 11.178921 4.326601 1.064856
v 11.166149 4.340850 1.055532
v 11.152316 4.353164 1.045039
v 11.137812 4.364070 1.033913
v 11.122455 4.372763 1.022012
v 11.106673 4.379898 1.009637
v 11.090443 4.384641 0.996708
v 11.074027 4.387734 0.983513
v 11.057541 4.388345 0.970065
v 11.041125 4.387277 0.956557
v 11.025009 4.383732 0.943108
v 11.009225 4.378544 0.929804
v 10.994081 4.370978 0.916902
v 10.979496 4.361866 0.904357
v 10.965970 4.350574 0.892413
v 10.953235 4.337897 0.881005
v 10.941737 4.323305 0.870612
v 10.931218 4.307537 0.860929
v 10.922318 4.290216 0.852335
v 10.914539 4.271976 0.844596
v 10.908466 4.252582 0.838267
v 10.903623 4.232561 0.832900
v 10.900712 4.211848 0.828954
v 10.899097 4.190825 0.826032
v 10.899336 4.169577 0.824776
v 10.900869 4.148347 0.824592
v 10.904421 4.127398 0.825859
v 10.909236 4.106794 0.828180
v 10.915746 4.086928 0.832189
v 10.923430 4.067722 0.837206
v 10.932889 4.049725 0.843507
v 10.943390 4.032676 0.850728
v 10.955190 4.017217 0.859383
v 10.967858 4.002958 0.868832
v 10.981785 3.990653 0.879211
v 10.996374 3.979754 0.890233
v 11.011661 3.971056 0.902220
v 11.027378 3.963915 0.914675
v 11.043662 3.959176 0.927539
v 11.060126 3.956088 0.940672
v 11.149807 3.619160 0.870456
v 11.192016 3.621904 0.905408
v 11.233672 3.631052 0.939930
v 11.274488 3.644437 0.974068
v 11.313366 3.663927 1.007526
v 11.350771 3.687397 1.040096
v 11.385861 3.716525 1.070606
v 11.418942 3.749226 1.099712
v 11.448315 3.786819 1.126819
v 11.475179 3.827440 1.152101
v 11.498368 3.872112 1.173946
v 11.518668 3.919151 1.193596
v 11.534083 3.969125 1.210202
v 11.546327 4.020712 1.224330
v 11.554071 4.074128 1.234205
v 11.558479 4.128341 1.241429
v 11.557624 4.183091 1.244967
v 11.553432 4.237795 1.245734
v 11.544501 4.291818 1.242196
v 11.532299 4.344948 1.235955
v 11.515310 4.396138 1.225876
v 11.495290 4.445628 1.213205
v 11.471140 4.492041 1.196675
v 11.444327 4.536014 1.177743
v 11.413643 4.575839 1.155763
v 11.380720 4.612570 1.131731
v 11.345059 4.644311 1.104680
v 11.307673 4.672424 1.076002
v 11.268083 4.694833 1.045323
v 11.227403 4.713225 1.013424
v 11.185565 4.725452 0.980097
v 11.143252 4.733425 0.946084
v 11.100753 4.735000 0.911415
v 11.058436 4.732246 0.876595
v 11.016894 4.723109 0.841931
v 10.976207 4.709735 0.807634
v 10.937167 4.690231 0.774375
v 10.899572 4.666744 0.742040
v 10.864709 4.637637 0.711249
v 10.831877 4.604957 0.681843
v 10.802242 4.567341 0.655054
v 10.775120 4.526697 0.630090
v 10.752181 4.482048 0.607934
v 10.732128 4.435030 0.587987
v 10.716474 4.385036 0.571673
v 10.703987 4.333427 0.557839
v 10.696486 4.280033 0.547666
v 10.692328 4.225841 0.540136
v 10.692940 4.171070 0.536896
v 10.696892 4.116344 0.536423
v 10.706046 4.062342 0.539688
v 10.718458 4.009230 0.545673
v 10.735239 3.958021 0.556004
v 10.755046 3.908511 0.568938
v 10.779431 3.862119 0.585182
v 10.806501 3.818170 0.603797
v 10.836916 3.778321 0.626106
v 10.869572 3.741566 0.650466
v 10.905475 3.709847 0.677218
v 10.943079 3.681753 0.705631
v 10.982488 3.659328 0.736533
v 11.023001 3.640922 0.768635
v 11.064978 3.628706 0.801794
v 11.107417 3.620745 0.835650
v 11.231747 4.094246 0.762334
v 11.238702 4.094698 0.768093
v 11.245565 4.096206 0.773782
v 11.252292 4.098412 0.779406
v 11.258698 4.101623 0.784920
v 11.264861 4.105490 0.790287
v 11.270643 4.110289 0.795313
v 11.276094 4.115677 0.800109
v 11.280934 4.121872 0.804576
v 11.285360 4.128565 0.808742
v 11.289182 4.135926 0.812342
v 11.292526 4.143676 0.815579
v 11.295066 4.151911 0.818315
v 11.297084 4.160411 0.820643
v 11.298360 4.169212 0.822270
v 11.299085 4.178145 0.823461
v 11.298944 4.187167 0.824044
v 11.298254 4.196180 0.824170
v 11.296782 4.205082 0.823587
v 11.294772 4.213836 0.822559
v 11.291972 4.222272 0.820898
v 11.288673 4.230426 0.818811
v 11.284695 4.238073 0.816087
v 11.280278 4.245319 0.812967
v 11.275221 4.251881 0.809346
v 11.269795 4.257934 0.805386
v 11.263922 4.263164 0.800928
v 11.257760 4.267796 0.796203
v 11.251236 4.271488 0.791147
v 11.244533 4.274519 0.785891
v 11.237638 4.276534 0.780400
v 11.230668 4.277848 0.774796
v 11.223664 4.278107 0.769084
v 11.216692 4.277653 0.763346
v 11.209848 4.276147 0.757634
v 11.203141 4.273943 0.751983
v 11.196711 4.270730 0.746504
v 11.190516 4.266860 0.741176
v 11.184772 4.262064 0.736101
v 11.179362 4.256679 0.731257
v 11.174479 4.250481 0.726842
v 11.170009 4.243784 0.722728
v 11.166230 4.236427 0.719078
v 11.162926 4.228680 0.715792
v 11.160346 4.220442 0.713102
v 11.158288 4.211938 0.710824
v 11.157052 4.203140 0.709147
v 11.156367 4.194211 0.707907
v 11.156468 4.185186 0.707372
v 11.157120 4.176168 0.707295
v 11.158628 4.167271 0.707833
v 11.160673 4.158519 0.708819
v 11.163439 4.150082 0.710521
v 11.166701 4.141923 0.712652
v 11.170719 4.134280 0.715328
v 11.175180 4.127038 0.718396
v 11.180192 4.120472 0.722072
v 11.185574 4.114416 0.726086
v 11.191489 4.109189 0.730494
v 11.197684 4.104559 0.735175
v 11.204178 4.100865 0.740268
v 11.210854 4.097832 0.745557
v 11.217771 4.095819 0.751020
v 11.224763 4.094508 0.756599
v 11.300916 4.100389 0.677768
v 11.307872 4.100842 0.683527
v 11.314735 4.102349 0.689215
v 11.321462 4.104555 0.694841
v 11.327868 4.107766 0.700354
v 11.334031 4.111633 0.705721
v 11.339812 4.116433 0.710748
v 11.345263 4.121820 0.715544
v 11.350103 4.128015 0.720011
v 11.354530 4.134708 0.724176
v 11.358352 4.142069 0.727776
v 11.361695 4.149820 0.731014
v 11.364235 4.158054 0.733749
v 11.366253 4.166554 0.736078
v 11.367529 4.175356 0.737704
v 11.368255 4.184289 0.738895
v 11.368114 4.193310 0.739477
v 11.367423 4.202324 0.739605
v 11.365952 4.211225 0.739021
v 11.363941 4.219980 0.737993
v 11.361142 4.228415 0.736331
v 11.357843 4.236569 0.734244
v 11.353865 4.244217 0.731521
v 11.349446 4.251462 0.728402
v 11.344391 4.258025 0.724779
v 11.338965 4.264077 0.720821
v 11.333090 4.269307 0.716363
v 11.326930 4.273939 0.711636
v 11.320406 4.277632 0.706581
v 11.313703 4.280662 0.701325
v 11.306808 4.282677 0.695833
v 11.299838 4.283990 0.690229
v 11.292834 4.284250 0.684518
v 11.285861 4.283796 0.678780
v 11.279016 4.282291 0.673069
v 11.272311 4.280087 0.667416
v 11.265881 4.276873 0.661937
v 11.259686 4.273003 0.656609
v 11.253942 4.268208 0.651534
v 11.248532 4.262823 0.646691
v 11.243648 4.256624 0.642274
v 11.239179 4.249927 0.638161
v 11.235399 4.242570 0.634512
v 11.232096 4.234823 0.631225
v 11.229515 4.226585 0.628537
v 11.227458 4.218081 0.626257
v 11.226222 4.209283 0.624581
v 11.225537 4.200354 0.623340
v 11.225637 4.191329 0.622807
v 11.226289 4.182312 0.622729
v 11.227798 4.173414 0.623266
v 11.229843 4.164662 0.624253
v 11.232608 4.156225 0.625956
v 11.235870 4.148067 0.628087
v 11.239889 4.140423 0.630762
v 11.244350 4.133181 0.633831
v 11.249362 4.126615 0.637505
v 11.254743 4.120559 0.641521
v 11.260659 4.115332 0.645928
v 11.266854 4.110703 0.650609
v 11.273348 4.107008 0.655701
v 11.280023 4.103975 0.660991
v 11.286940 4.101963 0.666455
v 11.293932 4.100651 0.672033
v 11.388660 3.901596 0.574003
v 11.411182 3.903060 0.592652
v 11.433409 3.907942 0.611075
v 11.455191 3.915084 0.629291
v 11.475936 3.925484 0.647145
v 11.495895 3.938008 0.664525
v 11.514622 3.953551 0.680807
v 11.532273 3.971001 0.696337
v 11.547948 3.991061 0.710802
v 11.562282 4.012737 0.724292
v 11.574656 4.036574 0.735950
v 11.585487 4.061675 0.746435
v 11.593714 4.088342 0.755296
v 11.600246 4.115870 0.762834
v 11.604382 4.144372 0.768103
v 11.606733 4.173302 0.771959
v 11.606275 4.202517 0.773848
v 11.604038 4.231708 0.774256
v 11.599274 4.260535 0.772368
v 11.592763 4.288886 0.769037
v 11.583696 4.316202 0.763659
v 11.573013 4.342610 0.756899
v 11.560127 4.367377 0.748078
v 11.545818 4.390841 0.737975
v 11.529445 4.412092 0.726246
v 11.511877 4.431693 0.713423
v 11.492849 4.448630 0.698988
v 11.472898 4.463632 0.683684
v 11.451774 4.475589 0.667313
v 11.430066 4.485403 0.650291
v 11.407740 4.491928 0.632507
v 11.385161 4.496182 0.614358
v 11.362484 4.497023 0.595858
v 11.339903 4.495553 0.577278
v 11.317736 4.490678 0.558782
v 11.296022 4.483542 0.540482
v 11.275190 4.473134 0.522735
v 11.255129 4.460600 0.505479
v 11.236527 4.445068 0.489048
v 11.219007 4.427630 0.473354
v 11.203195 4.407557 0.459062
v 11.188721 4.385870 0.445739
v 11.176481 4.362044 0.433919
v 11.165782 4.336955 0.423274
v 11.157427 4.310277 0.414567
v 11.150764 4.282738 0.407187
v 11.146762 4.254246 0.401757
v 11.144543 4.225329 0.397741
v 11.144870 4.196102 0.396010
v 11.146978 4.166900 0.395758
v 11.151861 4.138084 0.397500
v 11.158485 4.109743 0.400693
v 11.167441 4.082417 0.406207
v 11.178010 4.055998 0.413110
v 11.191022 4.031242 0.421777
v 11.205466 4.007791 0.431710
v 11.221698 3.986526 0.443615
v 11.239120 3.966913 0.456614
v 11.258281 3.949988 0.470889
v 11.278348 3.934996 0.486049
v 11.299375 3.923031 0.502540
v 11.320994 3.913208 0.519669
v 11.343394 3.906690 0.537363
v 11.366039 3.902442 0.555430
v 11.526483 4.202406 0.400602
v 11.527259 4.202456 0.401245
v 11.528027 4.202624 0.401881
v 11.528778 4.202871 0.402509
v 11.529492 4.203230 0.403123
v 11.530180 4.203661 0.403724
v 11.530828 4.204197 0.404285
v 11.531435 4.204799 0.404821
v 11.531976 4.205491 0.405319
v 11.532470 4.206238 0.405784
v 11.532895 4.207060 0.406186
v 11.533270 4.207926 0.406547
v 11.533554 4.208845 0.406854
v 11.533779 4.209795 0.407113
v 11.533920 4.210778 0.407295
v 11.534001 4.211775 0.407428
v 11.533987 4.212782 0.407492
v 11.533910 4.213789 0.407507
v 11.533747 4.214783 0.407442
v 11.533521 4.215760 0.407326
v 11.533209 4.216702 0.407140
v 11.532841 4.217613 0.406908
v 11.532395 4.218467 0.406605
v 11.531902 4.219276 0.406256
v 11.531338 4.220008 0.405852
v 11.530732 4.220685 0.405409
v 11.530075 4.221269 0.404911
v 11.529388 4.221786 0.404384
v 11.528660 4.222198 0.403820
v 11.527910 4.222537 0.403233
v 11.527141 4.222762 0.402619
v 11.526361 4.222908 0.401993
v 11.525580 4.222938 0.401355
v 11.524801 4.222887 0.400715
v 11.524038 4.222719 0.400078
v 11.523289 4.222473 0.399447
v 11.522571 4.222114 0.398834
v 11.521879 4.221682 0.398238
v 11.521237 4.221146 0.397673
v 11.520632 4.220545 0.397131
v 11.520087 4.219852 0.396639
v 11.519588 4.219105 0.396179
v 11.519167 4.218283 0.395771
v 11.518798 4.217418 0.395405
v 11.518509 4.216498 0.395104
v 11.518280 4.215549 0.394850
v 11.518143 4.214566 0.394663
v 11.518065 4.213569 0.394524
v 11.518077 4.212561 0.394465
v 11.518148 4.211554 0.394456
v 11.518317 4.210560 0.394516
v 11.518546 4.209583 0.394627
v 11.518854 4.208641 0.394817
v 11.519219 4.207730 0.395053
v 11.519669 4.206876 0.395353
v 11.520164 4.206068 0.395696
v 11.520726 4.205334 0.396106
v 11.521326 4.204658 0.396554
v 11.521987 4.204075 0.397046
v 11.522680 4.203557 0.397569
v 11.523404 4.203145 0.398138
v 11.524150 4.202806 0.398728
v 11.524922 4.202582 0.399338
v 11.525702 4.202435 0.399961
vn 0.0274 -0.9976 -0.0632
vn 0.1781 -0.9821 0.0612
vn -0.1242 -0.9748 -0.1855
vn 0.3222 -0.9288 0.1829
vn 0.4541 -0.8399 0.2973
vn 0.5689 -0.7186 0.4000
vn 0.6621 -0.5696 0.4870
vn 0.7300 -0.3988 0.5550
vn 0.7701 -0.2126 0.6014
vn 0.7809 -0.0182 0.6243
vn 0.7620 0.1769 0.6230
vn 0.7140 0.3652 0.5974
vn 0.6388 0.5395 0.5486
vn 0.5393 0.6931 0.4783
vn 0.4193 0.8201 0.3894
vn 0.2835 0.9156 0.2852
vn 0.1370 0.9759 0.1698
vn -0.0145 0.9988 0.0475
vn -0.1652 0.9833 -0.0768
vn -0.3094 0.9300 -0.1986
vn -0.4413 0.8410 -0.3130
vn -0.5561 0.7197 -0.4157
vn -0.6492 0.5708 -0.5027
vn -0.7172 0.3999 -0.5707
vn -0.7573 0.2138 -0.6170
vn -0.7681 0.0194 -0.6400
vn -0.7492 -0.1757 -0.6386
vn -0.7012 -0.3640 -0.6131
vn -0.6260 -0.5384 -0.5642
vn -0.5265 -0.6920 -0.4940
vn -0.4065 -0.8189 -0.4051
vn -0.2707 -0.9144 -0.3009
vn -0.7411 0.0218 -0.6711
vn 0.7392 0.3669 0.5648
vn -0.7303 0.2160 -0.6481
vn 0.7871 0.1788 0.5903
vn -0.6902 0.4019 -0.6018
vn 0.8060 -0.0161 0.5916
vn -0.6223 0.5725 -0.5339
vn 0.7952 -0.2102 0.5687
vn -0.5292 0.7212 -0.4470
vn 0.7551 -0.3961 0.5224
vn -0.4146 0.8423 -0.3444
vn 0.6872 -0.5667 0.4545
vn -0.2828 0.9312 -0.2301
vn -0.0980 -0.9712 -0.2172
vn 0.5942 -0.7154 0.3676
vn -0.1388 0.9843 -0.1085
vn -0.2443 -0.9109 -0.3325
vn 0.4795 -0.8366 0.2650
vn 0.0117 0.9998 0.0157
vn -0.3800 -0.8155 -0.4365
vn 0.3477 -0.9254 0.1507
vn 0.1630 0.9770 0.1378
vn -0.4998 -0.6886 -0.5253
vn 0.2038 -0.9786 0.0291
vn 0.3093 0.9167 0.2531
vn -0.5992 -0.5352 -0.5954
vn 0.0533 -0.9940 -0.0951
vn 0.4450 0.8213 0.3571
vn -0.6742 -0.3611 -0.6442
vn 0.5648 0.6944 0.4459
vn -0.7222 -0.1730 -0.6697
vn 0.6641 0.5410 0.5160
vn 0.4022 -0.8851 -0.2343
vn 0.2631 -0.8994 -0.3491
vn 0.1233 -0.8783 -0.4619
vn 0.5352 -0.8359 -0.1220
vn 0.6569 -0.7538 -0.0164
vn 0.7628 -0.6419 0.0783
vn 0.8488 -0.5044 0.1586
vn 0.9114 -0.3468 0.2213
vn 0.9485 -0.1750 0.2641
vn 0.9584 0.0043 0.2853
vn 0.9409 0.1844 0.2840
vn 0.8966 0.3581 0.2604
vn 0.8272 0.5190 0.2153
vn 0.7354 0.6607 0.1505
vn 0.6247 0.7779 0.0685
vn 0.4994 0.8660 -0.0276
vn 0.3642 0.9216 -0.1341
vn 0.2244 0.9427 -0.2470
vn 0.0853 0.9284 -0.3617
vn -0.0476 0.8792 -0.4741
vn -0.1694 0.7971 -0.5796
vn -0.2753 0.6852 -0.6744
vn -0.3612 0.5477 -0.7547
vn -0.4239 0.3901 -0.8174
vn -0.4610 0.2183 -0.8602
vn -0.4709 0.0390 -0.8813
vn -0.4534 -0.1411 -0.8801
vn -0.4091 -0.3148 -0.8565
vn -0.3397 -0.4757 -0.8114
vn -0.2479 -0.6174 -0.7466
vn -0.1372 -0.7346 -0.6645
vn -0.0118 -0.8227 -0.5684
vn 0.6159 -0.2945 -0.7307
vn 0.6679 -0.2850 -0.6875
vn 0.7169 -0.2627 -0.6458
vn 0.7612 -0.2281 -0.6070
vn 0.7990 -0.1829 -0.5728
vn 0.8289 -0.1284 -0.5444
vn 0.8497 -0.0672 -0.5230
vn 0.8606 -0.0012 -0.5093
vn 0.8612 0.0667 -0.5038
vn 0.8515 0.1342 -0.5069
vn 0.8319 0.1985 -0.5183
vn 0.8030 0.2572 -0.5376
vn 0.7661 0.3080 -0.5641
vn 0.7225 0.3491 -0.5968
vn 0.6739 0.3787 -0.6344
vn 0.6222 0.3958 -0.6754
vn 0.5693 0.3997 -0.7184
vn 0.5174 0.3903 -0.7616
vn 0.4683 0.3679 -0.8033
vn 0.4240 0.3334 -0.8421
vn 0.3862 0.2881 -0.8763
vn 0.3563 0.2337 -0.9047
vn 0.3356 0.1724 -0.9261
vn 0.3247 0.1065 -0.9398
vn 0.3240 0.0386 -0.9453
vn 0.3338 -0.0290 -0.9422
vn 0.3534 -0.0932 -0.9308
vn 0.3823 -0.1520 -0.9115
vn 0.4191 -0.2028 -0.8850
vn 0.4628 -0.2438 -0.8523
vn 0.5113 -0.2735 -0.8147
vn 0.5631 -0.2905 -0.7736
vn 0.3360 -0.7258 -0.6003
vn 0.4533 -0.7345 -0.5050
vn 0.5686 -0.7136 -0.4092
vn 0.6774 -0.6640 -0.3166
vn 0.7757 -0.5874 -0.2306
vn 0.8596 -0.4870 -0.1547
vn 0.9259 -0.3664 -0.0917
vn 0.9721 -0.2304 -0.0441
vn 0.9964 -0.0841 -0.0136
vn 0.9978 0.0667 -0.0015
vn 0.9763 0.2164 -0.0082
vn 0.9327 0.3591 -0.0335
vn 0.8687 0.4894 -0.0763
vn 0.7868 0.6022 -0.1351
vn 0.6901 0.6933 -0.2076
vn 0.5823 0.7591 -0.2910
vn 0.4675 0.7971 -0.3821
vn 0.3503 0.8058 -0.4774
vn 0.2350 0.7850 -0.5732
vn 0.1261 0.7353 -0.6659
vn 0.0279 0.6588 -0.7518
vn -0.0561 0.5583 -0.8277
vn -0.1224 0.4377 -0.8907
vn -0.1685 0.3017 -0.9384
vn -0.1928 0.1554 -0.9688
vn -0.1942 0.0046 -0.9810
vn -0.1727 -0.1451 -0.9742
vn -0.1291 -0.2877 -0.9490
vn -0.0651 -0.4180 -0.9061
vn 0.0168 -0.5309 -0.8473
vn 0.1135 -0.6220 -0.7748
vn 0.2213 -0.6877 -0.6914
vn 0.1879 -0.6708 -0.7175
vn 0.3869 -0.4405 -0.8101
vn 0.4101 -0.4523 -0.7920
vn 0.0830 -0.5971 -0.7979
vn 0.3144 -0.3895 -0.8657
vn 0.3357 -0.4069 -0.8496
vn -0.0096 -0.4990 -0.8665
vn 0.2505 -0.3218 -0.9131
vn 0.2688 -0.3440 -0.8997
vn -0.0864 -0.3804 -0.9208
vn 0.1974 -0.2399 -0.9505
vn 0.2123 -0.2661 -0.9403
vn -0.1445 -0.2459 -0.9585
vn 0.1573 -0.1468 -0.9766
vn 0.1680 -0.1761 -0.9699
vn -0.1815 -0.1005 -0.9782
vn 0.1317 -0.0464 -0.9902
vn 0.1379 -0.0775 -0.9874
vn -0.1962 0.0502 -0.9793
vn 0.1216 0.0577 -0.9909
vn 0.1230 0.0259 -0.9921
vn -0.1879 0.2002 -0.9616
vn 0.1274 0.1613 -0.9786
vn 0.1240 0.1300 -0.9837
vn -0.1569 0.3440 -0.9258
vn 0.1488 0.2606 -0.9539
vn 0.1407 0.2311 -0.9627
vn -0.1044 0.4759 -0.8733
vn 0.1851 0.3517 -0.9176
vn 0.1726 0.3251 -0.9298
vn -0.0325 0.5909 -0.8061
vn 0.2348 0.4311 -0.8712
vn 0.2184 0.4084 -0.8863
vn 0.0561 0.6845 -0.7269
vn 0.2960 0.4958 -0.8164
vn 0.2763 0.4778 -0.8339
vn 0.1580 0.7532 -0.6385
vn 0.3664 0.5432 -0.7554
vn 0.3442 0.5307 -0.7745
vn 0.2692 0.7944 -0.5445
vn 0.4433 0.5716 -0.6905
vn 0.4194 0.5651 -0.7105
vn 0.3856 0.8063 -0.4485
vn 0.5236 0.5799 -0.6241
vn 0.4990 0.5795 -0.6443
vn 0.5025 0.7887 -0.3541
vn 0.6045 0.5676 -0.5589
vn 0.5800 0.5735 -0.5785
vn 0.6156 0.7421 -0.2650
vn 0.6826 0.5354 -0.4974
vn 0.6593 0.5473 -0.5156
vn 0.7205 0.6684 -0.1846
vn 0.7550 0.4845 -0.4418
vn 0.7338 0.5019 -0.4580
vn 0.8131 0.5704 -0.1159
vn 0.8190 0.4167 -0.3944
vn 0.8006 0.4390 -0.4079
vn 0.8900 0.4518 -0.0617
vn 0.8720 0.3348 -0.3570
vn 0.8572 0.3610 -0.3672
vn 0.9480 0.3172 -0.0240
vn 0.9121 0.2418 -0.3309
vn 0.9014 0.2711 -0.3376
vn 0.9851 0.1718 -0.0042
vn 0.9377 0.1414 -0.3173
vn 0.9315 0.1725 -0.3201
vn 0.9998 0.0212 -0.0032
vn 0.9478 0.0373 -0.3166
vn 0.9464 0.0691 -0.3155
vn 0.9914 -0.1288 -0.0209
vn 0.9420 -0.0663 -0.3289
vn 0.9455 -0.0351 -0.3238
vn 0.9605 -0.2726 -0.0567
vn 0.9206 -0.1656 -0.3536
vn 0.9287 -0.1361 -0.3448
vn 0.9080 -0.4045 -0.1091
vn 0.8844 -0.2567 -0.3899
vn 0.8969 -0.2301 -0.3777
vn 0.8361 -0.5195 -0.1763
vn 0.8347 -0.3361 -0.4363
vn 0.8511 -0.3134 -0.4212
vn 0.7475 -0.6131 -0.2556
vn 0.7735 -0.4008 -0.4911
vn 0.7931 -0.3829 -0.4737
vn 0.6456 -0.6819 -0.3439
vn 0.7030 -0.4482 -0.5521
vn 0.7253 -0.4358 -0.5330
vn 0.5344 -0.7230 -0.4379
vn 0.6262 -0.4766 -0.6170
vn 0.6501 -0.4701 -0.5970
vn 0.4180 -0.7350 -0.5339
vn 0.5458 -0.4849 -0.6834
vn 0.5704 -0.4845 -0.6632
vn 0.3010 -0.7173 -0.6283
vn 0.4650 -0.4727 -0.7486
vn 0.4894 -0.4785 -0.7290
vn 0.5472 -0.2868 -0.7864
vn 0.4804 -0.4433 -0.7568
vn 0.5030 -0.4487 -0.7387
vn 0.4961 -0.2657 -0.8266
vn 0.4064 -0.4128 -0.8151
vn 0.4279 -0.4238 -0.7983
vn 0.4489 -0.2325 -0.8628
vn 0.3380 -0.3648 -0.8676
vn 0.3577 -0.3809 -0.8527
vn 0.4071 -0.1882 -0.8938
vn 0.2774 -0.3007 -0.9125
vn 0.2944 -0.3212 -0.9001
vn 0.3726 -0.1349 -0.9182
vn 0.2273 -0.2235 -0.9478
vn 0.2411 -0.2477 -0.9384
vn 0.3464 -0.0741 -0.9352
vn 0.1893 -0.1354 -0.9725
vn 0.1992 -0.1624 -0.9664
vn 0.3297 -0.0087 -0.9440
vn 0.1651 -0.0407 -0.9854
vn 0.1708 -0.0695 -0.9828
vn 0.3231 0.0593 -0.9445
vn 0.1555 0.0579 -0.9861
vn 0.1568 0.0285 -0.9872
vn 0.3269 0.1269 -0.9365
vn 0.1609 0.1557 -0.9746
vn 0.1577 0.1268 -0.9793
vn 0.3409 0.1917 -0.9204
vn 0.1811 0.2496 -0.9512
vn 0.1736 0.2224 -0.9594
vn 0.3645 0.2511 -0.8967
vn 0.2153 0.3357 -0.9170
vn 0.2037 0.3111 -0.9283
vn 0.3970 0.3029 -0.8664
vn 0.2623 0.4109 -0.8731
vn 0.2471 0.3899 -0.8871
vn 0.4369 0.3451 -0.8307
vn 0.3200 0.4720 -0.8215
vn 0.3019 0.4554 -0.8376
vn 0.4828 0.3761 -0.7908
vn 0.3866 0.5169 -0.7637
vn 0.3661 0.5054 -0.7814
vn 0.5330 0.3946 -0.7485
vn 0.4592 0.5438 -0.7024
vn 0.4372 0.5378 -0.7209
vn 0.5854 0.4000 -0.7052
vn 0.5352 0.5517 -0.6397
vn 0.5124 0.5514 -0.6583
vn 0.6381 0.3920 -0.6627
vn 0.6116 0.5402 -0.5780
vn 0.5890 0.5456 -0.5961
vn 0.6891 0.3710 -0.6225
vn 0.6854 0.5098 -0.5198
vn 0.6639 0.5208 -0.5366
vn 0.7363 0.3378 -0.5863
vn 0.7539 0.4618 -0.4673
vn 0.7342 0.4778 -0.4823
vn 0.7781 0.2935 -0.5553
vn 0.8145 0.3977 -0.4224
vn 0.7975 0.4182 -0.4348
vn 0.8127 0.2401 -0.5309
vn 0.8646 0.3204 -0.3871
vn 0.8509 0.3446 -0.3966
vn 0.8389 0.1794 -0.5139
vn 0.9026 0.2325 -0.3624
vn 0.8927 0.2595 -0.3685
vn 0.8556 0.1139 -0.5050
vn 0.9268 0.1376 -0.3495
vn 0.9211 0.1664 -0.3520
vn 0.8621 0.0460 -0.5046
vn 0.9364 0.0391 -0.3488
vn 0.9351 0.0685 -0.3477
vn 0.8584 -0.0216 -0.5125
vn 0.9310 -0.0586 -0.3603
vn 0.9342 -0.0298 -0.3556
vn 0.8444 -0.0865 -0.5288
vn 0.9107 -0.1528 -0.3837
vn 0.9183 -0.1255 -0.3755
vn 0.8208 -0.1458 -0.5523
vn 0.8766 -0.2387 -0.4178
vn 0.8882 -0.2141 -0.4066
vn 0.7883 -0.1977 -0.5827
vn 0.8295 -0.3140 -0.4618
vn 0.8447 -0.2930 -0.4479
vn 0.7484 -0.2398 -0.6184
vn 0.7719 -0.3750 -0.5134
vn 0.7901 -0.3584 -0.4974
vn 0.7024 -0.2708 -0.6582
vn 0.7052 -0.4200 -0.5712
vn 0.7257 -0.4085 -0.5536
vn 0.6523 -0.2893 -0.7005
vn 0.6327 -0.4469 -0.6325
vn 0.6548 -0.4408 -0.6140
vn 0.5998 -0.2947 -0.7439
vn 0.5566 -0.4547 -0.6953
vn 0.5793 -0.4544 -0.6767
vn 0.0281 -0.8429 -0.5373
vn -0.0316 -0.8763 -0.4807
vn -0.0731 -0.8552 -0.5131
vn -0.1008 -0.7643 -0.6369
vn -0.1647 -0.7951 -0.5837
vn -0.2026 -0.7641 -0.6124
vn -0.2164 -0.6555 -0.7236
vn -0.2841 -0.6827 -0.6732
vn -0.3169 -0.6431 -0.6972
vn -0.3143 -0.5206 -0.7939
vn -0.3853 -0.5434 -0.7458
vn -0.4117 -0.4966 -0.7641
vn -0.3907 -0.3649 -0.8451
vn -0.4643 -0.3826 -0.7988
vn -0.4834 -0.3304 -0.8106
vn -0.4428 -0.1943 -0.8753
vn -0.5181 -0.2064 -0.8300
vn -0.5291 -0.1509 -0.8350
vn -0.4685 -0.0155 -0.8833
vn -0.5447 -0.0216 -0.8383
vn -0.5472 0.0351 -0.8363
vn -0.4668 0.1648 -0.8689
vn -0.5430 0.1647 -0.8234
vn -0.5369 0.2203 -0.8144
vn -0.4379 0.3396 -0.8324
vn -0.5131 0.3452 -0.7858
vn -0.4986 0.3978 -0.7702
vn -0.3827 0.5021 -0.7755
vn -0.4561 0.5132 -0.7270
vn -0.4338 0.5607 -0.7053
vn -0.3034 0.6463 -0.7002
vn -0.3743 0.6621 -0.6493
vn -0.3450 0.7026 -0.6224
vn -0.2031 0.7664 -0.6095
vn -0.2707 0.7862 -0.5555
vn -0.2356 0.8182 -0.5245
vn -0.0857 0.8578 -0.5067
vn -0.1494 0.8807 -0.4494
vn -0.1098 0.9030 -0.4154
vn 0.0444 0.9172 -0.3960
vn -0.0150 0.9421 -0.3350
vn 0.0276 0.9537 -0.2994
vn 0.1822 0.9421 -0.2815
vn 0.1274 0.9679 -0.2168
vn 0.1713 0.9685 -0.1808
vn 0.3224 0.9317 -0.1676
vn 0.2721 0.9571 -0.0991
vn 0.3157 0.9467 -0.0642
vn 0.4595 0.8862 -0.0588
vn 0.4138 0.9103 0.0134
vn 0.4553 0.8891 0.0458
vn 0.5883 0.8076 0.0409
vn 0.5469 0.8291 0.1163
vn 0.5848 0.7981 0.1451
vn 0.7039 0.6988 0.1275
vn 0.6664 0.7166 0.2059
vn 0.6992 0.6770 0.2298
vn 0.8018 0.5639 0.1978
vn 0.7675 0.5773 0.2785
vn 0.7940 0.5306 0.2967
vn 0.8783 0.4082 0.2490
vn 0.8466 0.4165 0.3314
vn 0.8657 0.3644 0.3433
vn 0.9303 0.2376 0.2792
vn 0.9004 0.2403 0.3627
vn 0.9114 0.1849 0.3677
vn 0.9560 0.0588 0.2873
vn 0.9270 0.0556 0.3710
vn 0.9295 -0.0011 0.3689
vn 0.9544 -0.1215 0.2728
vn 0.9253 -0.1307 0.3561
vn 0.9191 -0.1864 0.3470
vn 0.9254 -0.2963 0.2364
vn 0.8954 -0.3113 0.3185
vn 0.8809 -0.3639 0.3028
vn 0.8702 -0.4588 0.1795
vn 0.8384 -0.4792 0.2597
vn 0.8161 -0.5267 0.2380
vn 0.7909 -0.6030 0.1042
vn 0.7565 -0.6281 0.1819
vn 0.7272 -0.6686 0.1550
vn 0.6907 -0.7231 0.0134
vn 0.6530 -0.7522 0.0882
vn 0.6178 -0.7842 0.0571
vn 0.5732 -0.8145 -0.0893
vn 0.5316 -0.8468 -0.0179
vn 0.4920 -0.8690 -0.0519
vn 0.1652 -0.8884 -0.4284
vn 0.1101 -0.9232 -0.3682
vn 0.0666 -0.9127 -0.4031
vn 0.3053 -0.8988 -0.3145
vn 0.2549 -0.9339 -0.2506
vn 0.2110 -0.9345 -0.2866
vn 0.4431 -0.8739 -0.2000
vn 0.3972 -0.9081 -0.1323
vn 0.3546 -0.9198 -0.1680
vn 0.6364 0.5900 0.4969
vn 0.6093 0.5881 0.5319
vn 0.6369 0.5393 0.5509
vn -0.7106 -0.2311 -0.6645
vn -0.7396 -0.2338 -0.6311
vn -0.7511 -0.1759 -0.6363
vn 0.5304 0.7359 0.4208
vn 0.5031 0.7343 0.4557
vn 0.5374 0.6929 0.4807
vn -0.6542 -0.4157 -0.6318
vn -0.6832 -0.4186 -0.5984
vn -0.7031 -0.3642 -0.6107
vn 0.4053 0.8537 0.3270
vn 0.3779 0.8523 0.3618
vn 0.4174 0.8199 0.3918
vn 0.0993 -0.9934 -0.0574
vn 0.0713 -0.9972 -0.0233
vn 0.0254 -0.9978 -0.0609
vn -0.5714 -0.5842 -0.5763
vn -0.6003 -0.5873 -0.5428
vn -0.6279 -0.5385 -0.5619
vn 0.2658 0.9388 0.2191
vn 0.2382 0.9375 0.2538
vn 0.2816 0.9154 0.2876
vn 0.2484 -0.9664 0.0665
vn 0.2206 -0.9702 0.1008
vn 0.1761 -0.9823 0.0635
vn -0.4654 -0.7302 -0.5002
vn -0.4942 -0.7335 -0.4667
vn -0.5284 -0.6921 -0.4917
vn 0.1174 0.9879 0.1013
vn 0.0896 0.9867 0.1358
vn 0.1351 0.9758 0.1722
vn 0.3892 -0.9021 0.1864
vn 0.3616 -0.9058 0.2208
vn 0.3203 -0.9290 0.1853
vn -0.3403 -0.8479 -0.4064
vn -0.3689 -0.8515 -0.3728
vn -0.4084 -0.8191 -0.4028
vn -0.0343 0.9992 -0.0220
vn -0.0623 0.9980 0.0124
vn -0.0165 0.9986 0.0499
vn 0.5163 -0.8030 0.2975
vn 0.4889 -0.8067 0.3321
vn 0.4522 -0.8400 0.2997
vn -0.2008 -0.9330 -0.2985
vn -0.2292 -0.9367 -0.2647
vn -0.2726 -0.9146 -0.2986
vn -0.1834 0.9721 -0.1459
vn -0.2116 0.9709 -0.1117
vn -0.1672 0.9831 -0.0745
vn 0.6249 -0.6730 0.3957
vn 0.5976 -0.6765 0.4304
vn 0.5670 -0.7187 0.4024
vn -0.0524 -0.9821 -0.1807
vn -0.0806 -0.9859 -0.1468
vn -0.1261 -0.9750 -0.1831
vn -0.3243 0.9079 -0.2658
vn -0.3526 0.9066 -0.2317
vn -0.3113 0.9298 -0.1963
vn 0.7106 -0.5170 0.4772
vn 0.6834 -0.5203 0.5120
vn 0.6602 -0.5698 0.4894
vn -0.4514 0.8088 -0.3769
vn -0.4799 0.8075 -0.3431
vn -0.4433 0.8408 -0.3107
vn 0.7703 -0.3410 0.5388
vn 0.7432 -0.3441 0.5737
vn 0.7281 -0.3990 0.5574
vn -0.5599 0.6788 -0.4751
vn -0.5886 0.6773 -0.4414
vn -0.5580 0.7196 -0.4133
vn 0.8017 -0.1518 0.5782
vn 0.7746 -0.1547 0.6132
vn 0.7683 -0.2128 0.6037
vn -0.6457 0.5228 -0.5566
vn -0.6745 0.5211 -0.5230
vn -0.6512 0.5706 -0.5004
vn 0.8034 0.0433 0.5938
vn 0.7765 0.0407 0.6289
vn 0.7791 -0.0184 0.6267
vn -0.7054 0.3468 -0.6182
vn -0.7343 0.3449 -0.5847
vn -0.7191 0.3998 -0.5684
vn 0.7756 0.2369 0.5851
vn 0.7486 0.2345 0.6201
vn 0.7601 0.1767 0.6253
vn -0.7367 0.1576 -0.6576
vn -0.7657 0.1555 -0.6242
vn -0.7593 0.2136 -0.6147
vn 0.7192 0.4215 0.5524
vn 0.6921 0.4194 0.5874
vn 0.7121 0.3650 0.5998
vn -0.7385 -0.0375 -0.6732
vn -0.7675 -0.0399 -0.6398
vn -0.7701 0.0192 -0.6377
vn -0.2273 -0.9365 -0.2671
vn -0.2382 -0.9375 -0.2536
vn -0.2817 -0.9154 -0.2876
vn -0.3670 -0.8513 -0.3751
vn -0.3778 -0.8523 -0.3617
vn -0.4175 -0.8199 -0.3918
vn -0.4922 -0.7333 -0.4690
vn -0.5031 -0.7344 -0.4556
vn -0.5375 -0.6929 -0.4807
vn -0.5984 -0.5872 -0.5452
vn -0.6092 -0.5882 -0.5318
vn -0.6370 -0.5392 -0.5509
vn -0.6812 -0.4184 -0.6007
vn -0.6921 -0.4195 -0.5873
vn -0.7122 -0.3649 -0.5997
vn -0.7377 -0.2336 -0.6335
vn -0.7486 -0.2347 -0.6201
vn -0.7601 -0.1766 -0.6253
vn -0.7655 -0.0397 -0.6422
vn -0.7765 -0.0408 -0.6288
vn -0.7791 0.0185 -0.6266
vn -0.7637 0.1556 -0.6265
vn -0.7747 0.1546 -0.6132
vn -0.7683 0.2129 -0.6037
vn -0.7323 0.3451 -0.5870
vn -0.7433 0.3440 -0.5737
vn -0.7281 0.3991 -0.5573
vn -0.6725 0.5213 -0.5253
vn -0.6835 0.5202 -0.5120
vn -0.6601 0.5699 -0.4893
vn -0.5867 0.6774 -0.4437
vn -0.5977 0.6764 -0.4304
vn -0.5670 0.7188 -0.4023
vn -0.4780 0.8076 -0.3454
vn -0.4890 0.8066 -0.3321
vn -0.4522 0.8401 -0.2996
vn -0.3507 0.9068 -0.2341
vn -0.3617 0.9058 -0.2208
vn -0.3202 0.9291 -0.1852
vn -0.2097 0.9711 -0.1141
vn -0.2207 0.9701 -0.1008
vn -0.1761 0.9823 -0.0634
vn -0.0604 0.9981 0.0100
vn -0.0714 0.9972 0.0233
vn -0.0254 0.9978 0.0610
vn 0.0915 0.9868 0.1334
vn 0.0805 0.9859 0.1467
vn 0.1261 0.9749 0.1833
vn 0.2401 0.9376 0.2514
vn 0.2291 0.9367 0.2647
vn 0.2726 0.9146 0.2987
vn 0.3798 0.8524 0.3594
vn 0.3688 0.8515 0.3727
vn 0.4085 0.8191 0.4029
vn 0.5050 0.7345 0.4533
vn 0.4941 0.7336 0.4667
vn 0.5284 0.6921 0.4918
vn 0.6112 0.5883 0.5295
vn 0.6002 0.5874 0.5429
vn 0.6279 0.5384 0.5620
vn 0.6940 0.4196 0.5850
vn 0.6831 0.4187 0.5984
vn 0.7031 0.3641 0.6108
vn 0.7505 0.2347 0.6178
vn 0.7396 0.2339 0.6312
vn 0.7511 0.1758 0.6364
vn 0.7783 0.0409 0.6265
vn 0.7674 0.0400 0.6399
vn 0.7700 -0.0193 0.6377
vn 0.7765 -0.1545 0.6108
vn 0.7656 -0.1554 0.6242
vn 0.7592 -0.2137 0.6147
vn 0.7451 -0.3439 0.5714
vn 0.7343 -0.3448 0.5848
vn 0.7191 -0.3999 0.5684
vn 0.6853 -0.5201 0.5097
vn 0.6745 -0.5210 0.5231
vn 0.6511 -0.5707 0.5004
vn 0.5995 -0.6763 0.4281
vn 0.5886 -0.6772 0.4415
vn 0.5579 -0.7196 0.4133
vn 0.4908 -0.8065 0.3297
vn 0.4799 -0.8074 0.3432
vn 0.4431 -0.8409 0.3106
vn 0.3635 -0.9056 0.2184
vn 0.3527 -0.9066 0.2319
vn 0.3112 -0.9299 0.1962
vn -0.0787 -0.9857 -0.1491
vn -0.0896 -0.9867 -0.1357
vn -0.1352 -0.9757 -0.1722
vn 0.2225 -0.9700 0.0984
vn 0.2116 -0.9709 0.1119
vn 0.1670 -0.9831 0.0745
vn 0.0732 -0.9970 -0.0257
vn 0.0623 -0.9980 -0.0122
vn 0.0163 -0.9986 -0.0499
vn 0.3860 -0.8233 -0.4161
vn 0.5122 -0.8006 -0.3109
vn 0.6342 -0.7448 -0.2075
vn 0.7414 -0.6615 -0.1132
vn 0.8358 -0.5483 -0.0284
vn 0.9079 -0.4171 0.0408
vn 0.9600 -0.2640 0.0938
vn 0.9863 -0.1045 0.1275
vn 0.9880 0.0643 0.1407
vn 0.9643 0.2289 0.1335
vn 0.9158 0.3876 0.1052
vn 0.8454 0.5309 0.0584
vn 0.7540 0.6569 -0.0077
vn 0.6476 0.7570 -0.0872
vn 0.5279 0.8301 -0.1798
vn 0.4009 0.8721 -0.2807
vn 0.2712 0.8817 -0.3860
vn 0.1437 0.8587 -0.4919
vn 0.0228 0.8034 -0.5950
vn -0.0855 0.7194 -0.6894
vn -0.1788 0.6072 -0.7742
vn -0.2519 0.4746 -0.8434
vn -0.3031 0.3231 -0.8965
vn -0.3301 0.1624 -0.9299
vn -0.3312 -0.0063 -0.9435
vn -0.3082 -0.1699 -0.9360
vn -0.2588 -0.3300 -0.9078
vn -0.1895 -0.4723 -0.8608
vn -0.0971 -0.5987 -0.7950
vn 0.0082 -0.6984 -0.7156
vn 0.1295 -0.7720 -0.6224
vn 0.2546 -0.8137 -0.5225
vn 0.3467 -0.8241 -0.4479
vn 0.4744 -0.8108 -0.3429
vn 0.5986 -0.7650 -0.2376
vn 0.7103 -0.6896 -0.1413
vn 0.8096 -0.5847 -0.0519
vn 0.8881 -0.4592 0.0208
vn 0.9470 -0.3110 0.0804
vn 0.9809 -0.1542 0.1188
vn 0.9901 0.0140 0.1393
vn 0.9741 0.1792 0.1377
vn 0.9328 0.3411 0.1160
vn 0.8689 0.4893 0.0743
vn 0.7831 0.6217 0.0141
vn 0.6817 0.7290 -0.0616
vn 0.5647 0.8114 -0.1509
vn 0.4398 0.8627 -0.2495
vn 0.3104 0.8823 -0.3539
vn 0.1816 0.8690 -0.4602
vn 0.0582 0.8234 -0.5645
vn -0.0540 0.7477 -0.6619
vn -0.1530 0.6434 -0.7501
vn -0.2318 0.5169 -0.8241
vn -0.2904 0.3701 -0.8824
vn -0.3244 0.2119 -0.9219
vn -0.3339 0.0444 -0.9416
vn -0.3175 -0.1204 -0.9406
vn -0.2764 -0.2836 -0.9182
vn -0.2125 -0.4303 -0.8773
vn -0.1268 -0.5637 -0.8162
vn -0.0252 -0.6705 -0.7415
vn 0.0920 -0.7534 -0.6511
vn 0.2160 -0.8041 -0.5539
vn 0.2208 -0.9528 -0.2082
vn -0.4220 -0.4351 0.7954
vn 0.1765 -0.9535 -0.2445
vn 0.3225 -0.9384 -0.1240
vn 0.3654 -0.9267 -0.0880
vn 0.4622 -0.8868 -0.0060
vn 0.5022 -0.8643 0.0283
vn 0.5901 -0.8005 0.1048
vn 0.6254 -0.7683 0.1362
vn 0.7013 -0.6829 0.2044
vn 0.7309 -0.6420 0.2315
vn 0.7915 -0.5387 0.2886
vn 0.8140 -0.4908 0.3106
vn 0.8574 -0.3730 0.3546
vn 0.8720 -0.3200 0.3703
vn 0.8963 -0.1927 0.3994
vn 0.9024 -0.1365 0.4086
vn 0.9067 -0.0042 0.4217
vn 0.9042 0.0529 0.4238
vn 0.8884 0.1847 0.4204
vn 0.8772 0.2407 0.4154
vn 0.8418 0.3673 0.3956
vn 0.8225 0.4199 0.3836
vn 0.7689 0.5361 0.3482
vn 0.7422 0.5833 0.3299
vn 0.6725 0.6850 0.2802
vn 0.6394 0.7250 0.2560
vn 0.5563 0.8080 0.1940
vn 0.5180 0.8393 0.1650
vn 0.4246 0.9006 0.0931
vn 0.3827 0.9219 0.0604
vn 0.2826 0.9590 -0.0188
vn 0.2387 0.9696 -0.0540
vn 0.1358 0.9812 -0.1373
vn 0.0915 0.9806 -0.1736
vn -0.0102 0.9661 -0.2578
vn -0.0532 0.9544 -0.2938
vn -0.1499 0.9145 -0.3758
vn -0.1899 0.8920 -0.4101
vn -0.2778 0.8283 -0.4867
vn -0.3132 0.7960 -0.5180
vn -0.3890 0.7107 -0.5862
vn -0.4185 0.6698 -0.6133
vn -0.4792 0.5664 -0.6705
vn -0.5018 0.5185 -0.6924
vn -0.5451 0.4008 -0.7364
vn -0.5597 0.3477 -0.7522
vn -0.5840 0.2204 -0.7813
vn -0.5902 0.1643 -0.7904
vn -0.5945 0.0320 -0.8035
vn -0.5919 -0.0252 -0.8056
vn -0.5760 -0.1570 -0.8022
vn -0.5650 -0.2129 -0.7972
vn -0.5295 -0.3396 -0.7774
vn -0.5102 -0.3922 -0.7655
vn -0.4566 -0.5084 -0.7301
vn -0.4300 -0.5556 -0.7116
vn -0.3602 -0.6573 -0.6619
vn -0.3270 -0.6973 -0.6378
vn -0.2439 -0.7803 -0.5759
vn -0.2058 -0.8116 -0.5468
vn -0.1123 -0.8729 -0.4748
vn -0.0703 -0.8942 -0.4422
vn 0.0297 -0.9313 -0.3631
vn 0.0735 -0.9419 -0.3278
vn 0.8389 -0.3628 -0.4058
vn -0.2677 -0.2264 0.9365
vn -0.8858 0.0944 0.4545
vn -0.8085 0.2571 0.5294
vn -0.2581 0.0521 0.9647
vn -0.2489 -0.1394 0.9584
vn -0.7267 -0.4150 0.5474
vn -0.6028 0.3717 0.7060
vn -0.8501 0.1911 0.4906
vn -0.3633 -0.3892 0.8465
vn -0.2441 -0.0644 0.9676
vn -0.8994 0.0102 0.4371
vn -0.8781 0.1219 0.4626
vn -0.2816 0.1276 0.9510
vn -0.2525 0.0234 0.9673
vn -0.6726 -0.4473 0.5895
vn -0.6663 0.3598 0.6532
vn -0.8961 0.0399 0.4420
vn -0.2716 0.1003 0.9572
vn -0.3224 -0.3390 0.8838
vn -0.8997 -0.0670 0.4314
vn -0.9009 -0.0376 0.4324
vn -0.3185 0.2021 0.9261
vn -0.3044 0.1770 0.9360
vn -0.6042 -0.4697 0.6436
vn -0.7245 0.3327 0.6037
vn -0.8925 -0.1268 0.4329
vn -0.2822 -0.2657 0.9218
vn -0.3438 0.2390 0.9081
vn -0.8866 -0.1560 0.4354
vn -0.8744 -0.1996 0.4422
vn -0.3611 0.2598 0.8956
vn -0.3977 0.2963 0.8684
vn -0.5678 -0.4738 0.6731
vn -0.7806 0.2885 0.5545
vn -0.8397 -0.2805 0.4649
vn -0.2602 -0.1987 0.9449
vn -0.4528 0.3356 0.8261
vn -0.4997 -0.4671 0.7295
vn -0.8645 -0.2268 0.4486
vn -0.8020 -0.3398 0.4913
vn -0.4171 0.3122 0.8536
vn -0.5154 0.3619 0.7768
vn -0.5446 -0.4735 0.6922
vn -0.4425 -0.4467 0.7776
vn -0.8240 0.2357 0.5152
vn -0.7466 -0.3988 0.5325
vn -0.2456 -0.1105 0.9631
vn -0.5798 0.3720 0.7248
vn -0.3821 -0.4061 0.8301
vn -0.8258 -0.3051 0.4744
vn -0.6943 -0.4363 0.5724
vn -0.4749 0.3469 0.8088
vn -0.6437 0.3659 0.6721
vn -0.3376 -0.3603 0.8696
vn -0.4772 -0.4610 0.7482
vn -0.8617 0.1665 0.4793
vn -0.6270 -0.4642 0.6256
vn -0.2455 -0.0341 0.9688
vn -0.7040 0.3442 0.6213
vn -0.2940 -0.2906 0.9105
vn -0.7847 -0.3607 0.5041
vn -0.5382 0.3674 0.7586
vn -0.7620 0.3054 0.5710
vn -0.7388 0.3443 -0.5793
vn 0.4476 -0.8406 0.3051
vn 0.7236 -0.3996 0.5628
vn -0.7702 0.1549 -0.6187
vn 0.7638 -0.2134 0.6092
vn -0.7720 -0.0405 -0.6344
vn 0.7746 -0.0190 0.6322
vn -0.7441 -0.2344 -0.6256
vn 0.7556 0.1761 0.6309
vn -0.6876 -0.4192 -0.5929
vn 0.7077 0.3644 0.6053
vn 0.0669 -0.9976 -0.0177
vn -0.6047 -0.5879 -0.5373
vn 0.6325 0.5388 0.5565
vn 0.2163 -0.9705 0.1064
vn -0.4985 -0.7341 -0.4611
vn 0.5330 0.6924 0.4863
vn 0.3573 -0.9062 0.2264
vn -0.3732 -0.8520 -0.3672
vn 0.4131 0.8194 0.3974
vn 0.4845 -0.8070 0.3377
vn -0.2336 -0.9372 -0.2591
vn 0.2772 0.9150 0.2932
vn 0.5932 -0.6768 0.4360
vn -0.0850 -0.9863 -0.1411
vn 0.1307 0.9753 0.1778
vn 0.6791 -0.5205 0.5176
vn -0.0208 0.9982 0.0555
vn 0.7388 -0.3443 0.5793
vn -0.1715 0.9828 -0.0689
vn 0.7702 -0.1549 0.6187
vn -0.3156 0.9295 -0.1906
vn 0.7720 0.0405 0.6344
vn -0.4476 0.8406 -0.3051
vn 0.7441 0.2344 0.6256
vn -0.5624 0.7193 -0.4078
vn 0.6876 0.4192 0.5929
vn 0.6047 0.5879 0.5373
vn -0.6556 0.5704 -0.4948
vn -0.7236 0.3996 -0.5628
vn 0.4985 0.7341 0.4611
vn -0.7638 0.2134 -0.6092
vn 0.3732 0.8520 0.3672
vn -0.7746 0.0190 -0.6322
vn 0.2336 0.9372 0.2591
vn -0.7557 -0.1761 -0.6309
vn 0.0850 0.9863 0.1411
vn -0.7077 -0.3644 -0.6053
vn -0.0669 0.9976 0.0177
vn 0.0208 -0.9982 -0.0555
vn -0.6325 -0.5388 -0.5565
vn -0.2163 0.9705 -0.1064
vn 0.1715 -0.9828 0.0689
vn -0.5330 -0.6924 -0.4863
vn -0.3573 0.9062 -0.2264
vn 0.3156 -0.9295 0.1906
vn -0.4845 0.8070 -0.3377
vn -0.4131 -0.8194 -0.3974
vn -0.5932 0.6767 -0.4360
vn -0.2772 -0.9150 -0.2932
vn 0.5624 -0.7193 0.4078
vn -0.6791 0.5205 -0.5176
vn -0.1307 -0.9753 -0.1778
vn 0.6556 -0.5704 0.4948
vn 0.7557 0.1761 0.6309
vn -0.4323 -0.7456 0.5072
vn -0.3257 -0.7346 0.5952
vn -0.2238 -0.6970 0.6813
vn -0.1305 -0.6341 0.7622
vn -0.0493 -0.5483 0.8348
vn 0.0166 -0.4430 0.8963
vn 0.0647 -0.3223 0.9444
vn 0.0931 -0.1906 0.9772
vn 0.1007 -0.0532 0.9935
vn 0.0873 0.0848 0.9926
vn 0.0534 0.2180 0.9745
vn 0.0003 0.3413 0.9400
vn -0.0701 0.4499 0.8903
vn -0.1549 0.5397 0.8275
vn -0.2510 0.6073 0.7538
vn -0.3545 0.6500 0.6722
vn -0.4617 0.6662 0.5857
vn -0.5682 0.6552 0.4978
vn -0.6702 0.6176 0.4117
vn -0.7635 0.5547 0.3308
vn -0.8447 0.4689 0.2581
vn -0.9106 0.3637 0.1966
vn -0.9586 0.2429 0.1485
vn -0.9870 0.1112 0.1157
vn -0.9947 -0.0262 0.0995
vn -0.9813 -0.1642 0.1004
vn -0.9474 -0.2974 0.1185
vn -0.8942 -0.4207 0.1530
vn -0.8239 -0.5293 0.2026
vn -0.7391 -0.6191 0.2655
vn -0.6430 -0.6867 0.3391
vn -0.5394 -0.7294 0.4208
vn -0.3997 -0.7451 0.5339
vn -0.2941 -0.7260 0.6217
vn -0.1944 -0.6804 0.7065
vn -0.1044 -0.6103 0.7853
vn -0.0275 -0.5182 0.8548
vn 0.0332 -0.4078 0.9125
vn 0.0754 -0.2832 0.9561
vn 0.0976 -0.1492 0.9840
vn 0.0989 -0.0110 0.9950
vn 0.0792 0.1260 0.9889
vn 0.0392 0.2567 0.9657
vn -0.0194 0.3760 0.9264
vn -0.0945 0.4794 0.8725
vn -0.1831 0.5628 0.8061
vn -0.2818 0.6230 0.7297
vn -0.3869 0.6578 0.6463
vn -0.4943 0.6657 0.5590
vn -0.5999 0.6466 0.4713
vn -0.6996 0.6011 0.3864
vn -0.7896 0.5309 0.3077
vn -0.8664 0.4388 0.2381
vn -0.9271 0.3284 0.1805
vn -0.9694 0.2038 0.1368
vn -0.9916 0.0698 0.1090
vn -0.9928 -0.0684 0.0979
vn -0.9731 -0.2054 0.1041
vn -0.9332 -0.3361 0.1273
vn -0.8746 -0.4554 0.1665
vn -0.7995 -0.5588 0.2204
vn -0.7109 -0.6421 0.2868
vn -0.6121 -0.7024 0.3632
vn -0.5070 -0.7371 0.4467
vn -0.6321 -0.0561 0.7728
vn -0.3573 0.9061 -0.2264
vn -0.4846 0.8070 -0.3376
vn -0.5624 0.7193 -0.4077
vn -0.5932 0.6768 -0.4360
vn -0.7719 -0.0405 -0.6344
vn -0.7556 -0.1761 -0.6309
vn -0.6876 -0.4192 -0.5928
vn -0.4130 -0.8194 -0.3974
vn -0.2772 -0.9150 -0.2933
vn 0.3573 -0.9061 0.2264
vn 0.5932 -0.6767 0.4360
vn 0.7557 0.1761 0.6308
vn 0.6876 0.4192 0.5928
vn 0.6325 0.5388 0.5564
vn 0.7710 -0.1453 0.6201
vn 0.9082 0.2902 -0.3015
vn 0.4395 -0.5053 -0.7426
vn 0.8884 -0.2855 -0.3595
vn 0.8620 0.3824 -0.3327
vn 0.9307 -0.1816 -0.3175
vn 0.7985 0.4683 -0.3783
vn 0.9526 -0.0841 -0.2923
vn 0.7297 0.5316 -0.4301
vn 0.9600 0.0330 -0.2779
vn 0.6487 0.5800 -0.4928
vn 0.9505 0.1389 -0.2779
vn 0.5643 0.6067 -0.5598
vn 0.9234 0.2490 -0.2922
vn 0.4784 0.6120 -0.6298
vn 0.8826 0.3458 -0.3184
vn 0.3941 0.5957 -0.6999
vn 0.8246 0.4370 -0.3594
vn 0.3130 0.5575 -0.7689
vn 0.7599 0.5068 -0.4070
vn 0.2436 0.5020 -0.8299
vn 0.6812 0.5635 -0.4675
vn 0.1802 0.4247 -0.8872
vn 0.5989 0.5985 -0.5322
vn 0.1338 0.3381 -0.9315
vn 0.5132 0.6125 -0.6012
vn 0.0997 0.2350 -0.9669
vn 0.4276 0.6048 -0.6718
vn 0.0833 0.1309 -0.9879
vn 0.3446 0.5752 -0.7418
vn 0.0830 0.0146 -0.9964
vn 0.2712 0.5271 -0.8054
vn 0.0989 -0.0886 -0.9911
vn 0.2033 0.4567 -0.8661
vn 0.1336 -0.2001 -0.9706
vn 0.5648 -0.5195 -0.6412
vn 0.1515 0.3758 -0.9142
vn 0.1783 -0.2886 -0.9407
vn 0.6454 -0.5037 -0.5742
vn 0.1111 0.2767 -0.9545
vn 0.2431 -0.3765 -0.8939
vn 0.7291 -0.4643 -0.5027
vn 0.0881 0.1745 -0.9807
vn 0.3101 -0.4381 -0.8437
vn 0.7965 -0.4105 -0.4440
vn 0.0810 0.0597 -0.9949
vn 0.3946 -0.4886 -0.7781
vn 0.8619 -0.3307 -0.3844
vn 0.0902 -0.0449 -0.9949
vn 0.4741 -0.5137 -0.7151
vn 0.9062 -0.2480 -0.3424
vn 0.1185 -0.1589 -0.9802
vn 0.5303 -0.5200 -0.6696
vn 0.9420 -0.1400 -0.3051
vn 0.1574 -0.2516 -0.9549
vn 0.6118 -0.5128 -0.6023
vn 0.9576 -0.0398 -0.2852
vn 0.2172 -0.3453 -0.9130
vn 0.6977 -0.4821 -0.5299
vn 0.9580 0.0773 -0.2763
vn 0.2801 -0.4136 -0.8663
vn 0.7687 -0.4356 -0.4683
vn 0.9418 0.1832 -0.2819
vn 0.3618 -0.4720 -0.8039
vn -0.4318 0.0558 0.9002
vn -0.5384 -0.6854 -0.4902
vn 0.3088 -0.9330 0.1848
vn 0.7713 0.0501 0.6345
vn -0.4194 -0.8139 -0.4021
vn 0.4415 -0.8458 0.2997
vn 0.7420 0.2438 0.6246
vn -0.2842 -0.9111 -0.2987
vn 0.5572 -0.7260 0.4030
vn 0.6841 0.4280 0.5906
vn -0.1381 -0.9732 -0.1837
vn 0.6516 -0.5783 0.4909
vn 0.5999 0.5957 0.5340
vn 0.7208 -0.4085 0.5599
vn 0.4928 0.7406 0.4568
vn 0.7625 -0.2228 0.6075
vn 0.3666 0.8570 0.3621
vn 0.7748 -0.0287 0.6316
vn 0.2264 0.9405 0.2535
vn 0.7573 0.1666 0.6315
vn 0.0775 0.9878 0.1351
vn 0.7107 0.3554 0.6071
vn -0.0744 0.9972 0.0116
vn 0.6368 0.5306 0.5594
vn -0.2235 0.9682 -0.1124
vn 0.5385 0.6854 0.4902
vn -0.3639 0.9020 -0.2321
vn 0.4194 0.8139 0.4022
vn -0.4904 0.8012 -0.3429
vn 0.2842 0.9110 0.2987
vn -0.5980 0.6696 -0.4405
vn 0.1381 0.9732 0.1837
vn -0.6826 0.5123 -0.5211
vn -0.0133 0.9980 0.0616
vn -0.7411 0.3352 -0.5818
vn -0.1642 0.9844 -0.0628
vn -0.7710 0.1453 -0.6201
vn -0.3087 0.9330 -0.1847
vn -0.7713 -0.0502 -0.6345
vn -0.4415 0.8458 -0.2997
vn -0.7419 -0.2438 -0.6246
vn -0.5572 0.7260 -0.4030
vn -0.6841 -0.4280 -0.5906
vn 0.0744 -0.9972 -0.0116
vn -0.6516 0.5783 -0.4909
vn -0.6000 -0.5957 -0.5340
vn 0.2235 -0.9682 0.1124
vn -0.7209 0.4085 -0.5599
vn -0.4928 -0.7406 -0.4569
vn 0.3639 -0.9021 0.2321
vn -0.7625 0.2229 -0.6074
vn -0.3666 -0.8570 -0.3621
vn 0.4904 -0.8012 0.3429
vn -0.7748 0.0287 -0.6316
vn -0.2264 -0.9405 -0.2535
vn 0.5980 -0.6696 0.4405
vn -0.7573 -0.1665 -0.6315
vn -0.0775 -0.9878 -0.1351
vn 0.6826 -0.5123 0.5211
vn -0.7107 -0.3554 -0.6071
vn 0.0133 -0.9980 -0.0616
vn 0.7411 -0.3352 0.5818
vn -0.6368 -0.5306 -0.5594
vn 0.1642 -0.9844 0.0628
vn 0.7187 0.3333 -0.6102
vn -0.6433 -0.3082 0.7009
vn -0.4389 -0.2005 0.8759
vn -0.4554 0.1030 0.8843
vn -0.4240 -0.1651 0.8905
vn -0.4803 0.1364 0.8664
vn -0.4115 -0.1076 0.9050
vn -0.5162 0.1698 0.8394
vn -0.4085 -0.0652 0.9104
vn -0.5510 0.1904 0.8125
vn -0.4138 -0.0088 0.9103
vn -0.5900 0.2028 0.7815
vn -0.4250 0.0370 0.9045
vn -0.6298 0.2053 0.7491
vn -0.4456 0.0856 0.8912
vn -0.6690 0.1976 0.7165
vn -0.4684 0.1220 0.8750
vn -0.7039 0.1811 0.6868
vn -0.5030 0.1589 0.8496
vn -0.7394 0.1529 0.6556
vn -0.5356 0.1825 0.8245
vn -0.7648 0.1217 0.6327
vn -0.5744 0.1990 0.7940
vn -0.7886 0.0776 0.6099
vn -0.6140 0.2055 0.7621
vn -0.8027 0.0346 0.5953
vn -0.6533 0.2019 0.7297
vn -0.8112 -0.0190 0.5844
vn -0.6898 0.1890 0.6989
vn -0.8112 -0.0636 0.5813
vn -0.7266 0.1647 0.6671
vn -0.8026 -0.1218 0.5840
vn -0.7540 0.1365 0.6425
vn -0.7899 -0.1615 0.5916
vn -0.5934 -0.3137 0.7412
vn -0.7807 0.0946 0.6177
vn -0.7643 -0.2129 0.6087
vn -0.5499 -0.3055 0.7773
vn -0.7975 0.0536 0.6010
vn -0.7411 -0.2439 0.6255
vn -0.5182 -0.2903 0.8044
vn -0.8090 0.0017 0.5878
vn -0.7030 -0.2794 0.6540
vn -0.4799 -0.2602 0.8378
vn -0.8120 -0.0435 0.5820
vn -0.6723 -0.2974 0.6779
vn -0.4573 -0.2319 0.8585
vn -0.8066 -0.1015 0.5823
vn -0.6276 -0.3119 0.7133
vn -0.4307 -0.1833 0.8837
vn -0.7967 -0.1426 0.5873
vn -0.6095 -0.3139 0.7280
vn -0.4188 -0.1460 0.8963
vn -0.7740 -0.1960 0.6021
vn -0.5655 -0.3098 0.7644
vn -0.4093 -0.0878 0.9082
vn -0.7530 -0.2294 0.6167
vn -0.5323 -0.2982 0.7923
vn -0.4095 -0.0442 0.9112
vn -0.7167 -0.2683 0.6437
vn -0.4929 -0.2720 0.8265
vn -0.4176 0.0108 0.9086
vn -0.6872 -0.2897 0.6661
vn -0.4678 -0.2465 0.8488
vn -0.4414 0.8458 -0.2996
vn 0.8512 0.0471 -0.5227
vn 0.6710 0.3618 -0.6471
vn 0.8460 0.1057 -0.5225
vn 0.6224 0.3773 -0.6858
vn 0.8299 0.1709 -0.5311
vn 0.5728 0.3803 -0.7262
vn 0.8070 0.2255 -0.5458
vn 0.5242 0.3709 -0.7666
vn 0.7721 0.2801 -0.5704
vn 0.4765 0.3485 -0.8072
vn 0.7364 0.3188 -0.5967
vn 0.4377 0.3173 -0.8413
vn 0.6897 0.3524 -0.6326
vn 0.3997 0.2711 -0.8756
vn 0.6424 0.3725 -0.6698
vn 0.3737 0.2226 -0.9004
vn 0.5930 0.3806 -0.7096
vn 0.3535 0.1615 -0.9214
vn 0.5435 0.3761 -0.7504
vn 0.3444 0.1032 -0.9331
vn 0.4949 0.3588 -0.7914
vn 0.3441 0.0329 -0.9384
vn 0.4536 0.3318 -0.8272
vn 0.3528 -0.0230 -0.9354
vn 0.4130 0.2896 -0.8635
vn 0.3741 -0.0915 -0.9229
vn 0.6239 -0.2742 -0.7319
vn 0.3840 0.2445 -0.8903
vn 0.3981 -0.1388 -0.9068
vn 0.6683 -0.2653 -0.6950
vn 0.3601 0.1856 -0.9143
vn 0.4378 -0.1930 -0.8781
vn 0.7190 -0.2416 -0.6516
vn 0.3471 0.1282 -0.9290
vn 0.4741 -0.2260 -0.8510
vn 0.7554 -0.2124 -0.6199
vn 0.3430 0.0593 -0.9375
vn 0.5257 -0.2571 -0.8109
vn 0.7958 -0.1633 -0.5832
vn 0.3478 0.0023 -0.9376
vn 0.5689 -0.2705 -0.7767
vn 0.8192 -0.1192 -0.5609
vn 0.3653 -0.0676 -0.9284
vn 0.6041 -0.2745 -0.7482
vn 0.8415 -0.0525 -0.5377
vn 0.3860 -0.1175 -0.9150
vn 0.6488 -0.2706 -0.7112
vn 0.8497 0.0012 -0.5272
vn 0.4229 -0.1750 -0.8891
vn 0.7007 -0.2519 -0.6675
vn 0.8500 0.0724 -0.5217
vn 0.4567 -0.2118 -0.8640
vn 0.7394 -0.2268 -0.6339
vn 0.8410 0.1315 -0.5249
vn 0.5068 -0.2475 -0.8258
vn 0.7824 -0.1819 -0.5956
vn 0.8211 0.1948 -0.5365
vn 0.5488 -0.2657 -0.7926
vn 0.8090 -0.1409 -0.5707
vn 0.7952 0.2464 -0.5540
vn 0.8350 -0.0765 -0.5449
vn 0.7570 0.2982 -0.5814
vn 0.8468 -0.0246 -0.5313
vn -0.3933 0.4229 0.8164
vn -0.7419 -0.2439 -0.6246
vn -0.5572 0.7261 -0.4030
vn -0.6841 -0.4279 -0.5907
vn -0.6516 0.5782 -0.4910
vn -0.5999 -0.5959 -0.5339
vn 0.2234 -0.9682 0.1124
vn -0.7208 0.4086 -0.5599
vn -0.4927 -0.7406 -0.4568
vn -0.3667 -0.8570 -0.3622
vn 0.6827 -0.5122 0.5212
vn 0.0132 -0.9980 -0.0617
vn -0.5385 -0.6853 -0.4902
vn 0.3087 -0.9330 0.1848
vn 0.7713 0.0502 0.6345
vn 0.4415 -0.8457 0.2997
vn 0.7420 0.2437 0.6246
vn -0.2842 -0.9111 -0.2986
vn 0.6841 0.4279 0.5907
vn 0.6515 -0.5784 0.4909
vn 0.7209 -0.4084 0.5600
vn 0.4928 0.7405 0.4569
vn 0.7625 -0.2229 0.6075
vn 0.7747 -0.0287 0.6316
vn 0.7573 0.1665 0.6315
vn 0.0775 0.9878 0.1352
vn 0.7107 0.3556 0.6071
vn -0.2234 0.9682 -0.1124
vn 0.5384 0.6854 0.4902
vn 0.4194 0.8139 0.4021
vn 0.2842 0.9111 0.2987
vn -0.5980 0.6697 -0.4404
vn 0.1381 0.9732 0.1836
vn -0.6827 0.5122 -0.5212
vn -0.0132 0.9980 0.0617
vn -0.3088 0.9330 -0.1848
vn 0.3825 0.6708 -0.6353
vn -0.8493 0.2998 0.4345
vn -0.4695 0.4554 0.7565
vn -0.8947 0.2156 0.3912
vn -0.5481 0.4682 0.6931
vn -0.9239 0.1268 0.3609
vn -0.6261 0.4612 0.6288
vn -0.9400 0.0249 0.3402
vn -0.6999 0.4350 0.5665
vn -0.9402 -0.0708 0.3333
vn -0.7706 0.3884 0.5053
vn -0.9240 -0.1778 0.3386
vn -0.8281 0.3291 0.4539
vn -0.8963 -0.2657 0.3551
vn -0.5046 -0.5640 0.6537
vn -0.8788 0.2496 0.4068
vn -0.8494 -0.3595 0.3864
vn -0.4234 -0.5483 0.7212
vn -0.9134 0.1646 0.3722
vn -0.7982 -0.4284 0.4234
vn -0.3551 -0.5160 0.7795
vn -0.9356 0.0653 0.3468
vn -0.7281 -0.4934 0.4759
vn -0.2848 -0.4602 0.8409
vn -0.9418 -0.0303 0.3348
vn -0.6608 -0.5332 0.5282
vn -0.2339 -0.3975 0.8873
vn -0.9321 -0.1377 0.3351
vn -0.5785 -0.5596 0.5935
vn -0.1861 -0.3093 0.9326
vn -0.9099 -0.2283 0.3465
vn -0.5364 -0.5643 0.6276
vn -0.1588 -0.2255 0.9612
vn -0.8686 -0.3259 0.3733
vn -0.4542 -0.5568 0.6955
vn -0.1417 -0.1195 0.9827
vn -0.8217 -0.3999 0.4062
vn -0.3833 -0.5318 0.7552
vn -0.1418 -0.0247 0.9896
vn -0.7555 -0.4712 0.4553
vn -0.3103 -0.4835 0.8185
vn -0.1575 0.0795 0.9843
vn -0.6906 -0.5179 0.5048
vn -0.2549 -0.4266 0.8678
vn -0.1866 0.1721 0.9672
vn -0.6098 -0.5522 0.5686
vn -0.2022 -0.3435 0.9171
vn -0.2317 0.2620 0.9368
vn -0.1692 -0.2634 0.9497
vn -0.2844 0.3331 0.8990
vn -0.1462 -0.1593 0.9764
vn -0.3525 0.3962 0.8478
vn -0.1400 -0.0660 0.9879
vn -0.4235 0.4383 0.7928
vn -0.1496 0.0400 0.9879
vn -0.5007 0.4629 0.7314
vn -0.1730 0.1347 0.9757
vn -0.5795 0.4678 0.6673
vn -0.2124 0.2279 0.9502
vn -0.6570 0.4527 0.6029
vn -0.2609 0.3047 0.9160
vn -0.7282 0.4191 0.5422
vn -0.3256 0.3742 0.8683
vn -0.7959 0.3652 0.4828
vn 0.6321 0.0561 -0.7728
vn -0.0042 0.1379 -0.9904
vn 0.2896 0.6377 -0.7138
vn -0.0045 0.0083 -1.0000
vn 0.2067 0.5833 -0.7855
vn 0.0134 -0.1089 -0.9940
vn 0.1308 0.5046 -0.8534
vn 0.0522 -0.2328 -0.9711
vn 0.5363 -0.5923 -0.6013
vn 0.0723 0.4132 -0.9078
vn 0.1029 -0.3335 -0.9371
vn 0.6277 -0.5745 -0.5253
vn 0.0272 0.3025 -0.9528
vn 0.1749 -0.4312 -0.8851
vn 0.7210 -0.5306 -0.4457
vn 0.0012 0.1871 -0.9823
vn 0.2511 -0.5012 -0.8281
vn 0.7975 -0.4695 -0.3788
vn -0.0068 0.0590 -0.9982
vn 0.3450 -0.5574 -0.7551
vn 0.8701 -0.3808 -0.3128
vn 0.0037 -0.0597 -0.9982
vn 0.4354 -0.5859 -0.6835
vn 0.9207 -0.2867 -0.2648
vn 0.0352 -0.1866 -0.9818
vn 0.4977 -0.5929 -0.6331
vn 0.9603 -0.1667 -0.2235
vn 0.0794 -0.2920 -0.9531
vn 0.5899 -0.5847 -0.5568
vn 0.9782 -0.0528 -0.2007
vn 0.1459 -0.3962 -0.9065
vn 0.6857 -0.5505 -0.4761
vn 0.9785 0.0777 -0.1909
vn 0.2174 -0.4737 -0.8534
vn 0.7663 -0.4977 -0.4062
vn 0.9603 0.1974 -0.1972
vn 0.3083 -0.5388 -0.7840
vn 0.8443 -0.4169 -0.3368
vn 0.9227 0.3171 -0.2192
vn 0.3966 -0.5765 -0.7144
vn 0.9007 -0.3287 -0.2840
vn 0.8705 0.4213 -0.2544
vn 0.9477 -0.2134 -0.2374
vn 0.7997 0.5170 -0.3052
vn 0.9726 -0.1025 -0.2088
vn 0.7218 0.5887 -0.3638
vn 0.9808 0.0278 -0.1928
vn 0.6311 0.6429 -0.4341
vn 0.9701 0.1477 -0.1927
vn 0.5363 0.6730 -0.5094
vn 0.9397 0.2708 -0.2087
vn 0.4397 0.6789 -0.5880
vn 0.8937 0.3802 -0.2384
vn 0.3449 0.6605 -0.6669
vn 0.8289 0.4819 -0.2840
vn 0.2542 0.6178 -0.7441
vn 0.7557 0.5609 -0.3380
vn 0.1757 0.5552 -0.8130
vn 0.6676 0.6243 -0.4056
vn 0.1049 0.4688 -0.8771
vn 0.5750 0.6637 -0.4784
vn 0.0524 0.3710 -0.9272
vn 0.4788 0.6795 -0.5560
vn 0.0143 0.2556 -0.9667
vt 0.586145 0.088318
vt 0.601611 0.098729
vt 0.575974 0.166599
vt 0.555953 0.163018
vt 0.912959 0.097559
vt 0.926215 0.087771
vt 0.956001 0.153493
vt 0.938404 0.157305
vt 0.615546 0.107757
vt 0.628097 0.115538
vt 0.609757 0.171259
vt 0.593842 0.169274
vt 0.890118 0.113310
vt 0.900972 0.106018
vt 0.922690 0.160294
vt 0.908661 0.162660
vt 0.871338 0.124956
vt 0.880279 0.119576
vt 0.896129 0.164530
vt 0.884914 0.166024
vt 0.855757 0.133519
vt 0.863196 0.129567
vt 0.874854 0.167213
vt 0.865799 0.168169
vt 0.842675 0.139798
vt 0.848942 0.136902
vt 0.857621 0.168932
vt 0.850204 0.169548
vt 0.831541 0.144392
vt 0.836895 0.142275
vt 0.843449 0.170038
vt 0.837270 0.170432
vt 0.821921 0.147741
vt 0.826564 0.146200
vt 0.831590 0.170741
vt 0.826344 0.170987
vt 0.813478 0.150164
vt 0.817570 0.149052
vt 0.821477 0.171176
vt 0.816939 0.171321
vt 0.805947 0.151895
vt 0.809613 0.151103
vt 0.812687 0.171428
vt 0.808685 0.171508
vt 0.799119 0.153112
vt 0.802457 0.152558
vt 0.804899 0.171561
vt 0.801302 0.171599
vt 0.792822 0.153952
vt 0.795913 0.153571
vt 0.797868 0.171623
vt 0.794575 0.171640
vt 0.786920 0.154530
vt 0.789830 0.154268
vt 0.791403 0.171652
vt 0.788336 0.171667
vt 0.781298 0.154945
vt 0.784080 0.154752
vt 0.785356 0.171685
vt 0.782450 0.171714
vt 0.775865 0.155281
vt 0.778563 0.155118
vt 0.779606 0.171754
vt 0.776812 0.171810
vt 0.770552 0.155606
vt 0.773197 0.155441
vt 0.774058 0.171883
vt 0.771333 0.171977
vt 0.765303 0.155958
vt 0.767923 0.155777
vt 0.768629 0.172090
vt 0.765938 0.172226
vt 0.760072 0.156335
vt 0.762689 0.156144
vt 0.763250 0.172381
vt 0.760557 0.172558
vt 0.754805 0.156700
vt 0.757447 0.156522
vt 0.757851 0.172752
vt 0.755120 0.172963
vt 0.749434 0.156995
vt 0.752137 0.156861
vt 0.752355 0.173185
vt 0.749546 0.173420
vt 0.743880 0.157152
vt 0.746686 0.157095
vt 0.746679 0.173660
vt 0.743742 0.173908
vt 0.738044 0.157097
vt 0.741004 0.157155
vt 0.740720 0.174155
vt 0.737598 0.174403
vt 0.731811 0.156750
vt 0.734986 0.156965
vt 0.734356 0.174646
vt 0.730976 0.174883
vt 0.725037 0.156017
vt 0.728501 0.156438
vt 0.727434 0.175109
vt 0.723704 0.175324
vt 0.717544 0.154777
vt 0.721393 0.155469
vt 0.719758 0.175520
vt 0.715563 0.175698
vt 0.709111 0.152870
vt 0.713461 0.153918
vt 0.711081 0.175849
vt 0.706267 0.175973
vt 0.699451 0.150081
vt 0.704455 0.151602
vt 0.701072 0.176059
vt 0.695438 0.176103
vt 0.688197 0.146111
vt 0.694050 0.148265
vt 0.689298 0.176091
vt 0.682574 0.176015
vt 0.674874 0.140549
vt 0.681828 0.143559
vt 0.675177 0.175853
vt 0.667005 0.175590
vt 0.658872 0.132836
vt 0.667252 0.137003
vt 0.657937 0.175189
vt 0.647842 0.174621
vt 0.639414 0.122224
vt 0.649629 0.127946
vt 0.636562 0.173823
vt 0.623931 0.172738
vt 0.716761 0.189330
vt 0.720870 0.188497
vt 0.723188 0.199192
vt 0.719362 0.200554
vt 0.801235 0.183353
vt 0.804792 0.183732
vt 0.803637 0.193825
vt 0.800248 0.193106
vt 0.724742 0.187740
vt 0.728404 0.187041
vt 0.730266 0.196897
vt 0.726823 0.197992
vt 0.808533 0.184165
vt 0.812489 0.184649
vt 0.810922 0.195609
vt 0.807180 0.194670
vt 0.731886 0.186402
vt 0.735212 0.185812
vt 0.736719 0.195047
vt 0.733565 0.195932
vt 0.816689 0.185198
vt 0.821173 0.185808
vt 0.819073 0.197925
vt 0.814868 0.196704
vt 0.738404 0.185271
vt 0.741479 0.184772
vt 0.742700 0.193554
vt 0.739764 0.194269
vt 0.825979 0.186499
vt 0.831162 0.187268
vt 0.828360 0.200930
vt 0.823546 0.199342
vt 0.744458 0.184317
vt 0.747353 0.183899
vt 0.748334 0.192363
vt 0.745557 0.192932
vt 0.836775 0.188139
vt 0.842890 0.189111
vt 0.839156 0.204855
vt 0.833530 0.202775
vt 0.750179 0.183522
vt 0.752948 0.183181
vt 0.753722 0.191434
vt 0.751055 0.191875
vt 0.849582 0.190211
vt 0.856952 0.191440
vt 0.851982 0.210024
vt 0.845260 0.207277
vt 0.755673 0.182880
vt 0.758364 0.182614
vt 0.758948 0.190746
vt 0.756352 0.191069
vt 0.595421 0.216685
vt 0.611927 0.213260
vt 0.625197 0.248397
vt 0.610229 0.256950
vt 0.865103 0.192828
vt 0.874178 0.194371
vt 0.867598 0.216888
vt 0.859360 0.213231
vt 0.761031 0.182389
vt 0.763683 0.182199
vt 0.764089 0.190286
vt 0.761526 0.190495
vt 0.626399 0.210089
vt 0.639117 0.207172
vt 0.649547 0.234549
vt 0.638241 0.241013
vt 0.884322 0.196101
vt 0.895737 0.197998
vt 0.887146 0.226046
vt 0.876760 0.221161
vt 0.766330 0.182051
vt 0.768981 0.181940
vt 0.769211 0.190050
vt 0.766648 0.190148
vt 0.650369 0.204543
vt 0.660356 0.202168
vt 0.668398 0.224130
vt 0.659564 0.228992
vt 0.908626 0.200080
vt 0.923271 0.202294
vt 0.912392 0.238238
vt 0.898873 0.231745
vt 0.771644 0.181870
vt 0.774328 0.181837
vt 0.774381 0.190038
vt 0.771785 0.190023
vt 0.669283 0.200050
vt 0.677292 0.198148
vt 0.683466 0.216270
vt 0.676347 0.219946
vt 0.939951 0.204619
vt 0.959053 0.206920
vt 0.946084 0.254222
vt 0.927904 0.245759
vt 0.777043 0.181846
vt 0.779798 0.181893
vt 0.779665 0.190257
vt 0.777003 0.190126
vt 0.684530 0.196455
vt 0.691095 0.194933
vt 0.695854 0.210285
vt 0.689959 0.213095
vt 0.554733 0.223906
vt 0.576483 0.220261
vt 0.592655 0.266637
vt 0.572168 0.277732
vt 0.782605 0.181981
vt 0.785474 0.182106
vt 0.785139 0.190718
vt 0.782372 0.190464
vt 0.697091 0.193574
vt 0.702590 0.192346
vt 0.706293 0.205668
vt 0.701294 0.207845
vt 0.788417 0.182274
vt 0.791449 0.182479
vt 0.790887 0.191442
vt 0.787971 0.191054
vt 0.707667 0.191243
vt 0.712372 0.190238
vt 0.715285 0.202055
vt 0.710954 0.203766
vt 0.794584 0.182728
vt 0.797840 0.183017
vt 0.797011 0.192461
vt 0.793892 0.191921
vt 0.906369 0.277875
vt 0.921337 0.291626
vt 0.888439 0.317796
vt 0.878539 0.300020
vt 0.603599 0.319668
vt 0.619933 0.302267
vt 0.654573 0.326082
vt 0.643860 0.348409
vt 0.633916 0.287516
vt 0.645542 0.274880
vt 0.670061 0.292406
vt 0.663206 0.307667
vt 0.882953 0.256147
vt 0.893897 0.266062
vt 0.870632 0.285261
vt 0.863401 0.273133
vt 0.865090 0.240508
vt 0.873553 0.247647
vt 0.857144 0.262925
vt 0.851194 0.254438
vt 0.850785 0.229146
vt 0.857629 0.234344
vt 0.845861 0.247162
vt 0.840727 0.241052
vt 0.838914 0.220772
vt 0.844633 0.224612
vt 0.836040 0.235727
vt 0.831508 0.231226
vt 0.828797 0.214511
vt 0.833696 0.217387
vt 0.827321 0.227244
vt 0.823267 0.223868
vt 0.819991 0.209768
vt 0.824273 0.211948
vt 0.819486 0.220842
vt 0.815820 0.218276
vt 0.812190 0.206140
vt 0.815997 0.207806
vt 0.812373 0.215949
vt 0.809024 0.213983
vt 0.805166 0.203353
vt 0.808605 0.204628
vt 0.805853 0.212181
vt 0.802765 0.210671
vt 0.798749 0.201215
vt 0.801900 0.202187
vt 0.799819 0.209274
vt 0.796942 0.208121
vt 0.792803 0.199594
vt 0.795732 0.200322
vt 0.794178 0.207045
vt 0.791472 0.206179
vt 0.787221 0.198401
vt 0.789978 0.198925
vt 0.788854 0.205366
vt 0.786281 0.204739
vt 0.781911 0.197572
vt 0.784541 0.197921
vt 0.783776 0.204149
vt 0.781306 0.203727
vt 0.776800 0.197068
vt 0.779338 0.197259
vt 0.778885 0.203331
vt 0.776491 0.203093
vt 0.771820 0.196862
vt 0.774298 0.196907
vt 0.774129 0.202874
vt 0.771784 0.202805
vt 0.766912 0.196940
vt 0.769360 0.196844
vt 0.769456 0.202751
vt 0.767139 0.202844
vt 0.762019 0.197296
vt 0.764466 0.197061
vt 0.764823 0.202951
vt 0.762509 0.203205
vt 0.757085 0.197935
vt 0.759558 0.197558
vt 0.760182 0.203474
vt 0.757849 0.203893
vt 0.752050 0.198872
vt 0.754580 0.198343
vt 0.755488 0.204331
vt 0.753113 0.204925
vt 0.746848 0.200133
vt 0.749469 0.199437
vt 0.750693 0.205547
vt 0.748251 0.206336
vt 0.741406 0.201762
vt 0.744155 0.200875
vt 0.745746 0.207164
vt 0.743209 0.208177
vt 0.735636 0.203827
vt 0.738559 0.202711
vt 0.740589 0.209245
vt 0.737927 0.210524
vt 0.729436 0.206423
vt 0.732586 0.205026
vt 0.735159 0.211884
vt 0.732339 0.213489
vt 0.722677 0.209692
vt 0.726121 0.207937
vt 0.729385 0.215212
vt 0.726368 0.217230
vt 0.715199 0.213837
vt 0.719021 0.211612
vt 0.723186 0.219419
vt 0.719931 0.221973
vt 0.706793 0.219150
vt 0.711104 0.216296
vt 0.716473 0.224777
vt 0.712931 0.228045
vt 0.697179 0.226057
vt 0.702128 0.222340
vt 0.709140 0.231679
vt 0.705257 0.235924
vt 0.685953 0.235184
vt 0.691759 0.230260
vt 0.701065 0.240710
vt 0.696773 0.246327
vt 0.672495 0.247457
vt 0.679499 0.240818
vt 0.692089 0.252757
vt 0.687285 0.260363
vt 0.655770 0.264249
vt 0.664554 0.255141
vt 0.681948 0.269223
vt 0.676423 0.279821
vt 0.811774 0.348025
vt 0.819361 0.327625
vt 0.854015 0.329261
vt 0.854856 0.354012
vt 0.823502 0.310735
vt 0.825958 0.297141
vt 0.848605 0.294424
vt 0.851258 0.309822
vt 0.826495 0.285582
vt 0.826348 0.275892
vt 0.842014 0.271264
vt 0.845185 0.281763
vt 0.825150 0.267553
vt 0.823731 0.260368
vt 0.835051 0.254917
vt 0.838399 0.262446
vt 0.821714 0.254157
vt 0.819684 0.248697
vt 0.828103 0.242957
vt 0.831445 0.248530
vt 0.817302 0.243975
vt 0.814999 0.239755
vt 0.821381 0.233993
vt 0.824618 0.238210
vt 0.812483 0.236117
vt 0.810080 0.232817
vt 0.814978 0.227159
vt 0.818069 0.230399
vt 0.807549 0.229988
vt 0.805137 0.227387
vt 0.808924 0.221888
vt 0.811855 0.224405
vt 0.802648 0.225179
vt 0.800273 0.223123
vt 0.803205 0.217796
vt 0.805982 0.219763
vt 0.797852 0.221401
vt 0.795533 0.219778
vt 0.797794 0.214618
vt 0.800431 0.216155
vt 0.793188 0.218446
vt 0.790930 0.217176
vt 0.792650 0.212166
vt 0.795165 0.213359
vt 0.788659 0.216165
vt 0.786460 0.215189
vt 0.787731 0.210308
vt 0.790145 0.211216
vt 0.784254 0.214450
vt 0.782106 0.213726
vt 0.782997 0.208951
vt 0.785329 0.209617
vt 0.779957 0.213223
vt 0.777850 0.212722
vt 0.778407 0.208028
vt 0.780677 0.208483
vt 0.775746 0.212430
vt 0.773669 0.212133
vt 0.773923 0.207498
vt 0.776148 0.207761
vt 0.771598 0.212037
vt 0.769540 0.211931
vt 0.769507 0.207333
vt 0.771706 0.207415
vt 0.767489 0.212023
vt 0.765438 0.212103
vt 0.765124 0.207519
vt 0.767315 0.207426
vt 0.763397 0.212380
vt 0.761341 0.212648
vt 0.760740 0.208056
vt 0.762940 0.207787
vt 0.759296 0.213116
vt 0.757225 0.213580
vt 0.756319 0.208958
vt 0.758546 0.208504
vt 0.755166 0.214250
vt 0.753067 0.214924
vt 0.751827 0.210250
vt 0.754098 0.209597
vt 0.750985 0.215815
vt 0.748848 0.216725
vt 0.747226 0.211978
vt 0.749560 0.211100
vt 0.746734 0.217867
vt 0.744552 0.219046
vt 0.742480 0.214206
vt 0.744896 0.213069
vt 0.742402 0.220481
vt 0.740169 0.221981
vt 0.737554 0.217030
vt 0.740071 0.215582
vt 0.737983 0.223767
vt 0.735703 0.225655
vt 0.732412 0.220585
vt 0.735048 0.218752
vt 0.733492 0.227872
vt 0.731177 0.230245
vt 0.727029 0.225061
vt 0.729797 0.222740
vt 0.728967 0.233002
vt 0.726653 0.235992
vt 0.721390 0.230725
vt 0.724297 0.227769
vt 0.724499 0.239442
vt 0.722256 0.243236
vt 0.715511 0.237963
vt 0.718549 0.234161
vt 0.720263 0.247593
vt 0.718228 0.252453
vt 0.709457 0.247341
vt 0.712589 0.242379
vt 0.716594 0.258025
vt 0.715025 0.264345
vt 0.703382 0.259718
vt 0.706523 0.253115
vt 0.714118 0.271592
vt 0.713514 0.279976
vt 0.697592 0.276470
vt 0.700575 0.267442
vt 0.714051 0.289634
vt 0.715405 0.301108
vt 0.692649 0.299997
vt 0.695170 0.287146
vt 0.718814 0.314479
vt 0.724137 0.331019
vt 0.689705 0.335098
vt 0.691086 0.315527
vt 0.677443 0.312869
vt 0.672324 0.332370
vt 0.878299 0.349855
vt 0.871168 0.325314
vt 0.900686 0.339319
vt 0.864692 0.306210
vt 0.859423 0.290805
vt 0.854106 0.278231
vt 0.849428 0.267718
vt 0.844666 0.258973
vt 0.840354 0.251478
vt 0.836000 0.245177
vt 0.832005 0.239669
vt 0.828009 0.235012
vt 0.824309 0.230873
vt 0.820634 0.227367
vt 0.817206 0.224206
vt 0.813816 0.221532
vt 0.810633 0.219089
vt 0.807491 0.217035
vt 0.804520 0.215135
vt 0.801591 0.213553
vt 0.798801 0.212074
vt 0.796050 0.210864
vt 0.793412 0.209721
vt 0.790807 0.208810
vt 0.788292 0.207943
vt 0.785805 0.207283
vt 0.783387 0.206649
vt 0.780993 0.206204
vt 0.778648 0.205774
vt 0.776322 0.205522
vt 0.774028 0.205277
vt 0.771748 0.205202
vt 0.769485 0.205131
vt 0.767231 0.205226
vt 0.764977 0.205324
vt 0.762729 0.205588
vt 0.760466 0.205856
vt 0.758203 0.206292
vt 0.755909 0.206737
vt 0.753612 0.207359
vt 0.751267 0.207996
vt 0.748913 0.208821
vt 0.746494 0.209675
vt 0.744063 0.210734
vt 0.741546 0.211839
vt 0.739012 0.213175
vt 0.736371 0.214583
vt 0.733710 0.216258
vt 0.730918 0.218042
vt 0.728106 0.220143
vt 0.725135 0.222408
vt 0.722148 0.225059
vt 0.718971 0.227953
vt 0.715790 0.231332
vt 0.712384 0.235071
vt 0.708997 0.239440
vt 0.705349 0.244346
vt 0.701760 0.250099
vt 0.697867 0.256667
vt 0.694097 0.264423
vt 0.689964 0.273458
vt 0.686037 0.284252
vt 0.681616 0.297149
vt 0.666936 0.357347
vt 0.690612 0.359838
vt 0.737423 0.295119
vt 0.744566 0.303727
vt 0.755154 0.312909
vt 0.730010 0.279629
vt 0.732933 0.286992
vt 0.727719 0.266845
vt 0.728484 0.272905
vt 0.728153 0.256451
vt 0.727748 0.261386
vt 0.730104 0.248025
vt 0.729039 0.252039
vt 0.732906 0.241187
vt 0.731468 0.244457
vt 0.736187 0.235630
vt 0.734537 0.238298
vt 0.739726 0.231111
vt 0.737962 0.233289
vt 0.743396 0.227444
vt 0.741573 0.229218
vt 0.747123 0.224486
vt 0.745274 0.225922
vt 0.750869 0.222131
vt 0.749011 0.223278
vt 0.754614 0.220297
vt 0.752754 0.221192
vt 0.758352 0.218929
vt 0.756492 0.219598
vt 0.762084 0.217985
vt 0.760224 0.218446
vt 0.765817 0.217442
vt 0.763953 0.217705
vt 0.769561 0.217286
vt 0.767688 0.217356
vt 0.773325 0.217520
vt 0.771439 0.217395
vt 0.777121 0.218156
vt 0.775215 0.217827
vt 0.780955 0.219221
vt 0.779027 0.218674
vt 0.784833 0.220755
vt 0.782880 0.219967
vt 0.788752 0.222818
vt 0.786776 0.221756
vt 0.792696 0.225491
vt 0.790706 0.224112
vt 0.796635 0.228886
vt 0.794649 0.227129
vt 0.800503 0.233147
vt 0.798558 0.230935
vt 0.804184 0.238472
vt 0.802345 0.235698
vt 0.807480 0.245114
vt 0.805859 0.241641
vt 0.810032 0.253407
vt 0.808831 0.249055
vt 0.811211 0.263774
vt 0.810791 0.258316
vt 0.809832 0.276720
vt 0.810877 0.269889
vt 0.803539 0.292729
vt 0.807440 0.284289
vt 0.787110 0.311758
vt 0.797023 0.301835
vt 0.733148 0.350818
vt 0.771460 0.321588
vt 0.938831 0.307848
vt 0.967260 0.263878
vt 0.980950 0.209089
vt 0.975660 0.148629
vt 0.667635 0.074303
vt 0.673711 0.084251
vt 0.679331 0.092815
vt 0.684568 0.100182
vt 0.689472 0.106521
vt 0.694087 0.111971
vt 0.698441 0.116657
vt 0.702563 0.120680
vt 0.706474 0.124130
vt 0.710194 0.127082
vt 0.713741 0.129600
vt 0.717132 0.131739
vt 0.720380 0.133548
vt 0.723500 0.135065
vt 0.726503 0.136326
vt 0.729403 0.137358
vt 0.732210 0.138188
vt 0.734935 0.138835
vt 0.737588 0.139320
vt 0.740178 0.139659
vt 0.742716 0.139867
vt 0.745209 0.139957
vt 0.747668 0.139945
vt 0.750099 0.139842
vt 0.752513 0.139665
vt 0.754916 0.139428
vt 0.757317 0.139150
vt 0.759721 0.138849
vt 0.762136 0.138547
vt 0.764562 0.138260
vt 0.767001 0.138007
vt 0.769448 0.137792
vt 0.771899 0.137615
vt 0.774351 0.137462
vt 0.776805 0.137317
vt 0.779265 0.137159
vt 0.781737 0.136967
vt 0.784227 0.136718
vt 0.786746 0.136394
vt 0.789304 0.135972
vt 0.791910 0.135436
vt 0.794577 0.134763
vt 0.797314 0.133937
vt 0.800131 0.132932
vt 0.803038 0.131728
vt 0.806045 0.130296
vt 0.809162 0.128609
vt 0.812398 0.126629
vt 0.815766 0.124320
vt 0.819274 0.121635
vt 0.822937 0.118520
vt 0.826762 0.114910
vt 0.830763 0.110732
vt 0.834953 0.105894
vt 0.839348 0.100294
vt 0.843966 0.093808
vt 0.848836 0.086293
vt 0.853991 0.077582
vt 0.859486 0.067481
vt 0.653709 0.049374
vt 0.661011 0.062754
vt 0.865390 0.055773
vt 0.871813 0.042217
vt 0.940874 0.076506
vt 0.878889 0.026572
vt 0.645574 0.033928
vt 0.769865 0.277817
vt 0.773547 0.277297
vt 0.777340 0.289766
vt 0.770368 0.291340
vt 0.777053 0.276057
vt 0.780194 0.274281
vt 0.788463 0.282549
vt 0.783477 0.286568
vt 0.782963 0.272074
vt 0.785256 0.269627
vt 0.795183 0.273556
vt 0.792316 0.278087
vt 0.787119 0.266971
vt 0.788526 0.264293
vt 0.798440 0.264764
vt 0.797151 0.269056
vt 0.789578 0.261557
vt 0.790250 0.258920
vt 0.799343 0.256880
vt 0.799111 0.260682
vt 0.790615 0.256311
vt 0.790685 0.253874
vt 0.798677 0.250080
vt 0.799144 0.253340
vt 0.790548 0.251490
vt 0.790186 0.249305
vt 0.797013 0.244325
vt 0.797928 0.247078
vt 0.789654 0.247202
vt 0.788960 0.245311
vt 0.794695 0.239525
vt 0.795900 0.241818
vt 0.788161 0.243483
vt 0.787242 0.241866
vt 0.791975 0.235557
vt 0.793361 0.237450
vt 0.786241 0.240320
vt 0.785155 0.238978
vt 0.788998 0.232321
vt 0.790498 0.233863
vt 0.784020 0.237687
vt 0.782825 0.236594
vt 0.785871 0.229719
vt 0.787439 0.230955
vt 0.781593 0.235550
vt 0.780321 0.234698
vt 0.782657 0.227682
vt 0.784264 0.228644
vt 0.779029 0.233873
vt 0.777709 0.233231
vt 0.779400 0.226142
vt 0.781027 0.226864
vt 0.776373 0.232627
vt 0.775023 0.232198
vt 0.776122 0.225063
vt 0.777757 0.225560
vt 0.773665 0.231788
vt 0.772300 0.231552
vt 0.772843 0.224404
vt 0.774480 0.224693
vt 0.770931 0.231336
vt 0.769561 0.231290
vt 0.769569 0.224147
vt 0.771203 0.224238
vt 0.768191 0.231262
vt 0.766826 0.231402
vt 0.766307 0.224281
vt 0.767936 0.224177
vt 0.765465 0.231560
vt 0.764115 0.231887
vt 0.763063 0.224805
vt 0.764684 0.224505
vt 0.762772 0.232231
vt 0.761447 0.232745
vt 0.759844 0.225725
vt 0.761454 0.225226
vt 0.760133 0.233287
vt 0.758848 0.234003
vt 0.756660 0.227066
vt 0.758251 0.226353
vt 0.757579 0.234739
vt 0.756347 0.235655
vt 0.753528 0.228852
vt 0.755093 0.227911
vt 0.755143 0.236610
vt 0.753993 0.237749
vt 0.750478 0.231132
vt 0.751999 0.229938
vt 0.752880 0.238926
vt 0.751838 0.240294
vt 0.747554 0.233956
vt 0.749008 0.232481
vt 0.750857 0.241716
vt 0.749975 0.243335
vt 0.744828 0.237401
vt 0.746172 0.235604
vt 0.749170 0.245006
vt 0.748497 0.246877
vt 0.742402 0.241544
vt 0.743584 0.239385
vt 0.747949 0.248818
vt 0.747581 0.250956
vt 0.740446 0.246490
vt 0.741368 0.243914
vt 0.747366 0.253146
vt 0.747387 0.255522
vt 0.739193 0.252328
vt 0.739730 0.249290
vt 0.747642 0.257947
vt 0.748207 0.260517
vt 0.739026 0.259140
vt 0.738964 0.255606
vt 0.749051 0.263085
vt 0.750281 0.265731
vt 0.740477 0.266915
vt 0.739525 0.262903
vt 0.751888 0.268293
vt 0.753946 0.270793
vt 0.744363 0.275425
vt 0.742073 0.271092
vt 0.756395 0.273065
vt 0.759305 0.275066
vt 0.751692 0.283898
vt 0.747538 0.279729
vt 0.762573 0.276595
vt 0.766159 0.277560
vt 0.763305 0.290269
vt 0.756955 0.287535
vt 0.777049 0.270264
vt 0.778486 0.268985
vt 0.781710 0.264556
vt 0.780813 0.266113
vt 0.771950 0.300889
vt 0.772146 0.300809
vt 0.783088 0.259737
vt 0.783243 0.258162
vt 0.757671 0.248896
vt 0.757032 0.249938
vt 0.761730 0.244924
vt 0.760829 0.245547
vt 0.781283 0.250064
vt 0.780612 0.249001
vt 0.783194 0.256632
vt 0.783050 0.255177
vt 0.759171 0.268416
vt 0.760573 0.269677
vt 0.768581 0.242690
vt 0.767566 0.242778
vt 0.759978 0.246263
vt 0.759154 0.247058
vt 0.779790 0.267627
vt 0.782737 0.253796
vt 0.782360 0.252464
vt 0.756441 0.251056
vt 0.755960 0.252263
vt 0.758397 0.247946
vt 0.779901 0.248003
vt 0.779113 0.247105
vt 0.781850 0.251223
vt 0.762089 0.270834
vt 0.763838 0.271706
vt 0.766555 0.242932
vt 0.765557 0.243177
vt 0.782338 0.262932
vt 0.755534 0.253524
vt 0.755247 0.254864
vt 0.778292 0.246286
vt 0.777412 0.245569
vt 0.765679 0.272430
vt 0.767653 0.272768
vt 0.764566 0.243485
vt 0.763600 0.243883
vt 0.755042 0.256278
vt 0.782835 0.261333
vt 0.776513 0.244909
vt 0.755007 0.257753
vt 0.755057 0.259261
vt 0.775573 0.244346
vt 0.774617 0.243867
vt 0.769653 0.272903
vt 0.762647 0.244357
vt 0.755315 0.260800
vt 0.755691 0.262384
vt 0.773633 0.243481
vt 0.772641 0.243156
vt 0.771640 0.272612
vt 0.773585 0.272130
vt 0.756306 0.263951
vt 0.757038 0.265506
vt 0.771632 0.242926
vt 0.770619 0.242764
vt 0.775364 0.271273
vt 0.758036 0.266976
vt 0.769600 0.242693
vt 0.737196 0.123269
vt 0.739177 0.123941
vt 0.813153 0.073224
vt 0.812890 0.080097
vt 0.799773 0.079680
vt 0.798317 0.074299
vt 0.804702 0.106353
vt 0.806513 0.103304
vt 0.733234 0.121284
vt 0.735215 0.122388
vt 0.800888 0.111329
vt 0.802819 0.109016
vt 0.729295 0.118336
vt 0.731259 0.119941
vt 0.796943 0.115020
vt 0.798927 0.113322
vt 0.725456 0.114218
vt 0.727357 0.116441
vt 0.792950 0.117625
vt 0.794949 0.116447
vt 0.721840 0.108608
vt 0.723611 0.111623
vt 0.788974 0.119323
vt 0.790955 0.118578
vt 0.807427 0.031727
vt 0.804211 0.015201
vt 0.718633 0.101097
vt 0.720171 0.105120
vt 0.785055 0.120253
vt 0.787008 0.119877
vt 0.811844 0.055999
vt 0.810044 0.045016
vt 0.716149 0.091140
vt 0.717274 0.096467
vt 0.781132 0.120523
vt 0.783100 0.120462
vt 0.812846 0.065276
vt 0.714910 0.077913
vt 0.715332 0.085005
vt 0.777094 0.120306
vt 0.779134 0.120461
vt 0.812174 0.086073
vt 0.715625 0.060024
vt 0.714978 0.069676
vt 0.772837 0.119892
vt 0.774997 0.120099
vt 0.809764 0.095838
vt 0.811105 0.091285
vt 0.718797 0.034733
vt 0.716911 0.048576
vt 0.768307 0.119746
vt 0.770603 0.119750
vt 0.808215 0.099820
vt 0.763627 0.120411
vt 0.765958 0.119955
vt 0.759207 0.121768
vt 0.761379 0.121045
vt 0.755053 0.123192
vt 0.757106 0.122503
vt 0.751036 0.124269
vt 0.753034 0.123789
vt 0.747079 0.124806
vt 0.749054 0.124612
vt 0.743134 0.124715
vt 0.745107 0.124842
vt 0.741157 0.124418
vt 0.721007 0.017576
vt 0.733493 0.113254
vt 0.734915 0.114727
vt 0.732843 0.072207
vt 0.730319 0.078585
vt 0.800715 0.088819
vt 0.800523 0.084496
vt 0.730950 0.109539
vt 0.732163 0.111542
vt 0.742454 0.057040
vt 0.736696 0.065017
vt 0.799905 0.096061
vt 0.800486 0.092647
vt 0.728986 0.104509
vt 0.729887 0.107215
vt 0.777274 0.046593
vt 0.763836 0.035568
vt 0.798001 0.101802
vt 0.799055 0.099089
vt 0.727847 0.097861
vt 0.728302 0.101413
vt 0.792017 0.061817
vt 0.786154 0.054661
vt 0.795554 0.106371
vt 0.796832 0.104225
vt 0.727975 0.089347
vt 0.727717 0.093865
vt 0.795862 0.068364
vt 0.792783 0.109792
vt 0.794211 0.108219
vt 0.728787 0.084296
vt 0.789740 0.112159
vt 0.791290 0.111097
vt 0.786558 0.113667
vt 0.788148 0.113013
vt 0.751014 0.047917
vt 0.783455 0.114399
vt 0.784996 0.114133
vt 0.780290 0.114289
vt 0.781888 0.114443
vt 0.776830 0.113438
vt 0.778597 0.113942
vt 0.772853 0.112119
vt 0.774900 0.112811
vt 0.768108 0.110996
vt 0.770559 0.111468
vt 0.762469 0.111922
vt 0.765261 0.111016
vt 0.758088 0.114457
vt 0.760196 0.113164
vt 0.754387 0.116736
vt 0.756208 0.115671
vt 0.750917 0.118286
vt 0.752648 0.117609
vt 0.747565 0.119077
vt 0.749234 0.118780
vt 0.744273 0.119109
vt 0.745918 0.119183
vt 0.741020 0.118466
vt 0.742637 0.118878
vt 0.737901 0.117033
vt 0.739442 0.117857
vt 0.736385 0.115986
vt 0.767000 0.075061
vt 0.763997 0.075880
vt 0.752178 0.048766
vt 0.764084 0.041851
vt 0.773198 0.075899
vt 0.770064 0.074925
vt 0.776286 0.047509
vt 0.785133 0.054795
vt 0.778192 0.079247
vt 0.775960 0.077299
vt 0.791112 0.061811
vt 0.795045 0.068326
vt 0.781477 0.083350
vt 0.780222 0.081224
vt 0.797569 0.074193
vt 0.799064 0.079540
vt 0.784558 0.087691
vt 0.783397 0.085656
vt 0.799874 0.084286
vt 0.800105 0.088581
vt 0.785863 0.091406
vt 0.785563 0.089742
vt 0.799926 0.092347
vt 0.799377 0.095730
vt 0.785192 0.094027
vt 0.785892 0.092930
vt 0.798562 0.098711
vt 0.797525 0.101395
vt 0.785311 0.098093
vt 0.785466 0.096393
vt 0.796406 0.103800
vt 0.795152 0.105947
vt 0.784525 0.100952
vt 0.785118 0.099822
vt 0.793851 0.107780
vt 0.792441 0.109346
vt 0.782589 0.102311
vt 0.783791 0.101895
vt 0.790969 0.110637
vt 0.789431 0.111675
vt 0.779517 0.102534
vt 0.781340 0.102671
vt 0.787839 0.112513
vt 0.786257 0.113141
vt 0.778924 0.102893
vt 0.779454 0.103144
vt 0.784719 0.113590
vt 0.783215 0.113846
vt 0.777679 0.101600
vt 0.778543 0.102675
vt 0.781664 0.113858
vt 0.780107 0.113678
vt 0.775649 0.098506
vt 0.776945 0.100510
vt 0.778413 0.113289
vt 0.776695 0.112737
vt 0.772613 0.093289
vt 0.774488 0.096429
vt 0.774751 0.112047
vt 0.772777 0.111273
vt 0.767293 0.085079
vt 0.770473 0.089825
vt 0.770464 0.110525
vt 0.768177 0.109911
vt 0.760660 0.088978
vt 0.763395 0.074841
vt 0.765236 0.109776
vt 0.762331 0.110919
vt 0.756727 0.097962
vt 0.758200 0.094075
vt 0.760257 0.112298
vt 0.758131 0.113696
vt 0.755031 0.104081
vt 0.755501 0.101528
vt 0.756331 0.114990
vt 0.754496 0.116121
vt 0.751850 0.106837
vt 0.753218 0.105768
vt 0.752786 0.117035
vt 0.751036 0.117734
vt 0.749376 0.108223
vt 0.750456 0.107840
vt 0.749370 0.118254
vt 0.747700 0.118562
vt 0.747534 0.107890
vt 0.748356 0.108399
vt 0.746070 0.118672
vt 0.744436 0.118597
vt 0.745021 0.108361
vt 0.746095 0.108413
vt 0.742812 0.118384
vt 0.741201 0.117983
vt 0.743317 0.107273
vt 0.744041 0.108120
vt 0.739642 0.117383
vt 0.738126 0.116564
vt 0.742132 0.104787
vt 0.742618 0.106361
vt 0.736628 0.115514
vt 0.735190 0.114257
vt 0.740882 0.103409
vt 0.741277 0.104393
vt 0.733788 0.112801
vt 0.732486 0.111115
vt 0.740649 0.101013
vt 0.740532 0.102487
vt 0.731300 0.109128
vt 0.730280 0.106838
vt 0.741704 0.097147
vt 0.740947 0.099353
vt 0.729410 0.104139
vt 0.728785 0.101083
vt 0.744026 0.092216
vt 0.742599 0.094941
vt 0.728364 0.097536
vt 0.728301 0.093591
vt 0.747072 0.087975
vt 0.745168 0.090244
vt 0.728597 0.089098
vt 0.729475 0.084123
vt 0.752367 0.083238
vt 0.749339 0.085646
vt 0.731069 0.078435
vt 0.733697 0.072141
vt 0.761163 0.077848
vt 0.756469 0.080493
vt 0.737678 0.064948
vt 0.743610 0.057115
vt 0.772910 0.299007
vt 0.772874 0.299378
vt 0.772054 0.318943
vt 0.772071 0.318915
vt 0.772723 0.297743
vt 0.772608 0.297388
vt 0.769820 0.301408
vt 0.770038 0.301566
vt 0.772308 0.300500
vt 0.772469 0.300394
vt 0.772474 0.297265
vt 0.772315 0.296947
vt 0.772598 0.300065
vt 0.772719 0.299910
vt 0.772142 0.296850
vt 0.771946 0.296560
vt 0.772804 0.299538
vt 0.771739 0.296517
vt 0.771516 0.296280
vt 0.772928 0.298825
vt 0.771287 0.296279
vt 0.771044 0.296087
vt 0.772913 0.298438
vt 0.772876 0.298270
vt 0.770800 0.296139
vt 0.770547 0.296000
vt 0.772810 0.297900
vt 0.770298 0.296107
vt 0.770044 0.296022
vt 0.769800 0.296182
vt 0.769554 0.296151
vt 0.769323 0.296359
vt 0.769094 0.296375
vt 0.768887 0.296637
vt 0.768685 0.296706
vt 0.768509 0.297002
vt 0.768341 0.297103
vt 0.768204 0.297441
vt 0.768080 0.297583
vt 0.767988 0.297941
vt 0.767911 0.298099
vt 0.767869 0.298480
vt 0.767845 0.298659
vt 0.767855 0.299035
vt 0.767882 0.299203
vt 0.767944 0.299585
vt 0.768027 0.299754
vt 0.768135 0.300102
vt 0.768264 0.300231
vt 0.770479 0.301591
vt 0.770692 0.301456
vt 0.768414 0.300564
vt 0.768586 0.300672
vt 0.770916 0.301529
vt 0.771124 0.301363
vt 0.768767 0.300951
vt 0.768965 0.301002
vt 0.771348 0.301380
vt 0.771549 0.301160
vt 0.769168 0.301250
vt 0.769386 0.301265
vt 0.771763 0.301141
vt 0.769600 0.301455
vt 0.770258 0.301485
vt 0.771943 0.318198
vt 0.771987 0.318222
vt 0.772175 0.340783
vt 0.772151 0.340699
vt 0.770231 0.319667
vt 0.770301 0.319660
vt 0.771342 0.320002
vt 0.771433 0.319867
vt 0.772073 0.318700
vt 0.772069 0.318660
vt 0.770384 0.319817
vt 0.770467 0.319802
vt 0.771527 0.319894
vt 0.771611 0.319748
vt 0.772051 0.318455
vt 0.772026 0.318426
vt 0.770560 0.319951
vt 0.770650 0.319905
vt 0.771694 0.319767
vt 0.771767 0.319590
vt 0.770749 0.320020
vt 0.770845 0.319963
vt 0.771839 0.319577
vt 0.771898 0.319398
vt 0.771885 0.318010
vt 0.771822 0.318005
vt 0.771953 0.319386
vt 0.771994 0.319180
vt 0.771746 0.317825
vt 0.771668 0.317829
vt 0.772032 0.319144
vt 0.771579 0.317675
vt 0.771489 0.317707
vt 0.771390 0.317570
vt 0.771292 0.317620
vt 0.771186 0.317507
vt 0.771083 0.317582
vt 0.770975 0.317493
vt 0.770873 0.317592
vt 0.770765 0.317527
vt 0.770667 0.317651
vt 0.770565 0.317607
vt 0.770474 0.317750
vt 0.770382 0.317732
vt 0.770302 0.317901
vt 0.770223 0.317896
vt 0.770158 0.318075
vt 0.770096 0.318093
vt 0.770049 0.318291
vt 0.770005 0.318315
vt 0.769978 0.318518
vt 0.769955 0.318554
vt 0.769949 0.318768
vt 0.769946 0.318799
vt 0.769960 0.319003
vt 0.769979 0.319042
vt 0.770014 0.319252
vt 0.770051 0.319272
vt 0.770104 0.319460
vt 0.771043 0.319977
vt 0.771146 0.320048
vt 0.770161 0.319481
vt 0.771242 0.319944
vt 0.770947 0.320067
vt 0.771942 0.340419
vt 0.771987 0.340467
vt 0.773081 0.389402
vt 0.773107 0.389274
vt 0.771568 0.341770
vt 0.771617 0.341811
vt 0.772096 0.341500
vt 0.772129 0.341469
vt 0.772128 0.340660
vt 0.772095 0.340591
vt 0.772151 0.341393
vt 0.772174 0.341341
vt 0.772063 0.340553
vt 0.772025 0.340486
vt 0.772189 0.341246
vt 0.772205 0.341202
vt 0.772208 0.341118
vt 0.772213 0.341060
vt 0.771898 0.340407
vt 0.771849 0.340369
vt 0.772208 0.340966
vt 0.772204 0.340917
vt 0.771801 0.340371
vt 0.771751 0.340347
vt 0.772189 0.340833
vt 0.771702 0.340364
vt 0.771651 0.340355
vt 0.771602 0.340386
vt 0.771553 0.340391
vt 0.771506 0.340434
vt 0.771462 0.340449
vt 0.771419 0.340509
vt 0.771380 0.340541
vt 0.771342 0.340605
vt 0.771311 0.340640
vt 0.771281 0.340721
vt 0.771257 0.340769
vt 0.771235 0.340851
vt 0.771221 0.340899
vt 0.771208 0.340991
vt 0.771204 0.341047
vt 0.771200 0.341134
vt 0.771206 0.341180
vt 0.771214 0.341276
vt 0.771228 0.341329
vt 0.771243 0.341410
vt 0.771267 0.341445
vt 0.771713 0.341818
vt 0.771761 0.341785
vt 0.771293 0.341531
vt 0.771325 0.341571
vt 0.771811 0.341797
vt 0.771857 0.341759
vt 0.771356 0.341636
vt 0.771395 0.341652
vt 0.771904 0.341749
vt 0.771946 0.341689
vt 0.771435 0.341719
vt 0.771478 0.341735
vt 0.771991 0.341678
vt 0.772027 0.341618
vt 0.771521 0.341778
vt 0.772065 0.341583
vt 0.771665 0.341801
vt 0.773443 0.389413
vt 0.773414 0.389277
vt 0.775242 0.434319
vt 0.775321 0.434234
vt 0.772864 0.389326
vt 0.772875 0.389443
vt 0.773142 0.389399
vt 0.773170 0.389268
vt 0.772881 0.389305
vt 0.772897 0.389433
vt 0.773206 0.389396
vt 0.773234 0.389267
vt 0.772910 0.389303
vt 0.772932 0.389425
vt 0.773270 0.389397
vt 0.773297 0.389270
vt 0.772949 0.389289
vt 0.772975 0.389417
vt 0.773332 0.389401
vt 0.773358 0.389276
vt 0.772996 0.389290
vt 0.773026 0.389409
vt 0.773391 0.389405
vt 0.773049 0.389270
vt 0.773463 0.389294
vt 0.773490 0.389421
vt 0.773504 0.389292
vt 0.773526 0.389429
vt 0.773537 0.389308
vt 0.773553 0.389437
vt 0.773557 0.389308
vt 0.773568 0.389444
vt 0.773567 0.389324
vt 0.773570 0.389447
vt 0.773561 0.389313
vt 0.773558 0.389450
vt 0.773542 0.389331
vt 0.773532 0.389449
vt 0.773508 0.389310
vt 0.773150 0.389423
vt 0.773109 0.389292
vt 0.773492 0.389445
vt 0.773463 0.389324
vt 0.773077 0.389429
vt 0.773040 0.389312
vt 0.773439 0.389439
vt 0.773404 0.389299
vt 0.773011 0.389437
vt 0.772979 0.389307
vt 0.773375 0.389431
vt 0.773336 0.389308
vt 0.772956 0.389447
vt 0.772930 0.389332
vt 0.773304 0.389424
vt 0.773261 0.389286
vt 0.772913 0.389452
vt 0.772893 0.389316
vt 0.773226 0.389420
vt 0.773184 0.389301
vt 0.772883 0.389455
vt 0.772870 0.389338
vt 0.772867 0.389454
vt 0.772860 0.389314
vt 0.772864 0.389449
vt 0.774369 0.434159
vt 0.774274 0.434267
vt 0.775000 0.470991
vt 0.775220 0.471081
vt 0.775772 0.434398
vt 0.775752 0.434513
vt 0.775406 0.434358
vt 0.775474 0.434264
vt 0.775702 0.434397
vt 0.775657 0.434483
vt 0.774382 0.434087
vt 0.774247 0.434218
vt 0.775549 0.434379
vt 0.775604 0.434296
vt 0.775585 0.434376
vt 0.775515 0.434469
vt 0.774120 0.434183
vt 0.774002 0.434341
vt 0.775664 0.434421
vt 0.775701 0.434330
vt 0.775419 0.434328
vt 0.775325 0.434383
vt 0.773896 0.434277
vt 0.773800 0.434407
vt 0.775744 0.434447
vt 0.775765 0.434363
vt 0.775206 0.434250
vt 0.775091 0.434310
vt 0.773718 0.434341
vt 0.773645 0.434475
vt 0.775790 0.434486
vt 0.775790 0.434384
vt 0.774952 0.434155
vt 0.774818 0.434191
vt 0.773585 0.434371
vt 0.773536 0.434469
vt 0.775794 0.434487
vt 0.774669 0.434074
vt 0.774527 0.434147
vt 0.773501 0.434375
vt 0.773474 0.434484
vt 0.773460 0.434358
vt 0.773456 0.434436
vt 0.773463 0.434327
vt 0.773478 0.434423
vt 0.773505 0.434293
vt 0.773540 0.434371
vt 0.773585 0.434255
vt 0.773638 0.434346
vt 0.773699 0.434224
vt 0.773768 0.434311
vt 0.773841 0.434199
vt 0.773920 0.434298
vt 0.774001 0.434177
vt 0.774089 0.434266
vt 0.774179 0.434162
vt 0.774470 0.434262
vt 0.774567 0.434159
vt 0.774671 0.434267
vt 0.774768 0.434168
vt 0.774870 0.434280
vt 0.774963 0.434185
vt 0.775062 0.434301
vt 0.775149 0.434205
vt 0.776687 0.471144
vt 0.776433 0.471046
vt 0.772533 0.533437
vt 0.769598 0.534491
vt 0.778105 0.471384
vt 0.778270 0.471352
vt 0.775473 0.471003
vt 0.775710 0.471094
vt 0.778520 0.471466
vt 0.778666 0.471472
vt 0.775954 0.471019
vt 0.776203 0.471116
vt 0.778913 0.471584
vt 0.779059 0.471627
vt 0.779306 0.471788
vt 0.779412 0.471874
vt 0.776907 0.471090
vt 0.777167 0.471193
vt 0.779631 0.472024
vt 0.779684 0.472094
vt 0.777380 0.471154
vt 0.777648 0.471282
vt 0.779844 0.472258
vt 0.779845 0.472388
vt 0.777839 0.471267
vt 0.779962 0.472528
vt 0.779942 0.472678
vt 0.773731 0.474466
vt 0.773017 0.474319
vt 0.780019 0.472896
vt 0.779911 0.473125
vt 0.772262 0.474127
vt 0.771988 0.473919
vt 0.779899 0.473323
vt 0.779659 0.473526
vt 0.771647 0.473654
vt 0.771566 0.473383
vt 0.779494 0.473756
vt 0.778998 0.473999
vt 0.771412 0.473148
vt 0.771469 0.472912
vt 0.778563 0.474152
vt 0.777696 0.474323
vt 0.771430 0.472657
vt 0.771560 0.472406
vt 0.776859 0.474445
vt 0.775301 0.474562
vt 0.771602 0.472235
vt 0.771788 0.472053
vt 0.771864 0.471886
vt 0.772082 0.471690
vt 0.772206 0.471603
vt 0.772444 0.471475
vt 0.772574 0.471407
vt 0.772809 0.471288
vt 0.772951 0.471291
vt 0.773194 0.471202
vt 0.773345 0.471220
vt 0.773607 0.471104
vt 0.773795 0.471133
vt 0.774066 0.471034
vt 0.774269 0.471065
vt 0.774530 0.470974
vt 0.774745 0.471056
vt 0.788103 0.625129
vt 0.784899 0.635419
vt 0.781304 0.648484
vt 0.776922 0.636632
vt 0.772989 0.629348
vt 0.769245 0.623096
vt 0.765985 0.616617
vt 0.762814 0.611125
vt 0.760465 0.605988
vt 0.758108 0.601819
vt 0.756045 0.597275
vt 0.753916 0.593653
vt 0.752198 0.589484
vt 0.750373 0.586199
vt 0.748966 0.582371
vt 0.747417 0.579383
vt 0.747506 0.574654
vt 0.747477 0.570765
vt 0.747899 0.566538
vt 0.748192 0.563105
vt 0.748867 0.559405
vt 0.749405 0.556455
vt 0.750178 0.553374
vt 0.750811 0.550999
vt 0.753019 0.547612
vt 0.755130 0.544940
vt 0.757438 0.542247
vt 0.759663 0.540230
vt 0.762117 0.538165
vt 0.764507 0.536751
vt 0.767073 0.535305
vt 0.775462 0.533015
vt 0.778421 0.532613
vt 0.781401 0.532839
vt 0.784336 0.533090
vt 0.787323 0.533972
vt 0.790233 0.534896
vt 0.793219 0.536464
vt 0.795253 0.537622
vt 0.797402 0.539418
vt 0.799402 0.541193
vt 0.801534 0.543633
vt 0.803393 0.545986
vt 0.805399 0.549035
vt 0.807048 0.551955
vt 0.808858 0.555606
vt 0.808984 0.558094
vt 0.809308 0.561310
vt 0.809380 0.564358
vt 0.809637 0.568179
vt 0.808938 0.571087
vt 0.808433 0.574793
vt 0.807646 0.578260
vt 0.807027 0.582571
vt 0.805321 0.585614
vt 0.803783 0.589522
vt 0.801964 0.593107
vt 0.800272 0.597599
vt 0.798144 0.601537
vt 0.796099 0.606423
vt 0.793585 0.610655
vt 0.791098 0.615872
s 0
f 704/1/1 258/2/1 34/3/1 225/4/1
f 703/5/2 257/6/2 33/7/2 226/8/2
f 702/9/3 260/10/3 64/11/3 256/12/3
f 701/13/4 259/14/4 35/15/4 227/16/4
f 700/17/5 261/18/5 36/19/5 228/20/5
f 699/21/6 262/22/6 37/23/6 229/24/6
f 698/25/7 263/26/7 38/27/7 230/28/7
f 697/29/8 264/30/8 39/31/8 231/32/8
f 696/33/9 265/34/9 40/35/9 232/36/9
f 695/37/10 266/38/10 41/39/10 233/40/10
f 694/41/11 267/42/11 42/43/11 234/44/11
f 693/45/12 268/46/12 43/47/12 235/48/12
f 692/49/13 269/50/13 44/51/13 236/52/13
f 691/53/14 270/54/14 45/55/14 237/56/14
f 690/57/15 271/58/15 46/59/15 238/60/15
f 689/61/16 272/62/16 47/63/16 239/64/16
f 688/65/17 273/66/17 48/67/17 240/68/17
f 687/69/18 274/70/18 49/71/18 241/72/18
f 686/73/19 275/74/19 50/75/19 242/76/19
f 685/77/20 276/78/20 51/79/20 243/80/20
f 684/81/21 277/82/21 52/83/21 244/84/21
f 683/85/22 278/86/22 53/87/22 245/88/22
f 682/89/23 279/90/23 54/91/23 246/92/23
f 681/93/24 280/94/24 55/95/24 247/96/24
f 680/97/25 281/98/25 56/99/25 248/100/25
f 679/101/26 282/102/26 57/103/26 249/104/26
f 678/105/27 283/106/27 58/107/27 250/108/27
f 677/109/28 284/110/28 59/111/28 251/112/28
f 676/113/29 285/114/29 60/115/29 252/116/29
f 675/117/30 286/118/30 61/119/30 253/120/30
f 674/121/31 287/122/31 62/123/31 254/124/31
f 673/125/32 288/126/32 63/127/32 255/128/32
f 672/129/33 289/130/33 89/131/33 345/132/33
f 671/133/34 290/134/34 75/135/34 331/136/34
f 670/137/35 291/138/35 88/139/35 344/140/35
f 669/141/36 292/142/36 74/143/36 330/144/36
f 668/145/37 293/146/37 87/147/37 343/148/37
f 667/149/38 294/150/38 73/151/38 329/152/38
f 666/153/39 295/154/39 86/155/39 342/156/39
f 665/157/40 296/158/40 72/159/40 328/160/40
f 664/161/41 297/162/41 85/163/41 341/164/41
f 663/165/42 298/166/42 71/167/42 327/168/42
f 662/169/43 299/170/43 84/171/43 340/172/43
f 661/173/44 300/174/44 70/175/44 326/176/44
f 660/177/45 301/178/45 83/179/45 339/180/45
f 659/181/46 302/182/46 96/183/46 352/184/46
f 658/185/47 303/186/47 69/187/47 325/188/47
f 657/189/48 304/190/48 82/191/48 338/192/48
f 656/193/49 305/194/49 95/195/49 351/196/49
f 655/197/50 306/198/50 68/199/50 324/200/50
f 654/201/51 307/202/51 81/203/51 337/204/51
f 653/205/52 308/206/52 94/207/52 350/208/52
f 652/209/53 309/210/53 67/211/53 323/212/53
f 651/213/54 310/214/54 80/215/54 336/216/54
f 650/217/55 311/218/55 93/219/55 349/220/55
f 649/221/56 312/222/56 65/223/56 322/224/56
f 648/225/57 314/226/57 79/227/57 335/228/57
f 647/229/58 315/230/58 92/231/58 348/232/58
f 646/233/59 313/234/59 66/235/59 321/236/59
f 645/237/60 316/238/60 78/239/60 334/240/60
f 644/241/61 317/242/61 91/243/61 347/244/61
f 643/245/62 319/246/62 77/247/62 333/248/62
f 642/249/63 318/250/63 90/251/63 346/252/63
f 641/253/64 320/254/64 76/255/64 332/256/64
f 640/257/65 386/258/65 98/259/65 354/260/65
f 639/261/66 387/262/66 97/263/66 353/264/66
f 638/265/67 388/266/67 128/267/67 384/268/67
f 637/269/68 385/270/68 99/271/68 355/272/68
f 636/273/69 389/274/69 100/275/69 356/276/69
f 635/277/70 390/278/70 101/279/70 357/280/70
f 634/281/71 391/282/71 102/283/71 358/284/71
f 633/285/72 392/286/72 103/287/72 359/288/72
f 632/289/73 393/290/73 104/291/73 360/292/73
f 631/293/74 394/294/74 105/295/74 361/296/74
f 630/297/75 395/298/75 106/299/75 362/300/75
f 629/301/76 396/302/76 107/303/76 363/304/76
f 628/305/77 397/306/77 108/307/77 364/308/77
f 627/309/78 398/310/78 109/311/78 365/312/78
f 626/313/79 399/314/79 110/315/79 366/316/79
f 625/317/80 400/318/80 111/319/80 367/320/80
f 624/321/81 401/322/81 112/323/81 368/324/81
f 623/325/82 402/326/82 113/327/82 369/328/82
f 622/329/83 403/330/83 114/331/83 370/332/83
f 621/333/84 404/334/84 115/335/84 371/336/84
f 620/337/85 405/338/85 116/339/85 372/340/85
f 619/341/86 406/342/86 117/343/86 373/344/86
f 618/345/87 407/346/87 118/347/87 374/348/87
f 617/349/88 408/350/88 119/351/88 375/352/88
f 616/353/89 409/354/89 120/355/89 376/356/89
f 615/357/90 410/358/90 121/359/90 377/360/90
f 614/361/91 411/362/91 122/363/91 378/364/91
f 613/365/92 412/366/92 123/367/92 379/368/92
f 612/369/93 413/370/93 124/371/93 380/372/93
f 611/373/94 414/374/94 125/375/94 381/376/94
f 610/377/95 415/378/95 126/379/95 382/380/95
f 609/381/96 416/382/96 127/383/96 383/384/96
f 608/385/97 419/386/97 132/387/97 420/388/97
f 607/389/98 422/390/98 134/391/98 423/392/98
f 606/393/99 425/394/99 136/395/99 426/396/99
f 605/397/100 428/398/100 138/399/100 429/400/100
f 604/401/101 431/402/101 140/403/101 432/404/101
f 603/405/102 434/406/102 142/407/102 435/408/102
f 602/409/103 437/410/103 144/411/103 438/412/103
f 601/413/104 440/414/104 146/415/104 441/416/104
f 600/417/105 443/418/105 148/419/105 444/420/105
f 599/421/106 446/422/106 150/423/106 447/424/106
f 598/425/107 449/426/107 152/427/107 450/428/107
f 597/429/108 452/430/108 154/431/108 453/432/108
f 596/433/109 455/434/109 156/435/109 456/436/109
f 595/437/110 458/438/110 158/439/110 459/440/110
f 594/441/111 461/442/111 160/443/111 462/444/111
f 593/445/112 464/446/112 162/447/112 465/448/112
f 592/449/113 467/450/113 164/451/113 468/452/113
f 591/453/114 470/454/114 166/455/114 471/456/114
f 590/457/115 473/458/115 168/459/115 474/460/115
f 589/461/116 476/462/116 170/463/116 477/464/116
f 588/465/117 479/466/117 172/467/117 480/468/117
f 587/469/118 482/470/118 174/471/118 483/472/118
f 586/473/119 485/474/119 176/475/119 486/476/119
f 585/477/120 488/478/120 178/479/120 489/480/120
f 584/481/121 491/482/121 180/483/121 492/484/121
f 583/485/122 494/486/122 182/487/122 495/488/122
f 582/489/123 497/490/123 184/491/123 498/492/123
f 581/493/124 500/494/124 186/495/124 501/496/124
f 580/497/125 503/498/125 188/499/125 504/500/125
f 579/501/126 506/502/126 190/503/126 507/504/126
f 578/505/127 509/506/127 192/507/127 510/508/127
f 577/509/128 417/510/128 130/511/128 512/512/128
f 576/513/129 514/514/129 97/263/129 384/268/129
f 575/515/130 515/516/130 98/259/130 353/517/130
f 574/518/131 516/519/131 99/271/131 354/260/131
f 573/520/132 517/521/132 100/275/132 355/272/132
f 572/522/133 518/523/133 101/279/133 356/276/133
f 571/524/134 519/525/134 102/283/134 357/280/134
f 570/526/135 520/527/135 103/287/135 358/284/135
f 569/528/136 521/529/136 104/291/136 359/288/136
f 568/530/137 522/531/137 105/295/137 360/292/137
f 567/532/138 523/533/138 106/299/138 361/296/138
f 566/534/139 524/535/139 107/303/139 362/300/139
f 565/536/140 525/537/140 108/307/140 363/304/140
f 564/538/141 526/539/141 109/311/141 364/308/141
f 563/540/142 527/541/142 110/315/142 365/312/142
f 562/542/143 528/543/143 111/319/143 366/316/143
f 561/544/144 529/545/144 112/323/144 367/320/144
f 560/546/145 530/547/145 113/327/145 368/324/145
f 559/548/146 531/549/146 114/331/146 369/328/146
f 558/550/147 532/551/147 115/335/147 370/332/147
f 557/552/148 533/553/148 116/339/148 371/336/148
f 556/554/149 534/555/149 117/343/149 372/340/149
f 555/556/150 535/557/150 118/347/150 373/344/150
f 554/558/151 536/559/151 119/351/151 374/348/151
f 553/560/152 537/561/152 120/355/152 375/352/152
f 552/562/153 538/563/153 121/359/153 376/356/153
f 551/564/154 539/565/154 122/363/154 377/360/154
f 550/566/155 540/567/155 123/367/155 378/364/155
f 549/568/156 541/569/156 124/371/156 379/368/156
f 548/570/157 542/571/157 125/375/157 380/372/157
f 547/572/158 543/573/158 126/379/158 381/376/158
f 546/574/159 544/575/159 127/383/159 382/380/159
f 545/576/160 513/577/160 128/267/160 383/384/160
f 544/575/161 545/576/161 383/384/161 127/383/161
f 190/503/162 510/508/162 545/576/162 544/575/162
f 510/508/163 192/507/163 513/577/163 545/576/163
f 543/573/164 546/574/164 382/380/164 126/379/164
f 188/499/165 507/504/165 546/574/165 543/573/165
f 507/504/166 190/503/166 544/575/166 546/574/166
f 542/571/167 547/572/167 381/376/167 125/375/167
f 186/495/168 504/500/168 547/572/168 542/571/168
f 504/500/169 188/499/169 543/573/169 547/572/169
f 541/569/170 548/570/170 380/372/170 124/371/170
f 184/491/171 501/496/171 548/570/171 541/569/171
f 501/496/172 186/495/172 542/571/172 548/570/172
f 540/567/173 549/568/173 379/368/173 123/367/173
f 182/487/174 498/492/174 549/568/174 540/567/174
f 498/492/175 184/491/175 541/569/175 549/568/175
f 539/565/176 550/566/176 378/364/176 122/363/176
f 180/483/177 495/488/177 550/566/177 539/565/177
f 495/488/178 182/487/178 540/567/178 550/566/178
f 538/563/179 551/564/179 377/360/179 121/359/179
f 178/479/180 492/484/180 551/564/180 538/563/180
f 492/484/181 180/483/181 539/565/181 551/564/181
f 537/561/182 552/562/182 376/356/182 120/355/182
f 176/475/183 489/480/183 552/562/183 537/561/183
f 489/480/184 178/479/184 538/563/184 552/562/184
f 536/559/185 553/560/185 375/352/185 119/351/185
f 174/471/186 486/476/186 553/560/186 536/559/186
f 486/476/187 176/475/187 537/561/187 553/560/187
f 535/557/188 554/558/188 374/348/188 118/347/188
f 172/467/189 483/472/189 554/558/189 535/557/189
f 483/472/190 174/471/190 536/559/190 554/558/190
f 534/555/191 555/556/191 373/344/191 117/343/191
f 170/463/192 480/468/192 555/556/192 534/555/192
f 480/468/193 172/467/193 535/557/193 555/556/193
f 533/553/194 556/554/194 372/340/194 116/339/194
f 168/459/195 477/464/195 556/554/195 533/553/195
f 477/464/196 170/463/196 534/555/196 556/554/196
f 532/551/197 557/552/197 371/336/197 115/335/197
f 166/455/198 474/460/198 557/552/198 532/551/198
f 474/460/199 168/459/199 533/553/199 557/552/199
f 531/549/200 558/550/200 370/332/200 114/331/200
f 164/451/201 471/456/201 558/550/201 531/549/201
f 471/456/202 166/455/202 532/551/202 558/550/202
f 530/547/203 559/548/203 369/328/203 113/327/203
f 162/447/204 468/452/204 559/548/204 530/547/204
f 468/452/205 164/451/205 531/549/205 559/548/205
f 529/545/206 560/546/206 368/324/206 112/323/206
f 160/443/207 465/448/207 560/546/207 529/545/207
f 465/448/208 162/447/208 530/547/208 560/546/208
f 528/543/209 561/544/209 367/320/209 111/319/209
f 158/439/210 462/444/210 561/544/210 528/543/210
f 462/444/211 160/443/211 529/545/211 561/544/211
f 527/541/212 562/542/212 366/316/212 110/315/212
f 156/435/213 459/440/213 562/542/213 527/541/213
f 459/440/214 158/439/214 528/543/214 562/542/214
f 526/539/215 563/540/215 365/312/215 109/311/215
f 154/431/216 456/436/216 563/540/216 526/539/216
f 456/436/217 156/435/217 527/541/217 563/540/217
f 525/537/218 564/538/218 364/308/218 108/307/218
f 152/427/219 453/432/219 564/538/219 525/537/219
f 453/432/220 154/431/220 526/539/220 564/538/220
f 524/535/221 565/536/221 363/304/221 107/303/221
f 150/423/222 450/428/222 565/536/222 524/535/222
f 450/428/223 152/427/223 525/537/223 565/536/223
f 523/533/224 566/534/224 362/300/224 106/299/224
f 148/419/225 447/424/225 566/534/225 523/533/225
f 447/424/226 150/423/226 524/535/226 566/534/226
f 522/531/227 567/532/227 361/296/227 105/295/227
f 146/415/228 444/420/228 567/532/228 522/531/228
f 444/420/229 148/419/229 523/533/229 567/532/229
f 521/529/230 568/530/230 360/292/230 104/291/230
f 144/411/231 441/416/231 568/530/231 521/529/231
f 441/416/232 146/415/232 522/531/232 568/530/232
f 520/527/233 569/528/233 359/288/233 103/287/233
f 142/407/234 438/412/234 569/528/234 520/527/234
f 438/412/235 144/411/235 521/529/235 569/528/235
f 519/525/236 570/526/236 358/284/236 102/283/236
f 140/403/237 435/408/237 570/526/237 519/525/237
f 435/408/238 142/407/238 520/527/238 570/526/238
f 518/523/239 571/524/239 357/280/239 101/279/239
f 138/399/240 432/404/240 571/524/240 518/523/240
f 432/404/241 140/403/241 519/525/241 571/524/241
f 517/521/242 572/522/242 356/276/242 100/275/242
f 136/395/243 429/400/243 572/522/243 517/521/243
f 429/400/244 138/399/244 518/523/244 572/522/244
f 516/519/245 573/520/245 355/272/245 99/271/245
f 134/391/246 426/396/246 573/520/246 516/519/246
f 426/396/247 136/395/247 517/521/247 573/520/247
f 515/516/248 574/518/248 354/260/248 98/259/248
f 132/387/249 423/392/249 574/518/249 515/516/249
f 423/392/250 134/391/250 516/519/250 574/518/250
f 514/514/251 575/578/251 353/264/251 97/263/251
f 130/511/252 420/579/252 575/578/252 514/514/252
f 420/388/253 132/387/253 515/516/253 575/515/253
f 513/577/254 576/513/254 384/268/254 128/267/254
f 192/507/255 512/512/255 576/513/255 513/577/255
f 512/512/256 130/511/256 514/514/256 576/513/256
f 509/506/257 577/509/257 512/512/257 192/507/257
f 191/580/258 511/581/258 577/509/258 509/506/258
f 511/581/259 129/582/259 417/510/259 577/509/259
f 506/502/260 578/505/260 510/508/260 190/503/260
f 189/583/261 508/584/261 578/505/261 506/502/261
f 508/584/262 191/580/262 509/506/262 578/505/262
f 503/498/263 579/501/263 507/504/263 188/499/263
f 187/585/264 505/586/264 579/501/264 503/498/264
f 505/586/265 189/583/265 506/502/265 579/501/265
f 500/494/266 580/497/266 504/500/266 186/495/266
f 185/587/267 502/588/267 580/497/267 500/494/267
f 502/588/268 187/585/268 503/498/268 580/497/268
f 497/490/269 581/493/269 501/496/269 184/491/269
f 183/589/270 499/590/270 581/493/270 497/490/270
f 499/590/271 185/587/271 500/494/271 581/493/271
f 494/486/272 582/489/272 498/492/272 182/487/272
f 181/591/273 496/592/273 582/489/273 494/486/273
f 496/592/274 183/589/274 497/490/274 582/489/274
f 491/482/275 583/485/275 495/488/275 180/483/275
f 179/593/276 493/594/276 583/485/276 491/482/276
f 493/594/277 181/591/277 494/486/277 583/485/277
f 488/478/278 584/481/278 492/484/278 178/479/278
f 177/595/279 490/596/279 584/481/279 488/478/279
f 490/596/280 179/593/280 491/482/280 584/481/280
f 485/474/281 585/477/281 489/480/281 176/475/281
f 175/597/282 487/598/282 585/477/282 485/474/282
f 487/598/283 177/595/283 488/478/283 585/477/283
f 482/470/284 586/473/284 486/476/284 174/471/284
f 173/599/285 484/600/285 586/473/285 482/470/285
f 484/600/286 175/597/286 485/474/286 586/473/286
f 479/466/287 587/469/287 483/472/287 172/467/287
f 171/601/288 481/602/288 587/469/288 479/466/288
f 481/602/289 173/599/289 482/470/289 587/469/289
f 476/462/290 588/465/290 480/468/290 170/463/290
f 169/603/291 478/604/291 588/465/291 476/462/291
f 478/604/292 171/601/292 479/466/292 588/465/292
f 473/458/293 589/461/293 477/464/293 168/459/293
f 167/605/294 475/606/294 589/461/294 473/458/294
f 475/606/295 169/603/295 476/462/295 589/461/295
f 470/454/296 590/457/296 474/460/296 166/455/296
f 165/607/297 472/608/297 590/457/297 470/454/297
f 472/608/298 167/605/298 473/458/298 590/457/298
f 467/450/299 591/453/299 471/456/299 164/451/299
f 163/609/300 469/610/300 591/453/300 467/450/300
f 469/610/301 165/607/301 470/454/301 591/453/301
f 464/446/302 592/449/302 468/452/302 162/447/302
f 161/611/303 466/612/303 592/449/303 464/446/303
f 466/612/304 163/609/304 467/450/304 592/449/304
f 461/442/305 593/445/305 465/448/305 160/443/305
f 159/613/306 463/614/306 593/445/306 461/442/306
f 463/614/307 161/611/307 464/446/307 593/445/307
f 458/438/308 594/441/308 462/444/308 158/439/308
f 157/615/309 460/616/309 594/441/309 458/438/309
f 460/616/310 159/613/310 461/442/310 594/441/310
f 455/434/311 595/437/311 459/440/311 156/435/311
f 155/617/312 457/618/312 595/437/312 455/434/312
f 457/618/313 157/615/313 458/438/313 595/437/313
f 452/430/314 596/433/314 456/436/314 154/431/314
f 153/619/315 454/620/315 596/433/315 452/430/315
f 454/620/316 155/617/316 455/434/316 596/433/316
f 449/426/317 597/429/317 453/432/317 152/427/317
f 151/621/318 451/622/318 597/429/318 449/426/318
f 451/622/319 153/619/319 452/430/319 597/429/319
f 446/422/320 598/425/320 450/428/320 150/423/320
f 149/623/321 448/624/321 598/425/321 446/422/321
f 448/624/322 151/621/322 449/426/322 598/425/322
f 443/418/323 599/421/323 447/424/323 148/419/323
f 147/625/324 445/626/324 599/421/324 443/418/324
f 445/626/325 149/623/325 446/422/325 599/421/325
f 440/414/326 600/417/326 444/420/326 146/415/326
f 145/627/327 442/628/327 600/417/327 440/414/327
f 442/628/328 147/625/328 443/418/328 600/417/328
f 437/410/329 601/413/329 441/416/329 144/411/329
f 143/629/330 439/630/330 601/413/330 437/410/330
f 439/630/331 145/627/331 440/414/331 601/413/331
f 434/406/332 602/409/332 438/412/332 142/407/332
f 141/631/333 436/632/333 602/409/333 434/406/333
f 436/632/334 143/629/334 437/410/334 602/409/334
f 431/402/335 603/405/335 435/408/335 140/403/335
f 139/633/336 433/634/336 603/405/336 431/402/336
f 433/634/337 141/631/337 434/406/337 603/405/337
f 428/398/338 604/401/338 432/404/338 138/399/338
f 137/635/339 430/636/339 604/401/339 428/398/339
f 430/636/340 139/633/340 431/402/340 604/401/340
f 425/394/341 605/397/341 429/400/341 136/395/341
f 135/637/342 427/638/342 605/397/342 425/394/342
f 427/638/343 137/635/343 428/398/343 605/397/343
f 422/390/344 606/393/344 426/396/344 134/391/344
f 133/639/345 424/640/345 606/393/345 422/390/345
f 424/640/346 135/637/346 425/394/346 606/393/346
f 419/386/347 607/389/347 423/392/347 132/387/347
f 131/641/348 421/642/348 607/389/348 419/386/348
f 421/642/349 133/639/349 422/390/349 607/389/349
f 417/510/350 608/643/350 420/579/350 130/511/350
f 129/582/351 418/644/351 608/643/351 417/510/351
f 418/644/352 131/641/352 419/386/352 608/385/352
f 388/266/353 609/381/353 383/384/353 128/267/353
f 96/183/354 351/196/354 609/381/354 388/266/354
f 351/196/355 95/195/355 416/382/355 609/381/355
f 416/382/356 610/377/356 382/380/356 127/383/356
f 95/195/357 350/208/357 610/377/357 416/382/357
f 350/208/358 94/207/358 415/378/358 610/377/358
f 415/378/359 611/373/359 381/376/359 126/379/359
f 94/207/360 349/220/360 611/373/360 415/378/360
f 349/220/361 93/219/361 414/374/361 611/373/361
f 414/374/362 612/369/362 380/372/362 125/375/362
f 93/219/363 348/232/363 612/369/363 414/374/363
f 348/232/364 92/231/364 413/370/364 612/369/364
f 413/370/365 613/365/365 379/368/365 124/371/365
f 92/231/366 347/244/366 613/365/366 413/370/366
f 347/244/367 91/243/367 412/366/367 613/365/367
f 412/366/368 614/361/368 378/364/368 123/367/368
f 91/243/369 346/252/369 614/361/369 412/366/369
f 346/252/370 90/251/370 411/362/370 614/361/370
f 411/362/371 615/357/371 377/360/371 122/363/371
f 90/251/372 345/132/372 615/357/372 411/362/372
f 345/132/373 89/131/373 410/358/373 615/357/373
f 410/358/374 616/353/374 376/356/374 121/359/374
f 89/131/375 344/140/375 616/353/375 410/358/375
f 344/140/376 88/139/376 409/354/376 616/353/376
f 409/354/377 617/349/377 375/352/377 120/355/377
f 88/139/378 343/148/378 617/349/378 409/354/378
f 343/148/379 87/147/379 408/350/379 617/349/379
f 408/350/380 618/345/380 374/348/380 119/351/380
f 87/147/381 342/156/381 618/345/381 408/350/381
f 342/156/382 86/155/382 407/346/382 618/345/382
f 407/346/383 619/341/383 373/344/383 118/347/383
f 86/155/384 341/164/384 619/341/384 407/346/384
f 341/164/385 85/163/385 406/342/385 619/341/385
f 406/342/386 620/337/386 372/340/386 117/343/386
f 85/163/387 340/172/387 620/337/387 406/342/387
f 340/172/388 84/171/388 405/338/388 620/337/388
f 405/338/389 621/333/389 371/336/389 116/339/389
f 84/171/390 339/180/390 621/333/390 405/338/390
f 339/180/391 83/179/391 404/334/391 621/333/391
f 404/334/392 622/329/392 370/332/392 115/335/392
f 83/179/393 338/192/393 622/329/393 404/334/393
f 338/192/394 82/191/394 403/330/394 622/329/394
f 403/330/395 623/325/395 369/328/395 114/331/395
f 82/191/396 337/204/396 623/325/396 403/330/396
f 337/204/397 81/203/397 402/326/397 623/325/397
f 402/326/398 624/321/398 368/324/398 113/327/398
f 81/203/399 336/216/399 624/321/399 402/326/399
f 336/216/400 80/215/400 401/322/400 624/321/400
f 401/322/401 625/317/401 367/320/401 112/323/401
f 80/215/402 335/228/402 625/317/402 401/322/402
f 335/228/403 79/227/403 400/318/403 625/317/403
f 400/318/404 626/313/404 366/316/404 111/319/404
f 79/227/405 334/240/405 626/313/405 400/318/405
f 334/240/406 78/239/406 399/314/406 626/313/406
f 399/314/407 627/309/407 365/312/407 110/315/407
f 78/239/408 333/248/408 627/309/408 399/314/408
f 333/248/409 77/247/409 398/310/409 627/309/409
f 398/310/410 628/305/410 364/308/410 109/311/410
f 77/247/411 332/256/411 628/305/411 398/310/411
f 332/256/412 76/255/412 397/306/412 628/305/412
f 397/306/413 629/301/413 363/304/413 108/307/413
f 76/255/414 331/136/414 629/301/414 397/306/414
f 331/136/415 75/135/415 396/302/415 629/301/415
f 396/302/416 630/297/416 362/300/416 107/303/416
f 75/135/417 330/144/417 630/297/417 396/302/417
f 330/144/418 74/143/418 395/298/418 630/297/418
f 395/298/419 631/293/419 361/296/419 106/299/419
f 74/143/420 329/152/420 631/293/420 395/298/420
f 329/152/421 73/151/421 394/294/421 631/293/421
f 394/294/422 632/289/422 360/292/422 105/295/422
f 73/151/423 328/160/423 632/289/423 394/294/423
f 328/160/424 72/159/424 393/290/424 632/289/424
f 393/290/425 633/285/425 359/288/425 104/291/425
f 72/159/426 327/168/426 633/285/426 393/290/426
f 327/168/427 71/167/427 392/286/427 633/285/427
f 392/286/428 634/281/428 358/284/428 103/287/428
f 71/167/429 326/176/429 634/281/429 392/286/429
f 326/176/430 70/175/430 391/282/430 634/281/430
f 391/282/431 635/277/431 357/280/431 102/283/431
f 70/175/432 325/188/432 635/277/432 391/282/432
f 325/188/433 69/187/433 390/278/433 635/277/433
f 390/278/434 636/273/434 356/276/434 101/279/434
f 69/187/435 324/200/435 636/273/435 390/278/435
f 324/200/436 68/199/436 389/274/436 636/273/436
f 389/274/437 637/269/437 355/272/437 100/275/437
f 68/199/438 323/212/438 637/269/438 389/274/438
f 323/212/439 67/211/439 385/270/439 637/269/439
f 387/262/440 638/265/440 384/268/440 97/263/440
f 66/235/441 352/184/441 638/265/441 387/262/441
f 352/184/442 96/183/442 388/266/442 638/265/442
f 386/258/443 639/645/443 353/517/443 98/259/443
f 65/223/444 321/646/444 639/645/444 386/258/444
f 321/236/445 66/235/445 387/262/445 639/261/445
f 385/270/446 640/257/446 354/260/446 99/271/446
f 67/211/447 322/224/447 640/257/447 385/270/447
f 322/224/448 65/223/448 386/258/448 640/257/448
f 319/246/449 641/253/449 332/256/449 77/247/449
f 45/55/450 236/52/450 641/253/450 319/246/450
f 236/52/451 44/51/451 320/254/451 641/253/451
f 317/242/452 642/249/452 346/252/452 91/243/452
f 59/111/453 250/108/453 642/249/453 317/242/453
f 250/108/454 58/107/454 318/250/454 642/249/454
f 316/238/455 643/245/455 333/248/455 78/239/455
f 46/59/456 237/56/456 643/245/456 316/238/456
f 237/56/457 45/55/457 319/246/457 643/245/457
f 315/230/458 644/241/458 347/244/458 92/231/458
f 60/115/459 251/112/459 644/241/459 315/230/459
f 251/112/460 59/111/460 317/242/460 644/241/460
f 314/226/461 645/237/461 334/240/461 79/227/461
f 47/63/462 238/60/462 645/237/462 314/226/462
f 238/60/463 46/59/463 316/238/463 645/237/463
f 312/222/464 646/647/464 321/646/464 65/223/464
f 33/7/465 225/648/465 646/647/465 312/222/465
f 225/4/466 34/3/466 313/234/466 646/233/466
f 311/218/467 647/229/467 348/232/467 93/219/467
f 61/119/468 252/116/468 647/229/468 311/218/468
f 252/116/469 60/115/469 315/230/469 647/229/469
f 310/214/470 648/225/470 335/228/470 80/215/470
f 48/67/471 239/64/471 648/225/471 310/214/471
f 239/64/472 47/63/472 314/226/472 648/225/472
f 309/210/473 649/221/473 322/224/473 67/211/473
f 35/15/474 226/8/474 649/221/474 309/210/474
f 226/8/475 33/7/475 312/222/475 649/221/475
f 308/206/476 650/217/476 349/220/476 94/207/476
f 62/123/477 253/120/477 650/217/477 308/206/477
f 253/120/478 61/119/478 311/218/478 650/217/478
f 307/202/479 651/213/479 336/216/479 81/203/479
f 49/71/480 240/68/480 651/213/480 307/202/480
f 240/68/481 48/67/481 310/214/481 651/213/481
f 306/198/482 652/209/482 323/212/482 68/199/482
f 36/19/483 227/16/483 652/209/483 306/198/483
f 227/16/484 35/15/484 309/210/484 652/209/484
f 305/194/485 653/205/485 350/208/485 95/195/485
f 63/127/486 254/124/486 653/205/486 305/194/486
f 254/124/487 62/123/487 308/206/487 653/205/487
f 304/190/488 654/201/488 337/204/488 82/191/488
f 50/75/489 241/72/489 654/201/489 304/190/489
f 241/72/490 49/71/490 307/202/490 654/201/490
f 303/186/491 655/197/491 324/200/491 69/187/491
f 37/23/492 228/20/492 655/197/492 303/186/492
f 228/20/493 36/19/493 306/198/493 655/197/493
f 302/182/494 656/193/494 351/196/494 96/183/494
f 64/11/495 255/128/495 656/193/495 302/182/495
f 255/128/496 63/127/496 305/194/496 656/193/496
f 301/178/497 657/189/497 338/192/497 83/179/497
f 51/79/498 242/76/498 657/189/498 301/178/498
f 242/76/499 50/75/499 304/190/499 657/189/499
f 300/174/500 658/185/500 325/188/500 70/175/500
f 38/27/501 229/24/501 658/185/501 300/174/501
f 229/24/502 37/23/502 303/186/502 658/185/502
f 313/234/503 659/181/503 352/184/503 66/235/503
f 34/3/504 256/12/504 659/181/504 313/234/504
f 256/12/505 64/11/505 302/182/505 659/181/505
f 299/170/506 660/177/506 339/180/506 84/171/506
f 52/83/507 243/80/507 660/177/507 299/170/507
f 243/80/508 51/79/508 301/178/508 660/177/508
f 298/166/509 661/173/509 326/176/509 71/167/509
f 39/31/510 230/28/510 661/173/510 298/166/510
f 230/28/511 38/27/511 300/174/511 661/173/511
f 297/162/512 662/169/512 340/172/512 85/163/512
f 53/87/513 244/84/513 662/169/513 297/162/513
f 244/84/514 52/83/514 299/170/514 662/169/514
f 296/158/515 663/165/515 327/168/515 72/159/515
f 40/35/516 231/32/516 663/165/516 296/158/516
f 231/32/517 39/31/517 298/166/517 663/165/517
f 295/154/518 664/161/518 341/164/518 86/155/518
f 54/91/519 245/88/519 664/161/519 295/154/519
f 245/88/520 53/87/520 297/162/520 664/161/520
f 294/150/521 665/157/521 328/160/521 73/151/521
f 41/39/522 232/36/522 665/157/522 294/150/522
f 232/36/523 40/35/523 296/158/523 665/157/523
f 293/146/524 666/153/524 342/156/524 87/147/524
f 55/95/525 246/92/525 666/153/525 293/146/525
f 246/92/526 54/91/526 295/154/526 666/153/526
f 292/142/527 667/149/527 329/152/527 74/143/527
f 42/43/528 233/40/528 667/149/528 292/142/528
f 233/40/529 41/39/529 294/150/529 667/149/529
f 291/138/530 668/145/530 343/148/530 88/139/530
f 56/99/531 247/96/531 668/145/531 291/138/531
f 247/96/532 55/95/532 293/146/532 668/145/532
f 290/134/533 669/141/533 330/144/533 75/135/533
f 43/47/534 234/44/534 669/141/534 290/134/534
f 234/44/535 42/43/535 292/142/535 669/141/535
f 289/130/536 670/137/536 344/140/536 89/131/536
f 57/103/537 248/100/537 670/137/537 289/130/537
f 248/100/538 56/99/538 291/138/538 670/137/538
f 320/254/539 671/133/539 331/136/539 76/255/539
f 44/51/540 235/48/540 671/133/540 320/254/540
f 235/48/541 43/47/541 290/134/541 671/133/541
f 318/250/542 672/129/542 345/132/542 90/251/542
f 58/107/543 249/104/543 672/129/543 318/250/543
f 249/104/544 57/103/544 289/130/544 672/129/544
f 260/10/545 673/125/545 255/128/545 64/11/545
f 32/649/546 223/650/546 673/125/546 260/10/546
f 223/650/547 31/651/547 288/126/547 673/125/547
f 288/126/548 674/121/548 254/124/548 63/127/548
f 31/651/549 222/652/549 674/121/549 288/126/549
f 222/652/550 30/653/550 287/122/550 674/121/550
f 287/122/551 675/117/551 253/120/551 62/123/551
f 30/653/552 221/654/552 675/117/552 287/122/552
f 221/654/553 29/655/553 286/118/553 675/117/553
f 286/118/554 676/113/554 252/116/554 61/119/554
f 29/655/555 220/656/555 676/113/555 286/118/555
f 220/656/556 28/657/556 285/114/556 676/113/556
f 285/114/557 677/109/557 251/112/557 60/115/557
f 28/657/558 219/658/558 677/109/558 285/114/558
f 219/658/559 27/659/559 284/110/559 677/109/559
f 284/110/560 678/105/560 250/108/560 59/111/560
f 27/659/561 218/660/561 678/105/561 284/110/561
f 218/660/562 26/661/562 283/106/562 678/105/562
f 283/106/563 679/101/563 249/104/563 58/107/563
f 26/661/564 217/662/564 679/101/564 283/106/564
f 217/662/565 25/663/565 282/102/565 679/101/565
f 282/102/566 680/97/566 248/100/566 57/103/566
f 25/663/567 216/664/567 680/97/567 282/102/567
f 216/664/568 24/665/568 281/98/568 680/97/568
f 281/98/569 681/93/569 247/96/569 56/99/569
f 24/665/570 215/666/570 681/93/570 281/98/570
f 215/666/571 23/667/571 280/94/571 681/93/571
f 280/94/572 682/89/572 246/92/572 55/95/572
f 23/667/573 214/668/573 682/89/573 280/94/573
f 214/668/574 22/669/574 279/90/574 682/89/574
f 279/90/575 683/85/575 245/88/575 54/91/575
f 22/669/576 213/670/576 683/85/576 279/90/576
f 213/670/577 21/671/577 278/86/577 683/85/577
f 278/86/578 684/81/578 244/84/578 53/87/578
f 21/671/579 212/672/579 684/81/579 278/86/579
f 212/672/580 20/673/580 277/82/580 684/81/580
f 277/82/581 685/77/581 243/80/581 52/83/581
f 20/673/582 211/674/582 685/77/582 277/82/582
f 211/674/583 19/675/583 276/78/583 685/77/583
f 276/78/584 686/73/584 242/76/584 51/79/584
f 19/675/585 210/676/585 686/73/585 276/78/585
f 210/676/586 18/677/586 275/74/586 686/73/586
f 275/74/587 687/69/587 241/72/587 50/75/587
f 18/677/588 209/678/588 687/69/588 275/74/588
f 209/678/589 17/679/589 274/70/589 687/69/589
f 274/70/590 688/65/590 240/68/590 49/71/590
f 17/679/591 208/680/591 688/65/591 274/70/591
f 208/680/592 16/681/592 273/66/592 688/65/592
f 273/66/593 689/61/593 239/64/593 48/67/593
f 16/681/594 207/682/594 689/61/594 273/66/594
f 207/682/595 15/683/595 272/62/595 689/61/595
f 272/62/596 690/57/596 238/60/596 47/63/596
f 15/683/597 206/684/597 690/57/597 272/62/597
f 206/684/598 14/685/598 271/58/598 690/57/598
f 271/58/599 691/53/599 237/56/599 46/59/599
f 14/685/600 205/686/600 691/53/600 271/58/600
f 205/686/601 13/687/601 270/54/601 691/53/601
f 270/54/602 692/49/602 236/52/602 45/55/602
f 13/687/603 204/688/603 692/49/603 270/54/603
f 204/688/604 12/689/604 269/50/604 692/49/604
f 269/50/605 693/45/605 235/48/605 44/51/605
f 12/689/606 203/690/606 693/45/606 269/50/606
f 203/690/607 11/691/607 268/46/607 693/45/607
f 268/46/608 694/41/608 234/44/608 43/47/608
f 11/691/609 202/692/609 694/41/609 268/46/609
f 202/692/610 10/693/610 267/42/610 694/41/610
f 267/42/611 695/37/611 233/40/611 42/43/611
f 10/693/612 201/694/612 695/37/612 267/42/612
f 201/694/613 9/695/613 266/38/613 695/37/613
f 266/38/614 696/33/614 232/36/614 41/39/614
f 9/695/615 200/696/615 696/33/615 266/38/615
f 200/696/616 8/697/616 265/34/616 696/33/616
f 265/34/617 697/29/617 231/32/617 40/35/617
f 8/697/618 199/698/618 697/29/618 265/34/618
f 199/698/619 7/699/619 264/30/619 697/29/619
f 264/30/620 698/25/620 230/28/620 39/31/620
f 7/699/621 198/700/621 698/25/621 264/30/621
f 198/700/622 6/701/622 263/26/622 698/25/622
f 263/26/623 699/21/623 229/24/623 38/27/623
f 6/701/624 197/702/624 699/21/624 263/26/624
f 197/702/625 5/703/625 262/22/625 699/21/625
f 262/22/626 700/17/626 228/20/626 37/23/626
f 5/703/627 196/704/627 700/17/627 262/22/627
f 196/704/628 4/705/628 261/18/628 700/17/628
f 261/18/629 701/13/629 227/16/629 36/19/629
f 4/705/630 195/706/630 701/13/630 261/18/630
f 195/706/631 3/707/631 259/14/631 701/13/631
f 258/2/632 702/9/632 256/12/632 34/3/632
f 1/708/633 224/709/633 702/9/633 258/2/633
f 224/709/634 32/649/634 260/10/634 702/9/634
f 259/14/635 703/5/635 226/8/635 35/15/635
f 3/707/636 194/710/636 703/5/636 259/14/636
f 194/710/637 2/711/637 257/6/637 703/5/637
f 257/6/638 704/712/638 225/648/638 33/7/638
f 2/711/639 193/713/639 704/712/639 257/6/639
f 193/714/640 1/708/640 258/2/640 704/1/640
f 706/715/641 707/716/641 708/717/641 705/718/641
f 710/719/642 711/720/642 712/721/642 709/722/642
f 714/723/643 715/724/643 716/725/643 713/726/643
f 718/727/644 719/728/644 720/729/644 717/730/644
f 722/731/645 723/732/645 724/733/645 721/734/645
f 726/735/646 727/736/646 728/737/646 725/738/646
f 730/739/647 731/740/647 732/741/647 729/742/647
f 734/743/648 735/744/648 736/745/648 733/746/648
f 738/747/649 739/748/649 740/749/649 737/750/649
f 742/751/650 743/752/650 744/753/650 741/754/650
f 746/755/651 747/756/651 748/757/651 745/758/651
f 750/759/652 751/760/652 752/761/652 749/762/652
f 754/763/653 755/764/653 756/765/653 753/766/653
f 758/767/654 759/768/654 760/769/654 757/770/654
f 762/771/655 763/772/655 764/773/655 761/774/655
f 766/775/656 767/776/656 768/777/656 765/778/656
f 770/779/657 771/780/657 772/781/657 769/782/657
f 774/783/658 775/784/658 776/785/658 773/786/658
f 778/787/659 779/788/659 780/789/659 777/790/659
f 782/791/660 783/792/660 784/793/660 781/794/660
f 786/795/661 787/796/661 788/797/661 785/798/661
f 790/799/662 791/800/662 792/801/662 789/802/662
f 794/803/663 795/804/663 796/805/663 793/806/663
f 798/807/664 799/808/664 800/809/664 797/810/664
f 802/811/665 803/812/665 804/813/665 801/814/665
f 806/815/666 807/816/666 808/817/666 805/818/666
f 810/819/667 811/820/667 812/821/667 809/822/667
f 814/823/668 815/824/668 816/825/668 813/826/668
f 818/827/669 819/828/669 820/829/669 817/830/669
f 822/831/670 823/832/670 824/833/670 821/834/670
f 826/835/671 827/836/671 828/837/671 825/838/671
f 830/839/672 831/840/672 832/841/672 829/842/672
f 831/840/673 706/715/673 705/718/673 832/841/673
f 707/716/674 710/719/674 709/722/674 708/717/674
f 711/720/675 714/723/675 713/726/675 712/721/675
f 715/724/676 718/727/676 717/730/676 716/725/676
f 719/728/677 722/731/677 721/734/677 720/729/677
f 723/732/678 726/735/678 725/738/678 724/733/678
f 727/736/679 730/739/679 729/742/679 728/737/679
f 731/740/680 734/743/680 733/746/680 732/741/680
f 735/744/681 738/747/681 737/750/681 736/745/681
f 739/748/682 742/751/682 741/754/682 740/749/682
f 743/752/683 746/755/683 745/758/683 744/753/683
f 747/756/684 750/759/684 749/762/684 748/757/684
f 751/760/685 754/763/685 753/766/685 752/761/685
f 755/764/686 758/767/686 757/770/686 756/765/686
f 759/768/687 762/771/687 761/774/687 760/769/687
f 763/772/688 766/775/688 765/778/688 764/773/688
f 767/776/689 770/779/689 769/782/689 768/777/689
f 771/780/690 774/783/690 773/786/690 772/781/690
f 775/784/691 778/787/691 777/790/691 776/785/691
f 779/788/692 782/791/692 781/794/692 780/789/692
f 783/792/693 786/795/693 785/798/693 784/793/693
f 787/796/694 790/799/694 789/802/694 788/797/694
f 791/800/695 794/803/695 793/806/695 792/801/695
f 795/804/696 798/807/696 797/810/696 796/805/696
f 799/808/697 802/811/697 801/814/697 800/809/697
f 803/812/698 806/815/698 805/818/698 804/813/698
f 807/816/699 810/819/699 809/822/699 808/817/699
f 811/820/700 814/823/700 813/826/700 812/821/700
f 815/824/701 818/827/701 817/830/701 816/825/701
f 819/828/702 822/831/702 821/834/702 820/829/702
f 823/832/703 826/835/703 825/838/703 824/833/703
f 827/836/704 830/839/704 829/842/704 828/837/704
f 131/641/705 418/644/705 705/718/705 708/717/705
f 715/724/706 714/723/706 837/843/706 838/844/706
f 418/644/707 129/582/707 832/841/707 705/718/707
f 421/642/708 131/641/708 708/717/708 709/722/708
f 133/639/709 421/642/709 709/722/709 712/721/709
f 424/640/710 133/639/710 712/721/710 713/726/710
f 135/637/711 424/640/711 713/726/711 716/725/711
f 427/638/712 135/637/712 716/725/712 717/730/712
f 137/635/713 427/638/713 717/730/713 720/729/713
f 430/636/714 137/635/714 720/729/714 721/734/714
f 139/633/715 430/636/715 721/734/715 724/733/715
f 433/634/716 139/633/716 724/733/716 725/738/716
f 141/631/717 433/634/717 725/738/717 728/737/717
f 436/632/718 141/631/718 728/737/718 729/742/718
f 143/629/719 436/632/719 729/742/719 732/741/719
f 439/630/720 143/629/720 732/741/720 733/746/720
f 145/627/721 439/630/721 733/746/721 736/745/721
f 442/628/722 145/627/722 736/745/722 737/750/722
f 147/625/723 442/628/723 737/750/723 740/749/723
f 445/626/724 147/625/724 740/749/724 741/754/724
f 149/623/725 445/626/725 741/754/725 744/753/725
f 448/624/726 149/623/726 744/753/726 745/758/726
f 151/621/727 448/624/727 745/758/727 748/757/727
f 451/622/728 151/621/728 748/757/728 749/762/728
f 153/619/729 451/622/729 749/762/729 752/761/729
f 454/620/730 153/619/730 752/761/730 753/766/730
f 155/617/731 454/620/731 753/766/731 756/765/731
f 457/618/732 155/617/732 756/765/732 757/770/732
f 157/615/733 457/618/733 757/770/733 760/769/733
f 460/616/734 157/615/734 760/769/734 761/774/734
f 159/613/735 460/616/735 761/774/735 764/773/735
f 463/614/736 159/613/736 764/773/736 765/778/736
f 161/611/737 463/614/737 765/778/737 768/777/737
f 466/612/738 161/611/738 768/777/738 769/782/738
f 163/609/739 466/612/739 769/782/739 772/781/739
f 469/610/740 163/609/740 772/781/740 773/786/740
f 165/607/741 469/610/741 773/786/741 776/785/741
f 472/608/742 165/607/742 776/785/742 777/790/742
f 167/605/743 472/608/743 777/790/743 780/789/743
f 475/606/744 167/605/744 780/789/744 781/794/744
f 169/603/745 475/606/745 781/794/745 784/793/745
f 478/604/746 169/603/746 784/793/746 785/798/746
f 171/601/747 478/604/747 785/798/747 788/797/747
f 481/602/748 171/601/748 788/797/748 789/802/748
f 173/599/749 481/602/749 789/802/749 792/801/749
f 484/600/750 173/599/750 792/801/750 793/806/750
f 175/597/751 484/600/751 793/806/751 796/805/751
f 487/598/752 175/597/752 796/805/752 797/810/752
f 177/595/753 487/598/753 797/810/753 800/809/753
f 490/596/754 177/595/754 800/809/754 801/814/754
f 179/593/755 490/596/755 801/814/755 804/813/755
f 493/594/756 179/593/756 804/813/756 805/818/756
f 181/591/757 493/594/757 805/818/757 808/817/757
f 496/592/758 181/591/758 808/817/758 809/822/758
f 183/589/759 496/592/759 809/822/759 812/821/759
f 499/590/760 183/589/760 812/821/760 813/826/760
f 185/587/761 499/590/761 813/826/761 816/825/761
f 502/588/762 185/587/762 816/825/762 817/830/762
f 187/585/763 502/588/763 817/830/763 820/829/763
f 505/586/764 187/585/764 820/829/764 821/834/764
f 189/583/765 505/586/765 821/834/765 824/833/765
f 508/584/766 189/583/766 824/833/766 825/838/766
f 191/580/767 508/584/767 825/838/767 828/837/767
f 511/581/768 191/580/768 828/837/768 829/842/768
f 129/582/769 511/581/769 829/842/769 832/841/769
f 841/845/770 840/846/770 1160/847/770 1161/848/770
f 730/739/771 727/736/771 844/849/771 845/850/771
f 795/804/772 794/803/772 877/851/772 878/852/772
f 786/795/773 783/792/773 872/853/773 873/854/773
f 743/752/774 742/751/774 851/855/774 852/856/774
f 734/743/775 731/740/775 846/857/775 847/858/775
f 823/832/776 822/831/776 891/859/776 892/860/776
f 771/780/777 770/779/777 865/861/777 866/862/777
f 790/799/778 787/796/778 874/863/778 875/864/778
f 719/728/779 718/727/779 839/865/779 840/846/779
f 738/747/780 735/744/780 848/866/780 849/867/780
f 799/808/781 798/807/781 879/868/781 880/869/781
f 794/803/782 791/800/782 876/870/782 877/851/782
f 747/756/783 746/755/783 853/871/783 854/872/783
f 742/751/784 739/748/784 850/873/784 851/855/784
f 827/836/785 826/835/785 893/874/785 894/875/785
f 775/784/786 774/783/786 867/876/786 868/877/786
f 798/807/787 795/804/787 878/852/787 879/868/787
f 746/755/788 743/752/788 852/856/788 853/871/788
f 723/732/789 722/731/789 841/845/789 842/878/789
f 803/812/790 802/811/790 881/879/790 882/880/790
f 802/811/791 799/808/791 880/869/791 881/879/791
f 751/760/792 750/759/792 855/881/792 856/882/792
f 750/759/793 747/756/793 854/872/793 855/881/793
f 831/840/794 830/839/794 895/883/794 896/884/794
f 779/788/795 778/787/795 869/885/795 870/886/795
f 806/815/796 803/812/796 882/880/796 883/887/796
f 727/736/797 726/735/797 843/888/797 844/849/797
f 754/763/798 751/760/798 856/882/798 857/889/798
f 807/816/799 806/815/799 883/887/799 884/890/799
f 810/819/800 807/816/800 884/890/800 885/891/800
f 755/764/801 754/763/801 857/889/801 858/892/801
f 758/767/802 755/764/802 858/892/802 859/893/802
f 706/715/803 831/840/803 896/884/803 833/894/803
f 783/792/804 782/791/804 871/895/804 872/853/804
f 814/823/805 811/820/805 886/896/805 887/897/805
f 731/740/806 730/739/806 845/850/806 846/857/806
f 762/771/807 759/768/807 860/898/807 861/899/807
f 710/719/808 707/716/808 834/900/808 835/901/808
f 811/820/809 810/819/809 885/891/809 886/896/809
f 818/827/810 815/824/810 888/902/810 889/903/810
f 759/768/811 758/767/811 859/893/811 860/898/811
f 766/775/812 763/772/812 862/904/812 863/905/812
f 707/716/813 706/715/813 833/894/813 834/900/813
f 714/723/814 711/720/814 836/906/814 837/843/814
f 787/796/815 786/795/815 873/854/815 874/863/815
f 822/831/816 819/828/816 890/907/816 891/859/816
f 735/744/817 734/743/817 847/858/817 848/866/817
f 770/779/818 767/776/818 864/908/818 865/861/818
f 718/727/819 715/724/819 838/844/819 839/865/819
f 815/824/820 814/823/820 887/897/820 888/902/820
f 826/835/821 823/832/821 892/860/821 893/874/821
f 763/772/822 762/771/822 861/899/822 862/904/822
f 774/783/823 771/780/823 866/862/823 867/876/823
f 722/731/824 719/728/824 840/846/824 841/845/824
f 711/720/825 710/719/825 835/901/825 836/906/825
f 791/800/826 790/799/826 875/864/826 876/870/826
f 830/839/827 827/836/827 894/875/827 895/883/827
f 739/748/828 738/747/828 849/867/828 850/873/828
f 778/787/829 775/784/829 868/877/829 869/885/829
f 726/735/830 723/732/830 842/878/830 843/888/830
f 819/828/831 818/827/831 889/903/831 890/907/831
f 767/776/832 766/775/832 863/905/832 864/908/832
f 782/791/833 779/788/833 870/886/833 871/895/833
f 215/666/834 24/665/834 944/909/834 941/910/834
f 904/911/835 903/912/835 967/913/835 968/914/835
f 7/699/836 199/698/836 909/915/836 910/916/836
f 216/664/837 25/663/837 946/917/837 943/918/837
f 8/697/838 200/696/838 911/919/838 912/920/838
f 217/662/839 26/661/839 948/921/839 945/922/839
f 9/695/840 201/694/840 913/923/840 914/924/840
f 218/660/841 27/659/841 950/925/841 947/926/841
f 10/693/842 202/692/842 915/927/842 916/928/842
f 219/658/843 28/657/843 952/929/843 949/930/843
f 11/691/844 203/690/844 917/931/844 918/932/844
f 193/713/845 2/711/845 900/933/845 897/934/845
f 220/656/846 29/655/846 954/935/846 951/936/846
f 12/689/847 204/688/847 919/937/847 920/938/847
f 194/710/848 3/707/848 902/939/848 899/940/848
f 221/654/849 30/653/849 956/941/849 953/942/849
f 13/687/850 205/686/850 921/943/850 922/944/850
f 195/706/851 4/705/851 904/911/851 901/945/851
f 222/652/852 31/651/852 958/946/852 955/947/852
f 14/685/853 206/684/853 923/948/853 924/949/853
f 196/704/854 5/703/854 906/950/854 903/912/854
f 223/650/855 32/649/855 960/951/855 957/952/855
f 15/683/856 207/682/856 925/953/856 926/954/856
f 197/702/857 6/701/857 908/955/857 905/956/857
f 224/709/858 1/708/858 898/957/858 959/958/858
f 16/681/859 208/680/859 927/959/859 928/960/859
f 198/700/860 7/699/860 910/916/860 907/961/860
f 17/679/861 209/678/861 929/962/861 930/963/861
f 199/698/862 8/697/862 912/920/862 909/915/862
f 18/677/863 210/676/863 931/964/863 932/965/863
f 200/696/864 9/695/864 914/924/864 911/919/864
f 19/675/865 211/674/865 933/966/865 934/967/865
f 201/694/866 10/693/866 916/928/866 913/923/866
f 20/673/867 212/672/867 935/968/867 936/969/867
f 202/692/868 11/691/868 918/932/868 915/927/868
f 21/671/869 213/670/869 937/970/869 938/971/869
f 203/690/870 12/689/870 920/938/870 917/931/870
f 204/688/871 13/687/871 922/944/871 919/937/871
f 22/669/872 214/668/872 939/972/872 940/973/872
f 23/667/873 215/666/873 941/910/873 942/974/873
f 205/686/874 14/685/874 924/949/874 921/943/874
f 24/665/875 216/664/875 943/918/875 944/909/875
f 206/684/876 15/683/876 926/954/876 923/948/876
f 25/663/877 217/662/877 945/922/877 946/917/877
f 207/682/878 16/681/878 928/960/878 925/953/878
f 26/661/879 218/660/879 947/926/879 948/921/879
f 208/680/880 17/679/880 930/963/880 927/959/880
f 27/659/881 219/658/881 949/930/881 950/925/881
f 209/678/882 18/677/882 932/965/882 929/962/882
f 1/708/883 193/714/883 897/975/883 898/957/883
f 28/657/884 220/656/884 951/936/884 952/929/884
f 210/676/885 19/675/885 934/967/885 931/964/885
f 2/711/886 194/710/886 899/940/886 900/933/886
f 29/655/887 221/654/887 953/942/887 954/935/887
f 211/674/888 20/673/888 936/969/888 933/966/888
f 3/707/889 195/706/889 901/945/889 902/939/889
f 212/672/890 21/671/890 938/971/890 935/968/890
f 30/653/891 222/652/891 955/947/891 956/941/891
f 4/705/835 196/704/835 903/912/835 904/911/835
f 213/670/892 22/669/892 940/973/892 937/970/892
f 31/651/893 223/650/893 957/952/893 958/946/893
f 5/703/894 197/702/894 905/956/894 906/950/894
f 214/668/895 23/667/895 942/974/895 939/972/895
f 32/649/896 224/709/896 959/958/896 960/951/896
f 6/701/897 198/700/897 907/961/897 908/955/897
f 945/922/839 948/921/839 1012/976/839 1009/977/839
f 958/946/893 957/952/893 1021/978/893 1022/979/893
f 906/950/894 905/956/894 969/980/894 970/981/894
f 947/926/841 950/925/841 1014/982/841 1011/983/841
f 960/951/896 959/958/896 1023/984/896 1024/985/896
f 908/955/897 907/961/897 971/986/897 972/987/897
f 949/930/843 952/929/843 1016/988/843 1013/989/843
f 897/934/845 900/933/845 964/990/845 961/991/845
f 910/916/836 909/915/836 973/992/836 974/993/836
f 951/936/846 954/935/846 1018/994/846 1015/995/846
f 899/940/848 902/939/848 966/996/848 963/997/848
f 912/920/838 911/919/838 975/998/838 976/999/838
f 953/942/849 956/941/849 1020/1000/849 1017/1001/849
f 901/945/851 904/911/851 968/914/851 965/1002/851
f 914/924/840 913/923/840 977/1003/840 978/1004/840
f 955/947/852 958/946/852 1022/979/852 1019/1005/852
f 903/912/854 906/950/854 970/981/854 967/913/854
f 916/928/898 915/927/898 979/1006/898 980/1007/898
f 957/952/855 960/951/855 1024/985/855 1021/978/855
f 905/956/857 908/955/857 972/987/857 969/980/857
f 918/932/844 917/931/844 981/1008/844 982/1009/844
f 959/958/858 898/957/858 962/1010/858 1023/984/858
f 907/961/860 910/916/860 974/993/860 971/986/860
f 920/938/847 919/937/847 983/1011/847 984/1012/847
f 909/915/862 912/920/862 976/999/862 973/992/862
f 922/944/850 921/943/850 985/1013/850 986/1014/850
f 911/919/864 914/924/864 978/1004/864 975/998/864
f 924/949/853 923/948/853 987/1015/853 988/1016/853
f 913/923/866 916/928/866 980/1007/866 977/1003/866
f 926/954/856 925/953/856 989/1017/856 990/1018/856
f 915/927/868 918/932/868 982/1009/868 979/1006/868
f 928/960/859 927/959/859 991/1019/859 992/1020/859
f 917/931/870 920/938/870 984/1012/870 981/1008/870
f 930/963/861 929/962/861 993/1021/861 994/1022/861
f 919/937/871 922/944/871 986/1014/871 983/1011/871
f 932/965/863 931/964/863 995/1023/863 996/1024/863
f 921/943/874 924/949/874 988/1016/874 985/1013/874
f 934/967/865 933/966/865 997/1025/865 998/1026/865
f 923/948/876 926/954/876 990/1018/876 987/1015/876
f 936/969/867 935/968/867 999/1027/867 1000/1028/867
f 925/953/878 928/960/878 992/1020/878 989/1017/878
f 938/971/869 937/970/869 1001/1029/869 1002/1030/869
f 927/959/880 930/963/880 994/1022/880 991/1019/880
f 940/973/872 939/972/872 1003/1031/872 1004/1032/872
f 929/962/882 932/965/882 996/1024/882 993/1021/882
f 942/974/873 941/910/873 1005/1033/873 1006/1034/873
f 931/964/885 934/967/885 998/1026/885 995/1023/885
f 944/909/875 943/918/875 1007/1035/875 1008/1036/875
f 933/966/888 936/969/888 1000/1028/888 997/1025/888
f 946/917/877 945/922/877 1009/977/877 1010/1037/877
f 935/968/890 938/971/890 1002/1030/890 999/1027/890
f 948/921/879 947/926/879 1011/983/879 1012/976/879
f 937/970/892 940/973/892 1004/1032/892 1001/1029/892
f 950/925/881 949/930/881 1013/989/881 1014/982/881
f 898/957/883 897/975/883 961/991/883 962/1010/883
f 939/972/895 942/974/895 1006/1034/895 1003/1031/895
f 952/929/884 951/936/884 1015/995/884 1016/988/884
f 900/933/886 899/940/886 963/997/886 964/990/886
f 941/910/834 944/909/834 1008/1036/834 1005/1033/834
f 954/935/887 953/942/887 1017/1001/887 1018/994/887
f 902/939/889 901/945/889 965/1002/889 966/996/889
f 943/918/837 946/917/837 1010/1037/837 1007/1035/837
f 956/941/891 955/947/891 1019/1005/891 1020/1000/891
f 1026/1038/899 1027/1039/899 1028/1040/899 1025/1041/899
f 1030/1042/900 1031/1043/900 1032/1044/900 1029/1045/900
f 1034/1046/901 1035/1047/901 1036/1048/901 1033/1049/901
f 1038/1050/902 1039/1051/902 1040/1052/902 1037/1053/902
f 1042/1054/903 1043/1055/903 1044/1056/903 1041/1057/903
f 1046/1058/904 1047/1059/904 1048/1060/904 1045/1061/904
f 1050/1062/905 1051/1063/905 1052/1064/905 1049/1065/905
f 1054/1066/906 1055/1067/906 1056/1068/906 1053/1069/906
f 1058/1070/907 1059/1071/907 1060/1072/907 1057/1073/907
f 1062/1074/908 1063/1075/908 1064/1076/908 1061/1077/908
f 1066/1078/909 1067/1079/909 1068/1080/909 1065/1081/909
f 1070/1082/910 1071/1083/910 1072/1084/910 1069/1085/910
f 1074/1086/911 1075/1087/911 1076/1088/911 1073/1089/911
f 1078/1090/912 1079/1091/912 1080/1092/912 1077/1093/912
f 1082/1094/913 1083/1095/913 1084/1096/913 1081/1097/913
f 1086/1098/914 1087/1099/914 1088/1100/914 1085/1101/914
f 1090/1102/915 1091/1103/915 1092/1104/915 1089/1105/915
f 1094/1106/916 1095/1107/916 1096/1108/916 1093/1109/916
f 1098/1110/917 1099/1111/917 1100/1112/917 1097/1113/917
f 1102/1114/918 1103/1115/918 1104/1116/918 1101/1117/918
f 1106/1118/919 1107/1119/919 1108/1120/919 1105/1121/919
f 1110/1122/920 1111/1123/920 1112/1124/920 1109/1125/920
f 1114/1126/921 1115/1127/921 1116/1128/921 1113/1129/921
f 1118/1130/922 1119/1131/922 1120/1132/922 1117/1133/922
f 1122/1134/923 1123/1135/923 1124/1136/923 1121/1137/923
f 1126/1138/924 1127/1139/924 1128/1140/924 1125/1141/924
f 1130/1142/925 1131/1143/925 1132/1144/925 1129/1145/925
f 1134/1146/926 1135/1147/926 1136/1148/926 1133/1149/926
f 1138/1150/927 1139/1151/927 1140/1152/927 1137/1153/927
f 1142/1154/928 1143/1155/928 1144/1156/928 1141/1157/928
f 1146/1158/929 1147/1159/929 1148/1160/929 1145/1161/929
f 1150/1162/930 1151/1163/930 1152/1164/930 1149/1165/930
f 1031/1043/931 1026/1038/931 1025/1041/931 1032/1044/931
f 1035/1047/932 1030/1042/932 1029/1045/932 1036/1048/932
f 1039/1051/933 1034/1046/933 1033/1049/933 1040/1052/933
f 1043/1055/934 1038/1050/934 1037/1053/934 1044/1056/934
f 1047/1059/935 1042/1054/935 1041/1057/935 1048/1060/935
f 1051/1063/936 1046/1058/936 1045/1061/936 1052/1064/936
f 1055/1067/937 1050/1062/937 1049/1065/937 1056/1068/937
f 1059/1071/938 1054/1066/938 1053/1069/938 1060/1072/938
f 1063/1075/939 1058/1070/939 1057/1073/939 1064/1076/939
f 1067/1079/940 1062/1074/940 1061/1077/940 1068/1080/940
f 1071/1083/941 1066/1078/941 1065/1081/941 1072/1084/941
f 1075/1087/942 1070/1082/942 1069/1085/942 1076/1088/942
f 1079/1091/943 1074/1086/943 1073/1089/943 1080/1092/943
f 1083/1095/944 1078/1090/944 1077/1093/944 1084/1096/944
f 1087/1099/945 1082/1094/945 1081/1097/945 1088/1100/945
f 1091/1103/946 1086/1098/946 1085/1101/946 1092/1104/946
f 1095/1107/947 1090/1102/947 1089/1105/947 1096/1108/947
f 1099/1111/948 1094/1106/948 1093/1109/948 1100/1112/948
f 1103/1115/949 1098/1110/949 1097/1113/949 1104/1116/949
f 1107/1119/950 1102/1114/950 1101/1117/950 1108/1120/950
f 1111/1123/951 1106/1118/951 1105/1121/951 1112/1124/951
f 1115/1127/952 1110/1122/952 1109/1125/952 1116/1128/952
f 1119/1131/953 1114/1126/953 1113/1129/953 1120/1132/953
f 1123/1135/954 1118/1130/954 1117/1133/954 1124/1136/954
f 1127/1139/955 1122/1134/955 1121/1137/955 1128/1140/955
f 1131/1143/956 1126/1138/956 1125/1141/956 1132/1144/956
f 1135/1147/957 1130/1142/957 1129/1145/957 1136/1148/957
f 1139/1151/958 1134/1146/958 1133/1149/958 1140/1152/958
f 1143/1155/959 1138/1150/959 1137/1153/959 1144/1156/959
f 1147/1159/960 1142/1154/960 1141/1157/960 1148/1160/960
f 1151/1163/961 1146/1158/961 1145/1161/961 1152/1164/961
f 1027/1039/962 1150/1162/962 1149/1165/962 1028/1040/962
f 962/1010/861 961/991/861 1025/1041/861 1028/1040/861
f 1026/1038/963 1031/1043/963 1030/1042/963 1035/1047/963 1034/1046/963 1039/1051/963 1038/1050/963 1043/1055/963 1042/1054/963 1047/1059/963 1046/1058/963 1051/1063/963 1050/1062/963 1055/1067/963 1054/1066/963 1059/1071/963 1058/1070/963 1063/1075/963 1062/1074/963 1067/1079/963 1066/1078/963 1071/1083/963 1070/1082/963 1075/1087/963 1074/1086/963 1079/1091/963 1078/1090/963 1083/1095/963 1082/1094/963 1087/1099/963 1086/1098/963 1091/1103/963 1090/1102/963 1095/1107/963 1094/1106/963 1099/1111/963 1098/1110/963 1103/1115/963 1102/1114/963 1107/1119/963 1106/1118/963 1111/1123/963 1110/1122/963 1115/1127/963 1114/1126/963 1119/1131/963 1118/1130/963 1123/1135/963 1122/1134/963 1127/1139/963 1126/1138/963 1131/1143/963 1130/1142/963 1135/1147/963 1134/1146/963 1139/1151/963 1138/1150/963 1143/1155/963 1142/1154/963 1147/1159/963 1146/1158/963 1151/1163/963 1150/1162/963 1027/1039/963
f 961/991/882 964/990/882 1032/1044/882 1025/1041/882
f 1023/984/880 962/1010/880 1028/1040/880 1149/1165/880
f 964/990/863 963/997/863 1029/1045/863 1032/1044/863
f 963/997/885 966/996/885 1036/1048/885 1029/1045/885
f 966/996/865 965/1002/865 1033/1049/865 1036/1048/865
f 965/1002/964 968/914/964 1040/1052/964 1033/1049/964
f 968/914/867 967/913/867 1037/1053/867 1040/1052/867
f 967/913/965 970/981/965 1044/1056/965 1037/1053/965
f 970/981/966 969/980/966 1041/1057/966 1044/1056/966
f 969/980/967 972/987/967 1048/1060/967 1041/1057/967
f 972/987/872 971/986/872 1045/1061/872 1048/1060/872
f 971/986/895 974/993/895 1052/1064/895 1045/1061/895
f 974/993/873 973/992/873 1049/1065/873 1052/1064/873
f 973/992/834 976/999/834 1056/1068/834 1049/1065/834
f 976/999/875 975/998/875 1053/1069/875 1056/1068/875
f 975/998/837 978/1004/837 1060/1072/837 1053/1069/837
f 978/1004/877 977/1003/877 1057/1073/877 1060/1072/877
f 977/1003/968 980/1007/968 1064/1076/968 1057/1073/968
f 980/1007/969 979/1006/969 1061/1077/969 1064/1076/969
f 979/1006/841 982/1009/841 1068/1080/841 1061/1077/841
f 982/1009/881 981/1008/881 1065/1081/881 1068/1080/881
f 981/1008/970 984/1012/970 1072/1084/970 1065/1081/970
f 984/1012/884 983/1011/884 1069/1085/884 1072/1084/884
f 983/1011/846 986/1014/846 1076/1088/846 1069/1085/846
f 986/1014/887 985/1013/887 1073/1089/887 1076/1088/887
f 985/1013/849 988/1016/849 1080/1092/849 1073/1089/849
f 988/1016/971 987/1015/971 1077/1093/971 1080/1092/971
f 987/1015/852 990/1018/852 1084/1096/852 1077/1093/852
f 990/1018/972 989/1017/972 1081/1097/972 1084/1096/972
f 989/1017/855 992/1020/855 1088/1100/855 1081/1097/855
f 992/1020/896 991/1019/896 1085/1101/896 1088/1100/896
f 991/1019/858 994/1022/858 1092/1104/858 1085/1101/858
f 994/1022/883 993/1021/883 1089/1105/883 1092/1104/883
f 993/1021/845 996/1024/845 1096/1108/845 1089/1105/845
f 996/1024/886 995/1023/886 1093/1109/886 1096/1108/886
f 995/1023/848 998/1026/848 1100/1112/848 1093/1109/848
f 998/1026/889 997/1025/889 1097/1113/889 1100/1112/889
f 997/1025/973 1000/1028/973 1104/1116/973 1097/1113/973
f 1000/1028/835 999/1027/835 1101/1117/835 1104/1116/835
f 999/1027/854 1002/1030/854 1108/1120/854 1101/1117/854
f 1002/1030/894 1001/1029/894 1105/1121/894 1108/1120/894
f 1001/1029/974 1004/1032/974 1112/1124/974 1105/1121/974
f 1004/1032/897 1003/1031/897 1109/1125/897 1112/1124/897
f 1003/1031/860 1006/1034/860 1116/1128/860 1109/1125/860
f 1006/1034/836 1005/1033/836 1113/1129/836 1116/1128/836
f 1005/1033/862 1008/1036/862 1120/1132/862 1113/1129/862
f 1008/1036/838 1007/1035/838 1117/1133/838 1120/1132/838
f 1007/1035/864 1010/1037/864 1124/1136/864 1117/1133/864
f 1010/1037/840 1009/977/840 1121/1137/840 1124/1136/840
f 1009/977/866 1012/976/866 1128/1140/866 1121/1137/866
f 1012/976/975 1011/983/975 1125/1141/975 1128/1140/975
f 1011/983/868 1014/982/868 1132/1144/868 1125/1141/868
f 1014/982/844 1013/989/844 1129/1145/844 1132/1144/844
f 1013/989/976 1016/988/976 1136/1148/976 1129/1145/976
f 1016/988/977 1015/995/977 1133/1149/977 1136/1148/977
f 1015/995/871 1018/994/871 1140/1152/871 1133/1149/871
f 1018/994/850 1017/1001/850 1137/1153/850 1140/1152/850
f 1017/1001/874 1020/1000/874 1144/1156/874 1137/1153/874
f 1020/1000/853 1019/1005/853 1141/1157/853 1144/1156/853
f 1019/1005/876 1022/979/876 1148/1160/876 1141/1157/876
f 1022/979/856 1021/978/856 1145/1161/856 1148/1160/856
f 1021/978/878 1024/985/878 1152/1164/878 1145/1161/878
f 1024/985/859 1023/984/859 1149/1165/859 1152/1164/859
f 1168/1166/978 1167/1167/978 1231/1168/978 1232/1169/978
f 854/872/979 853/871/979 1173/1170/979 1174/1171/979
f 895/883/980 894/875/980 1214/1172/980 1215/1173/980
f 843/888/981 842/878/981 1162/1174/981 1163/1175/981
f 856/882/982 855/881/982 1175/1176/982 1176/1177/982
f 845/850/983 844/849/983 1164/1178/983 1165/1179/983
f 858/892/984 857/889/984 1177/1180/984 1178/1181/984
f 847/858/985 846/857/985 1166/1182/985 1167/1167/985
f 860/898/986 859/893/986 1179/1183/986 1180/1184/986
f 849/867/987 848/866/987 1168/1166/987 1169/1185/987
f 862/904/988 861/899/988 1181/1186/988 1182/1187/988
f 851/855/989 850/873/989 1170/1188/989 1171/1189/989
f 864/908/990 863/905/990 1183/1190/990 1184/1191/990
f 853/871/991 852/856/991 1172/1192/991 1173/1170/991
f 866/862/992 865/861/992 1185/1193/992 1186/1194/992
f 855/881/993 854/872/993 1174/1171/993 1175/1176/993
f 868/877/994 867/876/994 1187/1195/994 1188/1196/994
f 857/889/995 856/882/995 1176/1177/995 1177/1180/995
f 870/886/996 869/885/996 1189/1197/996 1190/1198/996
f 859/893/997 858/892/997 1178/1181/997 1179/1183/997
f 872/853/998 871/895/998 1191/1199/998 1192/1200/998
f 861/899/999 860/898/999 1180/1184/999 1181/1186/999
f 874/863/1000 873/854/1000 1193/1201/1000 1194/1202/1000
f 863/905/1001 862/904/1001 1182/1187/1001 1183/1190/1001
f 876/870/1002 875/864/1002 1195/1203/1002 1196/1204/1002
f 865/861/1003 864/908/1003 1184/1191/1003 1185/1193/1003
f 878/852/1004 877/851/1004 1197/1205/1004 1198/1206/1004
f 867/876/1005 866/862/1005 1186/1194/1005 1187/1195/1005
f 880/869/1006 879/868/1006 1199/1207/1006 1200/1208/1006
f 869/885/1007 868/877/1007 1188/1196/1007 1189/1197/1007
f 882/880/1008 881/879/1008 1201/1209/1008 1202/1210/1008
f 871/895/1009 870/886/1009 1190/1198/1009 1191/1199/1009
f 884/890/1010 883/887/1010 1203/1211/1010 1204/1212/1010
f 873/854/1011 872/853/1011 1192/1200/1011 1193/1201/1011
f 886/896/1012 885/891/1012 1205/1213/1012 1206/1214/1012
f 834/900/1013 833/894/1013 1153/1215/1013 1154/1216/1013
f 875/864/1014 874/863/1014 1194/1202/1014 1195/1203/1014
f 888/902/1015 887/897/1015 1207/1217/1015 1208/1218/1015
f 836/906/1016 835/901/1016 1155/1219/1016 1156/1220/1016
f 877/851/1017 876/870/1017 1196/1204/1017 1197/1205/1017
f 890/907/1018 889/903/1018 1209/1221/1018 1210/1222/1018
f 838/844/1019 837/843/1019 1157/1223/1019 1158/1224/1019
f 879/868/1020 878/852/1020 1198/1206/1020 1199/1207/1020
f 892/860/1021 891/859/1021 1211/1225/1021 1212/1226/1021
f 840/846/1022 839/865/1022 1159/1227/1022 1160/847/1022
f 881/879/1023 880/869/1023 1200/1208/1023 1201/1209/1023
f 894/875/1024 893/874/1024 1213/1228/1024 1214/1172/1024
f 842/878/1025 841/845/1025 1161/848/1025 1162/1174/1025
f 883/887/1026 882/880/1026 1202/1210/1026 1203/1211/1026
f 896/884/1027 895/883/1027 1215/1173/1027 1216/1229/1027
f 844/849/1028 843/888/1028 1163/1175/1028 1164/1178/1028
f 885/891/1029 884/890/1029 1204/1212/1029 1205/1213/1029
f 833/894/1030 896/884/1030 1216/1229/1030 1153/1215/1030
f 846/857/1031 845/850/1031 1165/1179/1031 1166/1182/1031
f 887/897/1032 886/896/1032 1206/1214/1032 1207/1217/1032
f 835/901/1033 834/900/1033 1154/1216/1033 1155/1219/1033
f 848/866/1034 847/858/1034 1167/1167/1034 1168/1166/1034
f 889/903/1035 888/902/1035 1208/1218/1035 1209/1221/1035
f 837/843/1036 836/906/1036 1156/1220/1036 1157/1223/1036
f 850/873/1037 849/867/1037 1169/1185/1037 1170/1188/1037
f 891/859/1038 890/907/1038 1210/1222/1038 1211/1225/1038
f 839/865/1039 838/844/1039 1158/1224/1039 1159/1227/1039
f 852/856/1040 851/855/1040 1171/1189/1040 1172/1192/1040
f 893/874/1041 892/860/1041 1212/1226/1041 1213/1228/1041
f 1238/1230/1042 1237/1231/1042 1301/1232/1042 1302/1233/1042
f 1209/1221/1043 1208/1218/1043 1272/1234/1043 1273/1235/1043
f 1157/1223/1044 1156/1220/1044 1220/1236/1044 1221/1237/1044
f 1170/1188/1045 1169/1185/1045 1233/1238/1045 1234/1239/1045
f 1211/1225/1046 1210/1222/1046 1274/1240/1046 1275/1241/1046
f 1159/1227/1047 1158/1224/1047 1222/1242/1047 1223/1243/1047
f 1172/1192/1048 1171/1189/1048 1235/1244/1048 1236/1245/1048
f 1213/1228/1049 1212/1226/1049 1276/1246/1049 1277/1247/1049
f 1161/848/1050 1160/847/1050 1224/1248/1050 1225/1249/1050
f 1174/1171/1051 1173/1170/1051 1237/1231/1051 1238/1230/1051
f 1215/1173/1052 1214/1172/1052 1278/1250/1052 1279/1251/1052
f 1163/1175/1053 1162/1174/1053 1226/1252/1053 1227/1253/1053
f 1176/1177/1054 1175/1176/1054 1239/1254/1054 1240/1255/1054
f 1165/1179/1055 1164/1178/1055 1228/1256/1055 1229/1257/1055
f 1178/1181/1056 1177/1180/1056 1241/1258/1056 1242/1259/1056
f 1167/1167/1057 1166/1182/1057 1230/1260/1057 1231/1168/1057
f 1180/1184/1058 1179/1183/1058 1243/1261/1058 1244/1262/1058
f 1169/1185/1059 1168/1166/1059 1232/1169/1059 1233/1238/1059
f 1182/1187/1060 1181/1186/1060 1245/1263/1060 1246/1264/1060
f 1171/1189/1061 1170/1188/1061 1234/1239/1061 1235/1244/1061
f 1184/1191/1062 1183/1190/1062 1247/1265/1062 1248/1266/1062
f 1173/1170/1063 1172/1192/1063 1236/1245/1063 1237/1231/1063
f 1186/1194/1064 1185/1193/1064 1249/1267/1064 1250/1268/1064
f 1175/1176/1065 1174/1171/1065 1238/1230/1065 1239/1254/1065
f 1188/1196/1066 1187/1195/1066 1251/1269/1066 1252/1270/1066
f 1177/1180/1067 1176/1177/1067 1240/1255/1067 1241/1258/1067
f 1190/1198/1068 1189/1197/1068 1253/1271/1068 1254/1272/1068
f 1179/1183/1069 1178/1181/1069 1242/1259/1069 1243/1261/1069
f 1192/1200/1070 1191/1199/1070 1255/1273/1070 1256/1274/1070
f 1181/1186/1071 1180/1184/1071 1244/1262/1071 1245/1263/1071
f 1194/1202/1072 1193/1201/1072 1257/1275/1072 1258/1276/1072
f 1183/1190/1073 1182/1187/1073 1246/1264/1073 1247/1265/1073
f 1196/1204/1074 1195/1203/1074 1259/1277/1074 1260/1278/1074
f 1185/1193/1075 1184/1191/1075 1248/1266/1075 1249/1267/1075
f 1198/1206/1076 1197/1205/1076 1261/1279/1076 1262/1280/1076
f 1187/1195/1077 1186/1194/1077 1250/1268/1077 1251/1269/1077
f 1200/1208/1078 1199/1207/1078 1263/1281/1078 1264/1282/1078
f 1189/1197/1079 1188/1196/1079 1252/1270/1079 1253/1271/1079
f 1202/1210/1080 1201/1209/1080 1265/1283/1080 1266/1284/1080
f 1191/1199/1081 1190/1198/1081 1254/1272/1081 1255/1273/1081
f 1204/1212/1082 1203/1211/1082 1267/1285/1082 1268/1286/1082
f 1193/1201/1083 1192/1200/1083 1256/1274/1083 1257/1275/1083
f 1206/1214/1084 1205/1213/1084 1269/1287/1084 1270/1288/1084
f 1154/1216/1085 1153/1215/1085 1217/1289/1085 1218/1290/1085
f 1195/1203/1086 1194/1202/1086 1258/1276/1086 1259/1277/1086
f 1208/1218/1087 1207/1217/1087 1271/1291/1087 1272/1234/1087
f 1156/1220/1088 1155/1219/1088 1219/1292/1088 1220/1236/1088
f 1197/1205/1089 1196/1204/1089 1260/1278/1089 1261/1279/1089
f 1210/1222/1090 1209/1221/1090 1273/1235/1090 1274/1240/1090
f 1158/1224/1091 1157/1223/1091 1221/1237/1091 1222/1242/1091
f 1199/1207/1092 1198/1206/1092 1262/1280/1092 1263/1281/1092
f 1212/1226/1093 1211/1225/1093 1275/1241/1093 1276/1246/1093
f 1160/847/1094 1159/1227/1094 1223/1243/1094 1224/1248/1094
f 1201/1209/1095 1200/1208/1095 1264/1282/1095 1265/1283/1095
f 1214/1172/1096 1213/1228/1096 1277/1247/1096 1278/1250/1096
f 1162/1174/1097 1161/848/1097 1225/1249/1097 1226/1252/1097
f 1203/1211/1098 1202/1210/1098 1266/1284/1098 1267/1285/1098
f 1216/1229/1099 1215/1173/1099 1279/1251/1099 1280/1293/1099
f 1164/1178/1100 1163/1175/1100 1227/1253/1100 1228/1256/1100
f 1205/1213/1101 1204/1212/1101 1268/1286/1101 1269/1287/1101
f 1153/1215/1102 1216/1229/1102 1280/1293/1102 1217/1289/1102
f 1166/1182/1103 1165/1179/1103 1229/1257/1103 1230/1260/1103
f 1207/1217/1104 1206/1214/1104 1270/1288/1104 1271/1291/1104
f 1155/1219/1105 1154/1216/1105 1218/1290/1105 1219/1292/1105
f 1308/1294/1106 1307/1295/1106 1371/1296/1106 1372/1297/1106
f 1279/1251/1107 1278/1250/1107 1342/1298/1107 1343/1299/1107
f 1227/1253/1108 1226/1252/1108 1290/1300/1108 1291/1301/1108
f 1240/1255/1109 1239/1254/1109 1303/1302/1109 1304/1303/1109
f 1229/1257/1110 1228/1256/1110 1292/1304/1110 1293/1305/1110
f 1242/1259/1111 1241/1258/1111 1305/1306/1111 1306/1307/1111
f 1231/1168/1112 1230/1260/1112 1294/1308/1112 1295/1309/1112
f 1244/1262/1113 1243/1261/1113 1307/1295/1113 1308/1294/1113
f 1233/1238/1114 1232/1169/1114 1296/1310/1114 1297/1311/1114
f 1246/1264/1115 1245/1263/1115 1309/1312/1115 1310/1313/1115
f 1235/1244/1116 1234/1239/1116 1298/1314/1116 1299/1315/1116
f 1248/1266/1117 1247/1265/1117 1311/1316/1117 1312/1317/1117
f 1237/1231/1118 1236/1245/1118 1300/1318/1118 1301/1232/1118
f 1250/1268/1119 1249/1267/1119 1313/1319/1119 1314/1320/1119
f 1239/1254/1120 1238/1230/1120 1302/1233/1120 1303/1302/1120
f 1252/1270/1121 1251/1269/1121 1315/1321/1121 1316/1322/1121
f 1241/1258/1122 1240/1255/1122 1304/1303/1122 1305/1306/1122
f 1254/1272/1123 1253/1271/1123 1317/1323/1123 1318/1324/1123
f 1243/1261/1124 1242/1259/1124 1306/1307/1124 1307/1295/1124
f 1256/1274/1125 1255/1273/1125 1319/1325/1125 1320/1326/1125
f 1245/1263/1126 1244/1262/1126 1308/1294/1126 1309/1312/1126
f 1258/1276/1127 1257/1275/1127 1321/1327/1127 1322/1328/1127
f 1247/1265/1128 1246/1264/1128 1310/1313/1128 1311/1316/1128
f 1260/1278/1129 1259/1277/1129 1323/1329/1129 1324/1330/1129
f 1249/1267/1130 1248/1266/1130 1312/1317/1130 1313/1319/1130
f 1262/1280/1131 1261/1279/1131 1325/1331/1131 1326/1332/1131
f 1251/1269/1132 1250/1268/1132 1314/1320/1132 1315/1321/1132
f 1264/1282/1133 1263/1281/1133 1327/1333/1133 1328/1334/1133
f 1253/1271/1134 1252/1270/1134 1316/1322/1134 1317/1323/1134
f 1266/1284/1135 1265/1283/1135 1329/1335/1135 1330/1336/1135
f 1255/1273/1136 1254/1272/1136 1318/1324/1136 1319/1325/1136
f 1268/1286/1137 1267/1285/1137 1331/1337/1137 1332/1338/1137
f 1257/1275/1138 1256/1274/1138 1320/1326/1138 1321/1327/1138
f 1270/1288/1139 1269/1287/1139 1333/1339/1139 1334/1340/1139
f 1218/1290/1140 1217/1289/1140 1281/1341/1140 1282/1342/1140
f 1259/1277/1141 1258/1276/1141 1322/1328/1141 1323/1329/1141
f 1272/1234/1142 1271/1291/1142 1335/1343/1142 1336/1344/1142
f 1220/1236/1143 1219/1292/1143 1283/1345/1143 1284/1346/1143
f 1261/1279/1144 1260/1278/1144 1324/1330/1144 1325/1331/1144
f 1274/1240/1145 1273/1235/1145 1337/1347/1145 1338/1348/1145
f 1222/1242/1146 1221/1237/1146 1285/1349/1146 1286/1350/1146
f 1263/1281/1147 1262/1280/1147 1326/1332/1147 1327/1333/1147
f 1276/1246/1148 1275/1241/1148 1339/1351/1148 1340/1352/1148
f 1224/1248/1149 1223/1243/1149 1287/1353/1149 1288/1354/1149
f 1265/1283/1150 1264/1282/1150 1328/1334/1150 1329/1335/1150
f 1278/1250/1151 1277/1247/1151 1341/1355/1151 1342/1298/1151
f 1226/1252/1152 1225/1249/1152 1289/1356/1152 1290/1300/1152
f 1267/1285/1153 1266/1284/1153 1330/1336/1153 1331/1337/1153
f 1280/1293/1154 1279/1251/1154 1343/1299/1154 1344/1357/1154
f 1228/1256/1155 1227/1253/1155 1291/1301/1155 1292/1304/1155
f 1269/1287/1156 1268/1286/1156 1332/1338/1156 1333/1339/1156
f 1217/1289/1157 1280/1293/1157 1344/1357/1157 1281/1341/1157
f 1230/1260/1158 1229/1257/1158 1293/1305/1158 1294/1308/1158
f 1271/1291/1159 1270/1288/1159 1334/1340/1159 1335/1343/1159
f 1219/1292/1160 1218/1290/1160 1282/1342/1160 1283/1345/1160
f 1232/1169/1161 1231/1168/1161 1295/1309/1161 1296/1310/1161
f 1273/1235/1162 1272/1234/1162 1336/1344/1162 1337/1347/1162
f 1221/1237/1163 1220/1236/1163 1284/1346/1163 1285/1349/1163
f 1234/1239/1164 1233/1238/1164 1297/1311/1164 1298/1314/1164
f 1275/1241/1165 1274/1240/1165 1338/1348/1165 1339/1351/1165
f 1223/1243/1166 1222/1242/1166 1286/1350/1166 1287/1353/1166
f 1236/1245/1167 1235/1244/1167 1299/1315/1167 1300/1318/1167
f 1277/1247/1168 1276/1246/1168 1340/1352/1168 1341/1355/1168
f 1225/1249/1169 1224/1248/1169 1288/1354/1169 1289/1356/1169
f 1383/1358/1170 1382/1359/1170 1446/1360/1170 1447/1361/1170
f 1297/1311/1171 1296/1310/1171 1360/1362/1171 1361/1363/1171
f 1310/1313/1172 1309/1312/1172 1373/1364/1172 1374/1365/1172
f 1299/1315/1173 1298/1314/1173 1362/1366/1173 1363/1367/1173
f 1312/1317/1174 1311/1316/1174 1375/1368/1174 1376/1369/1174
f 1301/1232/1175 1300/1318/1175 1364/1370/1175 1365/1371/1175
f 1314/1320/1176 1313/1319/1176 1377/1372/1176 1378/1373/1176
f 1303/1302/1177 1302/1233/1177 1366/1374/1177 1367/1375/1177
f 1316/1322/1178 1315/1321/1178 1379/1376/1178 1380/1377/1178
f 1305/1306/1179 1304/1303/1179 1368/1378/1179 1369/1379/1179
f 1318/1324/1180 1317/1323/1180 1381/1380/1180 1382/1359/1180
f 1307/1295/1181 1306/1307/1181 1370/1381/1181 1371/1296/1181
f 1320/1326/1182 1319/1325/1182 1383/1358/1182 1384/1382/1182
f 1309/1312/1183 1308/1294/1183 1372/1297/1183 1373/1364/1183
f 1322/1328/1184 1321/1327/1184 1385/1383/1184 1386/1384/1184
f 1311/1316/1185 1310/1313/1185 1374/1365/1185 1375/1368/1185
f 1324/1330/1186 1323/1329/1186 1387/1385/1186 1388/1386/1186
f 1313/1319/1187 1312/1317/1187 1376/1369/1187 1377/1372/1187
f 1326/1332/1188 1325/1331/1188 1389/1387/1188 1390/1388/1188
f 1315/1321/1189 1314/1320/1189 1378/1373/1189 1379/1376/1189
f 1328/1334/1190 1327/1333/1190 1391/1389/1190 1392/1390/1190
f 1317/1323/1191 1316/1322/1191 1380/1377/1191 1381/1380/1191
f 1330/1336/1192 1329/1335/1192 1393/1391/1192 1394/1392/1192
f 1319/1325/1193 1318/1324/1193 1382/1359/1193 1383/1358/1193
f 1332/1338/1194 1331/1337/1194 1395/1393/1194 1396/1394/1194
f 1321/1327/1195 1320/1326/1195 1384/1382/1195 1385/1383/1195
f 1334/1340/1196 1333/1339/1196 1397/1395/1196 1398/1396/1196
f 1282/1342/1197 1281/1341/1197 1345/1397/1197 1346/1398/1197
f 1323/1329/1198 1322/1328/1198 1386/1384/1198 1387/1385/1198
f 1336/1344/1199 1335/1343/1199 1399/1399/1199 1400/1400/1199
f 1284/1346/1200 1283/1345/1200 1347/1401/1200 1348/1402/1200
f 1325/1331/1201 1324/1330/1201 1388/1386/1201 1389/1387/1201
f 1338/1348/1202 1337/1347/1202 1401/1403/1202 1402/1404/1202
f 1286/1350/1203 1285/1349/1203 1349/1405/1203 1350/1406/1203
f 1327/1333/1204 1326/1332/1204 1390/1388/1204 1391/1389/1204
f 1340/1352/1205 1339/1351/1205 1403/1407/1205 1404/1408/1205
f 1288/1354/1206 1287/1353/1206 1351/1409/1206 1352/1410/1206
f 1329/1335/1207 1328/1334/1207 1392/1390/1207 1393/1391/1207
f 1342/1298/1208 1341/1355/1208 1405/1411/1208 1406/1412/1208
f 1290/1300/1209 1289/1356/1209 1353/1413/1209 1354/1414/1209
f 1331/1337/1210 1330/1336/1210 1394/1392/1210 1395/1393/1210
f 1344/1357/1211 1343/1299/1211 1407/1415/1211 1408/1416/1211
f 1292/1304/1212 1291/1301/1212 1355/1417/1212 1356/1418/1212
f 1333/1339/1213 1332/1338/1213 1396/1394/1213 1397/1395/1213
f 1281/1341/1214 1344/1357/1214 1408/1416/1214 1345/1397/1214
f 1294/1308/1215 1293/1305/1215 1357/1419/1215 1358/1420/1215
f 1335/1343/1216 1334/1340/1216 1398/1396/1216 1399/1399/1216
f 1283/1345/1217 1282/1342/1217 1346/1398/1217 1347/1401/1217
f 1296/1310/1218 1295/1309/1218 1359/1421/1218 1360/1362/1218
f 1337/1347/1219 1336/1344/1219 1400/1400/1219 1401/1403/1219
f 1285/1349/1220 1284/1346/1220 1348/1402/1220 1349/1405/1220
f 1298/1314/1221 1297/1311/1221 1361/1363/1221 1362/1366/1221
f 1339/1351/1222 1338/1348/1222 1402/1404/1222 1403/1407/1222
f 1287/1353/1223 1286/1350/1223 1350/1406/1223 1351/1409/1223
f 1300/1318/1224 1299/1315/1224 1363/1367/1224 1364/1370/1224
f 1341/1355/1225 1340/1352/1225 1404/1408/1225 1405/1411/1225
f 1289/1356/1226 1288/1354/1226 1352/1410/1226 1353/1413/1226
f 1302/1233/1227 1301/1232/1227 1365/1371/1227 1366/1374/1227
f 1343/1299/1228 1342/1298/1228 1406/1412/1228 1407/1415/1228
f 1291/1301/1229 1290/1300/1229 1354/1414/1229 1355/1417/1229
f 1304/1303/1230 1303/1302/1230 1367/1375/1230 1368/1378/1230
f 1293/1305/1231 1292/1304/1231 1356/1418/1231 1357/1419/1231
f 1306/1307/1232 1305/1306/1232 1369/1379/1232 1370/1381/1232
f 1295/1309/1233 1294/1308/1233 1358/1420/1233 1359/1421/1233
f 1437/1422/1234 1436/1423/1234 1500/1424/1234 1501/1425/1234
f 1396/1394/1235 1395/1393/1235 1459/1426/1235 1460/1427/1235
f 1385/1383/1236 1384/1382/1236 1448/1428/1236 1449/1429/1236
f 1398/1396/1237 1397/1395/1237 1461/1430/1237 1462/1431/1237
f 1346/1398/1085 1345/1397/1085 1409/1432/1085 1410/1433/1085
f 1387/1385/1238 1386/1384/1238 1450/1434/1238 1451/1435/1238
f 1400/1400/1239 1399/1399/1239 1463/1436/1239 1464/1437/1239
f 1348/1402/1240 1347/1401/1240 1411/1438/1240 1412/1439/1240
f 1389/1387/1241 1388/1386/1241 1452/1440/1241 1453/1441/1241
f 1402/1404/1242 1401/1403/1242 1465/1442/1242 1466/1443/1242
f 1350/1406/1091 1349/1405/1091 1413/1444/1091 1414/1445/1091
f 1391/1389/1092 1390/1388/1092 1454/1446/1092 1455/1447/1092
f 1404/1408/1243 1403/1407/1243 1467/1448/1243 1468/1449/1243
f 1352/1410/1094 1351/1409/1094 1415/1450/1094 1416/1451/1094
f 1393/1391/1095 1392/1390/1095 1456/1452/1095 1457/1453/1095
f 1406/1412/1096 1405/1411/1096 1469/1454/1096 1470/1455/1096
f 1354/1414/1097 1353/1413/1097 1417/1456/1097 1418/1457/1097
f 1395/1393/1098 1394/1392/1098 1458/1458/1098 1459/1426/1098
f 1408/1416/1099 1407/1415/1099 1471/1459/1099 1472/1460/1099
f 1356/1418/1244 1355/1417/1244 1419/1461/1244 1420/1462/1244
f 1397/1395/1101 1396/1394/1101 1460/1427/1101 1461/1430/1101
f 1345/1397/1245 1408/1416/1245 1472/1460/1245 1409/1432/1245
f 1358/1420/1103 1357/1419/1103 1421/1463/1103 1422/1464/1103
f 1399/1399/1104 1398/1396/1104 1462/1431/1104 1463/1436/1104
f 1347/1401/1105 1346/1398/1105 1410/1433/1105 1411/1438/1105
f 1360/1362/978 1359/1421/978 1423/1465/978 1424/1466/978
f 1401/1403/1246 1400/1400/1246 1464/1437/1246 1465/1442/1246
f 1349/1405/1247 1348/1402/1247 1412/1439/1247 1413/1444/1247
f 1362/1366/1248 1361/1363/1248 1425/1467/1248 1426/1468/1248
f 1403/1407/1046 1402/1404/1046 1466/1443/1046 1467/1448/1046
f 1351/1409/1249 1350/1406/1249 1414/1445/1249 1415/1450/1249
f 1364/1370/1250 1363/1367/1250 1427/1469/1250 1428/1470/1250
f 1405/1411/1251 1404/1408/1251 1468/1449/1251 1469/1454/1251
f 1353/1413/1050 1352/1410/1050 1416/1451/1050 1417/1456/1050
f 1366/1374/1252 1365/1371/1252 1429/1471/1252 1430/1472/1252
f 1407/1415/1052 1406/1412/1052 1470/1455/1052 1471/1459/1052
f 1355/1417/1253 1354/1414/1253 1418/1457/1253 1419/1461/1253
f 1368/1378/1054 1367/1375/1054 1431/1473/1054 1432/1474/1054
f 1357/1419/1254 1356/1418/1254 1420/1462/1254 1421/1463/1254
f 1370/1381/1255 1369/1379/1255 1433/1475/1255 1434/1476/1255
f 1359/1421/1256 1358/1420/1256 1422/1464/1256 1423/1465/1256
f 1372/1297/1058 1371/1296/1058 1435/1477/1058 1436/1423/1058
f 1361/1363/1257 1360/1362/1257 1424/1466/1257 1425/1467/1257
f 1374/1365/1060 1373/1364/1060 1437/1422/1060 1438/1478/1060
f 1363/1367/1258 1362/1366/1258 1426/1468/1258 1427/1469/1258
f 1376/1369/1259 1375/1368/1259 1439/1479/1259 1440/1480/1259
f 1365/1371/1260 1364/1370/1260 1428/1470/1260 1429/1471/1260
f 1378/1373/1064 1377/1372/1064 1441/1481/1064 1442/1482/1064
f 1367/1375/1065 1366/1374/1065 1430/1472/1065 1431/1473/1065
f 1380/1377/1261 1379/1376/1261 1443/1483/1261 1444/1484/1261
f 1369/1379/1262 1368/1378/1262 1432/1474/1262 1433/1475/1262
f 1382/1359/1068 1381/1380/1068 1445/1485/1068 1446/1360/1068
f 1371/1296/1263 1370/1381/1263 1434/1476/1263 1435/1477/1263
f 1384/1382/1070 1383/1358/1070 1447/1361/1070 1448/1428/1070
f 1373/1364/1264 1372/1297/1264 1436/1423/1264 1437/1422/1264
f 1386/1384/1265 1385/1383/1265 1449/1429/1265 1450/1434/1265
f 1375/1368/1266 1374/1365/1266 1438/1478/1266 1439/1479/1266
f 1388/1386/1267 1387/1385/1267 1451/1435/1267 1452/1440/1267
f 1377/1372/1268 1376/1369/1268 1440/1480/1268 1441/1481/1268
f 1390/1388/1076 1389/1387/1076 1453/1441/1076 1454/1446/1076
f 1379/1376/1077 1378/1373/1077 1442/1482/1077 1443/1483/1077
f 1392/1390/1078 1391/1389/1078 1455/1447/1078 1456/1452/1078
f 1381/1380/1269 1380/1377/1269 1444/1484/1269 1445/1485/1269
f 1394/1392/1080 1393/1391/1080 1457/1453/1080 1458/1458/1080
f 1507/1486/1270 1506/1487/1270 1570/1488/1270 1571/1489/1270
f 1450/1434/1271 1449/1429/1271 1513/1490/1271 1514/1491/1271
f 1439/1479/1272 1438/1478/1272 1502/1492/1272 1503/1493/1272
f 1452/1440/1273 1451/1435/1273 1515/1494/1273 1516/1495/1273
f 1441/1481/1274 1440/1480/1274 1504/1496/1274 1505/1497/1274
f 1454/1446/1275 1453/1441/1275 1517/1498/1275 1518/1499/1275
f 1443/1483/1276 1442/1482/1276 1506/1487/1276 1507/1486/1276
f 1456/1452/1277 1455/1447/1277 1519/1500/1277 1520/1501/1277
f 1445/1485/1278 1444/1484/1278 1508/1502/1278 1509/1503/1278
f 1458/1458/1279 1457/1453/1279 1521/1504/1279 1522/1505/1279
f 1447/1361/1280 1446/1360/1280 1510/1506/1280 1511/1507/1280
f 1460/1427/1281 1459/1426/1281 1523/1508/1281 1524/1509/1281
f 1449/1429/1282 1448/1428/1282 1512/1510/1282 1513/1490/1282
f 1462/1431/1283 1461/1430/1283 1525/1511/1283 1526/1512/1283
f 1410/1433/1284 1409/1432/1284 1473/1513/1284 1474/1514/1284
f 1451/1435/1285 1450/1434/1285 1514/1491/1285 1515/1494/1285
f 1464/1437/1286 1463/1436/1286 1527/1515/1286 1528/1516/1286
f 1412/1439/1287 1411/1438/1287 1475/1517/1287 1476/1518/1287
f 1453/1441/1288 1452/1440/1288 1516/1495/1288 1517/1498/1288
f 1466/1443/1289 1465/1442/1289 1529/1519/1289 1530/1520/1289
f 1414/1445/1290 1413/1444/1290 1477/1521/1290 1478/1522/1290
f 1455/1447/1291 1454/1446/1291 1518/1499/1291 1519/1500/1291
f 1468/1449/1292 1467/1448/1292 1531/1523/1292 1532/1524/1292
f 1416/1451/1293 1415/1450/1293 1479/1525/1293 1480/1526/1293
f 1457/1453/1294 1456/1452/1294 1520/1501/1294 1521/1504/1294
f 1470/1455/1295 1469/1454/1295 1533/1527/1295 1534/1528/1295
f 1418/1457/1296 1417/1456/1296 1481/1529/1296 1482/1530/1296
f 1459/1426/1297 1458/1458/1297 1522/1505/1297 1523/1508/1297
f 1472/1460/1298 1471/1459/1298 1535/1531/1298 1536/1532/1298
f 1420/1462/1299 1419/1461/1299 1483/1533/1299 1484/1534/1299
f 1461/1430/1300 1460/1427/1300 1524/1509/1300 1525/1511/1300
f 1409/1432/1301 1472/1460/1301 1536/1532/1301 1473/1513/1301
f 1422/1464/1302 1421/1463/1302 1485/1535/1302 1486/1536/1302
f 1463/1436/1303 1462/1431/1303 1526/1512/1303 1527/1515/1303
f 1411/1438/1304 1410/1433/1304 1474/1514/1304 1475/1517/1304
f 1424/1466/1305 1423/1465/1305 1487/1537/1305 1488/1538/1305
f 1465/1442/1306 1464/1437/1306 1528/1516/1306 1529/1519/1306
f 1413/1444/1307 1412/1439/1307 1476/1518/1307 1477/1521/1307
f 1426/1468/1308 1425/1467/1308 1489/1539/1308 1490/1540/1308
f 1467/1448/1309 1466/1443/1309 1530/1520/1309 1531/1523/1309
f 1415/1450/1310 1414/1445/1310 1478/1522/1310 1479/1525/1310
f 1428/1470/1311 1427/1469/1311 1491/1541/1311 1492/1542/1311
f 1469/1454/1312 1468/1449/1312 1532/1524/1312 1533/1527/1312
f 1417/1456/1313 1416/1451/1313 1480/1526/1313 1481/1529/1313
f 1430/1472/1314 1429/1471/1314 1493/1543/1314 1494/1544/1314
f 1471/1459/1315 1470/1455/1315 1534/1528/1315 1535/1531/1315
f 1419/1461/1316 1418/1457/1316 1482/1530/1316 1483/1533/1316
f 1432/1474/1317 1431/1473/1317 1495/1545/1317 1496/1546/1317
f 1421/1463/1318 1420/1462/1318 1484/1534/1318 1485/1535/1318
f 1434/1476/1319 1433/1475/1319 1497/1547/1319 1498/1548/1319
f 1423/1465/1320 1422/1464/1320 1486/1536/1320 1487/1537/1320
f 1436/1423/1321 1435/1477/1321 1499/1549/1321 1500/1424/1321
f 1425/1467/1322 1424/1466/1322 1488/1538/1322 1489/1539/1322
f 1438/1478/1323 1437/1422/1323 1501/1425/1323 1502/1492/1323
f 1427/1469/1324 1426/1468/1324 1490/1540/1324 1491/1541/1324
f 1440/1480/1325 1439/1479/1325 1503/1493/1325 1504/1496/1325
f 1429/1471/1326 1428/1470/1326 1492/1542/1326 1493/1543/1326
f 1442/1482/1327 1441/1481/1327 1505/1497/1327 1506/1487/1327
f 1431/1473/1328 1430/1472/1328 1494/1544/1328 1495/1545/1328
f 1444/1484/1329 1443/1483/1329 1507/1486/1329 1508/1502/1329
f 1433/1475/1330 1432/1474/1330 1496/1546/1330 1497/1547/1330
f 1446/1360/1331 1445/1485/1331 1509/1503/1331 1510/1506/1331
f 1435/1477/1332 1434/1476/1332 1498/1548/1332 1499/1549/1332
f 1448/1428/1333 1447/1361/1333 1511/1507/1333 1512/1510/1333
f 1538/1550/1334 1537/1551/1334 1600/1552/1334 1599/1553/1334 1598/1554/1334 1597/1555/1334 1596/1556/1334 1595/1557/1334 1594/1558/1334 1593/1559/1334 1592/1560/1334 1591/1561/1334 1590/1562/1334 1589/1563/1334 1588/1564/1334 1587/1565/1334 1586/1566/1334 1585/1567/1334 1584/1568/1334 1583/1569/1334 1582/1570/1334 1581/1571/1334 1580/1572/1334 1579/1573/1334 1578/1574/1334 1577/1575/1334 1576/1576/1334 1575/1577/1334 1574/1578/1334 1573/1579/1334 1572/1580/1334 1571/1489/1334 1570/1488/1334 1569/1581/1334 1568/1582/1334 1567/1583/1334 1566/1584/1334 1565/1585/1334 1564/1586/1334 1563/1587/1334 1562/1588/1334 1561/1589/1334 1560/1590/1334 1559/1591/1334 1558/1592/1334 1557/1593/1334 1556/1594/1334 1555/1595/1334 1554/1596/1334 1553/1597/1334 1552/1598/1334 1551/1599/1334 1550/1600/1334 1549/1601/1334 1548/1602/1334 1547/1603/1334 1546/1604/1334 1545/1605/1334 1544/1606/1334 1543/1607/1334 1542/1608/1334 1541/1609/1334 1540/1610/1334 1539/1611/1334
f 1520/1501/1335 1519/1500/1335 1583/1569/1335 1584/1568/1335
f 1509/1503/1336 1508/1502/1336 1572/1580/1336 1573/1579/1336
f 1522/1505/1337 1521/1504/1337 1585/1567/1337 1586/1566/1337
f 1511/1507/1338 1510/1506/1338 1574/1578/1338 1575/1577/1338
f 1524/1509/1339 1523/1508/1339 1587/1565/1339 1588/1564/1339
f 1513/1490/1340 1512/1510/1340 1576/1576/1340 1577/1575/1340
f 1526/1512/1341 1525/1511/1341 1589/1563/1341 1590/1562/1341
f 1474/1514/1342 1473/1513/1342 1537/1551/1342 1538/1550/1342
f 1515/1494/1343 1514/1491/1343 1578/1574/1343 1579/1573/1343
f 1528/1516/1344 1527/1515/1344 1591/1561/1344 1592/1560/1344
f 1476/1518/1345 1475/1517/1345 1539/1611/1345 1540/1610/1345
f 1517/1498/1346 1516/1495/1346 1580/1572/1346 1581/1571/1346
f 1530/1520/1347 1529/1519/1347 1593/1559/1347 1594/1558/1347
f 1478/1522/1348 1477/1521/1348 1541/1609/1348 1542/1608/1348
f 1519/1500/1349 1518/1499/1349 1582/1570/1349 1583/1569/1349
f 1532/1524/1350 1531/1523/1350 1595/1557/1350 1596/1556/1350
f 1480/1526/1351 1479/1525/1351 1543/1607/1351 1544/1606/1351
f 1521/1504/1352 1520/1501/1352 1584/1568/1352 1585/1567/1352
f 1534/1528/1353 1533/1527/1353 1597/1555/1353 1598/1554/1353
f 1482/1530/1354 1481/1529/1354 1545/1605/1354 1546/1604/1354
f 1523/1508/1355 1522/1505/1355 1586/1566/1355 1587/1565/1355
f 1536/1532/1356 1535/1531/1356 1599/1553/1356 1600/1552/1356
f 1484/1534/1357 1483/1533/1357 1547/1603/1357 1548/1602/1357
f 1525/1511/1358 1524/1509/1358 1588/1564/1358 1589/1563/1358
f 1473/1513/1359 1536/1532/1359 1600/1552/1359 1537/1551/1359
f 1486/1536/1360 1485/1535/1360 1549/1601/1360 1550/1600/1360
f 1527/1515/1361 1526/1512/1361 1590/1562/1361 1591/1561/1361
f 1475/1517/1362 1474/1514/1362 1538/1550/1362 1539/1611/1362
f 1488/1538/1363 1487/1537/1363 1551/1599/1363 1552/1598/1363
f 1529/1519/1364 1528/1516/1364 1592/1560/1364 1593/1559/1364
f 1477/1521/1365 1476/1518/1365 1540/1610/1365 1541/1609/1365
f 1490/1540/1366 1489/1539/1366 1553/1597/1366 1554/1596/1366
f 1531/1523/1367 1530/1520/1367 1594/1558/1367 1595/1557/1367
f 1479/1525/1368 1478/1522/1368 1542/1608/1368 1543/1607/1368
f 1492/1542/1369 1491/1541/1369 1555/1595/1369 1556/1594/1369
f 1533/1527/1370 1532/1524/1370 1596/1556/1370 1597/1555/1370
f 1481/1529/1371 1480/1526/1371 1544/1606/1371 1545/1605/1371
f 1494/1544/1372 1493/1543/1372 1557/1593/1372 1558/1592/1372
f 1535/1531/1373 1534/1528/1373 1598/1554/1373 1599/1553/1373
f 1483/1533/1374 1482/1530/1374 1546/1604/1374 1547/1603/1374
f 1496/1546/1375 1495/1545/1375 1559/1591/1375 1560/1590/1375
f 1485/1535/1376 1484/1534/1376 1548/1602/1376 1549/1601/1376
f 1498/1548/1377 1497/1547/1377 1561/1589/1377 1562/1588/1377
f 1487/1537/1378 1486/1536/1378 1550/1600/1378 1551/1599/1378
f 1500/1424/1379 1499/1549/1379 1563/1587/1379 1564/1586/1379
f 1489/1539/1380 1488/1538/1380 1552/1598/1380 1553/1597/1380
f 1502/1492/1381 1501/1425/1381 1565/1585/1381 1566/1584/1381
f 1491/1541/1382 1490/1540/1382 1554/1596/1382 1555/1595/1382
f 1504/1496/1383 1503/1493/1383 1567/1583/1383 1568/1582/1383
f 1493/1543/1384 1492/1542/1384 1556/1594/1384 1557/1593/1384
f 1506/1487/1385 1505/1497/1385 1569/1581/1385 1570/1488/1385
f 1495/1545/1386 1494/1544/1386 1558/1592/1386 1559/1591/1386
f 1508/1502/1387 1507/1486/1387 1571/1489/1387 1572/1580/1387
f 1497/1547/1388 1496/1546/1388 1560/1590/1388 1561/1589/1388
f 1510/1506/1389 1509/1503/1389 1573/1579/1389 1574/1578/1389
f 1499/1549/1390 1498/1548/1390 1562/1588/1390 1563/1587/1390
f 1512/1510/1391 1511/1507/1391 1575/1577/1391 1576/1576/1391
f 1501/1425/1392 1500/1424/1392 1564/1586/1392 1565/1585/1392
f 1514/1491/1393 1513/1490/1393 1577/1575/1393 1578/1574/1393
f 1503/1493/1394 1502/1492/1394 1566/1584/1394 1567/1583/1394
f 1516/1495/1395 1515/1494/1395 1579/1573/1395 1580/1572/1395
f 1505/1497/1396 1504/1496/1396 1568/1582/1396 1569/1581/1396
f 1518/1499/1397 1517/1498/1397 1581/1571/1397 1582/1570/1397
o Cylinder.001
v 8.490932 3.059376 3.992718
v 8.312073 3.039914 4.080062
v 8.644100 3.051100 3.939790
v 8.538738 3.050000 3.931668
v 8.626637 3.049756 3.821360
v 8.752660 3.040822 3.662226
v 8.710307 3.044842 3.859050
v 8.481767 3.036367 3.861533
v 8.617984 2.677189 3.838241
v 8.744007 2.668255 3.679107
v 8.616712 2.622436 3.840722
v 8.701653 2.672275 3.875932
v 8.700380 2.617522 3.878411
v 8.754945 2.679092 3.950495
v 8.753674 2.624339 3.952976
v 8.886266 2.670233 3.795687
v 8.763599 3.051659 3.933615
v 8.622192 3.061198 4.100316
v 8.894919 3.042801 3.778805
v 8.753001 3.040178 4.083689
v 8.572152 3.043583 4.293083
v 8.920951 3.037015 3.889230
v 8.751801 3.087947 4.211026
v 8.634969 3.094252 4.343122
v 8.860298 3.082092 4.088353
v 8.810904 3.134576 4.267125
v 8.692174 3.144703 4.398503
v 8.921165 3.125172 4.145121
v 8.869364 3.173167 4.318776
v 8.748930 3.182787 4.449085
v 8.981206 3.164234 4.197762
v 8.924666 3.218684 4.367313
v 8.802855 3.227118 4.496408
v 9.037790 3.210852 4.247428
v 8.976351 3.270598 4.413357
v 8.853212 3.277755 4.541275
v 9.090705 3.263952 4.294565
v 9.023192 3.329564 4.455960
v 8.898893 3.335200 4.582818
v 9.138624 3.324329 4.338151
v 9.065548 3.393951 4.495287
v 8.940154 3.397989 4.621133
v 9.181995 3.390201 4.378418
v 9.102137 3.464101 4.530309
v 8.975845 3.466342 4.655291
v 9.219418 3.462019 4.414243
v 9.133545 3.538486 4.561396
v 9.006433 3.538870 4.685571
v 9.251589 3.538130 4.446078
v 9.158471 3.617123 4.587492
v 9.030758 3.615504 4.711031
v 9.277073 3.618628 4.472766
v 9.177745 3.698651 4.609126
v 9.049523 3.694987 4.732083
v 9.296818 3.702055 4.494941
v 9.190240 3.782769 4.625085
v 9.061797 3.776975 4.747597
v 9.309522 3.788150 4.511312
v 9.196779 3.868318 4.636276
v 9.068196 3.860373 4.758412
v 9.316189 3.875696 4.522853
v 9.196012 3.954659 4.641873
v 9.067493 3.944533 4.763885
v 9.315366 3.964061 4.528567
v 9.189155 4.040907 4.642658
v 9.060748 4.028599 4.764650
v 9.308399 4.052338 4.529368
v 9.175018 4.126134 4.637852
v 9.046945 4.111674 4.760058
v 9.293959 4.139563 4.524363
v 9.155121 4.209768 4.628069
v 9.027486 4.193184 4.750536
v 9.273652 4.225170 4.514338
v 9.128713 4.290661 4.612403
v 9.001762 4.272048 4.735302
v 9.246606 4.307947 4.498270
v 9.096915 4.368505 4.592010
v 8.970713 4.347903 4.715427
v 9.214115 4.387638 4.477397
v 9.059119 4.441940 4.566228
v 8.933899 4.419505 4.690321
v 9.175408 4.462775 4.450990
v 9.016460 4.510993 4.536267
v 8.892308 4.486791 4.661077
v 9.131757 4.533469 4.420361
v 8.968497 4.574126 4.501624
v 8.845579 4.548357 4.627330
v 9.082647 4.598056 4.384886
v 8.916524 4.631718 4.463305
v 8.794899 4.604464 4.589960
v 9.029475 4.657028 4.345686
v 8.860344 4.682133 4.421019
v 8.740155 4.653639 4.548759
v 8.971960 4.708594 4.302391
v 8.801114 4.726057 4.375757
v 8.682406 4.696418 4.504626
v 8.911355 4.753582 4.256082
v 8.738881 4.761818 4.327442
v 8.621757 4.731314 4.457543
v 8.847650 4.790147 4.206623
v 8.674660 4.790388 4.276989
v 8.559147 4.759122 4.408353
v 8.781930 4.819423 4.154994
v 8.608747 4.810120 4.224523
v 8.494908 4.778396 4.357221
v 8.714467 4.839580 4.101291
v 8.542003 4.822234 4.170816
v 8.429845 4.790163 4.304867
v 8.646159 4.852016 4.046329
v 8.474966 4.825180 4.116192
v 8.364501 4.793076 4.251623
v 8.577551 4.854993 3.990422
v 8.408274 4.820375 4.061282
v 8.299496 4.788352 4.198100
v 8.509291 4.850114 3.934223
v 8.342677 4.806421 4.006612
v 8.235551 4.774791 4.144809
v 8.442162 4.835794 3.878274
v 8.278582 4.784882 3.952631
v 8.173084 4.753755 4.092197
v 8.376554 4.813787 3.823022
v 8.216944 4.754564 3.900023
v 8.112988 4.724242 4.040909
v 8.313481 4.782722 3.769186
v 8.157924 4.717117 3.849026
v 8.055476 4.687704 3.991211
v 8.253063 4.744433 3.716984
v 8.102627 4.671601 3.800479
v 8.001557 4.643373 3.943877
v 8.196486 4.697815 3.667310
v 8.050946 4.619687 3.754432
v 7.951203 4.592737 3.899007
v 8.143576 4.644714 3.620171
v 8.004098 4.560720 3.711838
v 7.905515 4.535290 3.857472
v 8.095648 4.584337 3.576591
v 7.961736 4.496334 3.672518
v 7.864248 4.472502 3.819165
v 8.052270 4.518466 3.536333
v 7.925152 4.426185 3.637492
v 7.828561 4.404149 3.785002
v 8.014853 4.446649 3.500503
v 7.893750 4.351799 3.606395
v 7.797980 4.331621 3.754714
v 7.982688 4.370537 3.468658
v 7.868822 4.273161 3.580301
v 7.773653 4.254987 3.729255
v 7.957202 4.290039 3.441972
v 7.849571 4.191635 3.558643
v 7.754919 4.175506 3.708168
v 7.937471 4.206613 3.419784
v 7.837267 4.107533 3.542470
v 7.742893 4.093538 3.692377
v 7.924909 4.120529 3.403254
v 7.830923 4.022000 3.531060
v 7.736742 4.010160 3.681283
v 7.918386 4.032996 3.391552
v 7.831715 3.935664 3.525432
v 7.737481 3.926006 3.675770
v 7.919226 3.944633 3.385818
v 7.838511 3.849411 3.524725
v 7.744137 3.841934 3.675108
v 7.926150 3.856354 3.385070
v 7.852364 3.764159 3.529862
v 7.757610 3.758829 3.680089
v 7.940358 3.769109 3.390352
v 7.872040 3.680501 3.539883
v 7.776818 3.677295 3.689881
v 7.960466 3.683479 3.400583
v 7.898421 3.599609 3.555590
v 7.802505 3.598431 3.705167
v 7.987494 3.600703 3.416683
v 7.930223 3.521760 3.575951
v 7.833530 3.522567 3.725039
v 8.020015 3.521012 3.437497
v 7.968125 3.448339 3.601615
v 7.870450 3.450977 3.750030
v 8.058834 3.445887 3.463785
v 8.010834 3.379292 3.631525
v 7.912105 3.383700 3.779207
v 8.102521 3.375198 3.494377
v 8.058797 3.316160 3.666168
v 7.958834 3.322134 3.812955
v 8.151629 3.310612 3.529851
v 8.110765 3.258567 3.704493
v 8.009509 3.266027 3.850331
v 8.204796 3.251639 3.569057
v 8.166945 3.208152 3.746781
v 8.064251 3.216852 3.891534
v 8.262310 3.200073 3.612353
v 8.226174 3.164227 3.792041
v 8.122002 3.174073 3.935667
v 8.322916 3.155084 3.658662
v 8.288958 3.127321 3.839693
v 8.183392 3.137631 3.981853
v 8.386992 3.117747 3.707675
v 8.356374 3.082454 3.887199
v 8.455351 3.076465 3.756730
v 8.249795 3.088902 4.027692
v 7.870576 3.148737 4.523943
v 7.551968 3.179455 4.944024
v 7.812924 3.176015 4.480157
v 7.918824 3.032440 4.567782
v 7.900316 2.576135 4.614720
v 7.643751 2.880913 4.951016
v 7.604088 2.912838 5.040497
v 7.601257 3.148388 5.103019
v 7.392273 3.195744 5.262383
v 7.766137 2.774884 4.812369
v 7.605267 2.626417 5.041995
v 7.773859 2.456901 4.800201
v 7.891325 2.317986 4.625752
v 7.599465 2.445205 5.048825
v 7.753938 2.243817 4.823227
v 7.622040 2.062168 4.993133
v 7.886672 2.184395 4.631459
v 7.626971 2.227146 5.027741
v 7.569970 2.176227 5.081607
v 7.596497 2.309895 5.098110
v 7.579389 2.131145 5.119842
v 7.606641 2.468904 5.085846
v 7.613169 2.288491 5.133084
v 7.620300 2.477192 5.117511
v 7.602875 2.128348 5.138873
v 7.635935 2.286469 5.151350
v 7.633270 2.126511 5.165636
v 7.644777 2.477448 5.143202
v 7.667577 2.286816 5.177371
v 7.670732 2.477803 5.164478
v 7.656796 2.126838 5.184888
v 7.689974 2.289528 5.196025
v 7.688851 2.129364 5.209473
v 7.700563 2.478224 5.183508
v 7.726720 2.311480 5.205443
v 7.734216 2.470495 5.190850
v 7.712088 2.132811 5.228703
v 7.789939 2.228377 5.163118
v 7.750376 2.178314 5.229918
v 7.771726 2.447301 5.191215
v 7.966574 2.245621 4.997793
v 7.981399 2.459190 4.971049
v 7.826855 2.063063 5.163466
v 8.128898 2.185623 4.830890
v 8.131334 2.319864 4.823425
v 8.126460 2.051382 4.838352
v 8.415545 2.143001 4.480590
v 8.433468 2.273687 4.453427
v 8.397625 2.012316 4.507754
v 8.391470 2.127330 4.432145
v 8.362691 2.070570 4.372628
v 8.374664 2.144416 4.355097
v 8.368006 1.978868 4.472968
v 8.419175 2.389882 4.386160
v 8.390657 2.276175 4.332114
v 8.396170 2.319435 4.255280
v 8.472404 2.414332 4.292797
v 8.468101 2.526222 4.400936
v 8.412990 2.402222 4.233171
v 8.615023 2.525367 4.114906
v 8.646914 2.628084 4.167146
v 8.542072 2.510849 4.067509
v 8.487008 2.523598 4.009932
v 8.427780 2.625059 3.987601
v 8.342691 2.412841 4.186456
v 8.235560 2.523357 4.210440
v 8.262139 2.388198 4.257475
v 8.322710 2.275428 4.276504
v 8.227386 2.126722 4.297602
v 8.195444 2.272202 4.258390
v 8.174683 2.142231 4.283204
v 8.153923 2.012261 4.308020
v 7.882020 2.050804 4.637169
v 8.142296 1.925350 4.318572
v 8.194798 1.979065 4.330818
v 8.285852 2.042487 4.325068
v 8.338231 1.961843 4.333008
v 8.253842 1.893256 4.289208
v 8.230576 1.799021 4.313829
v 8.336747 1.881995 4.336498
v 8.314549 1.785791 4.365597
v 8.399124 1.892354 4.408178
v 8.381493 1.797327 4.437374
v 8.391315 1.924266 4.522597
v 8.385005 1.836217 4.537439
v 8.126644 1.957390 4.841871
v 8.126828 1.863398 4.845389
v 7.841346 1.981807 5.151537
v 7.855837 1.900551 5.139607
v 7.736031 1.879434 5.191830
v 7.712382 1.949695 5.214113
v 7.759681 1.809174 5.169546
v 7.665557 1.862891 5.153728
v 7.687072 1.792821 5.128473
v 7.644040 1.932961 5.178983
v 7.614355 1.879836 5.091262
v 7.632499 1.810239 5.064535
v 7.596210 1.949433 5.117987
v 7.631971 1.981900 4.977702
v 7.641905 1.901632 4.962272
v 7.880102 1.957980 4.639060
v 7.878186 1.865156 4.640952
v 7.876269 1.772332 4.642844
v 8.130668 1.838439 4.329124
v 8.119040 1.751528 4.339679
v 8.107413 1.664617 4.350231
v 8.207309 1.704787 4.338452
v 8.184043 1.610551 4.363075
v 8.292353 1.689586 4.394695
v 8.270156 1.593382 4.423792
v 8.363862 1.702300 4.466571
v 8.346231 1.607274 4.495767
v 8.378695 1.748168 4.552283
v 8.372385 1.660118 4.567126
v 8.127013 1.769406 4.848909
v 8.127197 1.675414 4.852427
v 7.870328 1.819296 5.127679
v 7.884819 1.738040 5.115749
v 7.783331 1.738912 5.147263
v 7.806980 1.668652 5.124980
v 7.708589 1.722751 5.103219
v 7.730103 1.652682 5.077965
v 7.650643 1.740642 5.037810
v 7.668787 1.671045 5.011085
v 7.651836 1.821364 4.946840
v 7.661768 1.741097 4.931411
v 7.874353 1.679507 4.644736
v 7.915714 1.560386 4.697908
v 7.993837 1.527958 4.760194
v 8.069513 1.556928 4.823931
v 8.353593 2.039749 4.357502
v 8.309811 2.039672 4.321483
v 8.316648 2.064529 4.315014
v 8.330947 2.137476 4.295897
v 8.358063 2.064712 4.349096
v 8.292222 2.070349 4.315074
v 8.305776 2.144221 4.298668
v 8.372584 2.137611 4.330107
v 8.387090 2.262061 4.307899
v 8.347468 2.261574 4.275442
v 8.354619 2.042461 4.381309
v 8.451075 2.941975 3.952857
v 8.671108 2.945028 4.133144
v 8.672806 3.051861 4.041606
v 8.136045 2.579270 4.809005
v 8.171665 3.035950 4.774850
v 7.966763 2.776862 4.975760
v 7.852305 2.883725 5.122308
v 7.774152 2.628753 5.181893
v 7.771763 2.915138 5.178473
v 7.736543 2.655889 5.181867
v 7.731956 2.921514 5.179874
v 7.700859 2.674853 5.177660
v 7.701460 2.920782 5.176112
v 7.671961 2.674219 5.160198
v 7.670553 2.924776 5.154153
v 7.645503 2.673851 5.138497
v 7.647548 2.924464 5.135312
v 7.622715 2.673793 5.113501
v 7.620031 2.919637 5.109303
v 7.611978 2.654224 5.079254
v 7.610387 2.919824 5.079939
v 7.654078 3.161168 5.146811
v 7.707638 3.149866 5.190091
v 7.488866 3.191775 5.348027
v 7.316035 3.219023 5.558603
v 7.538907 3.194515 5.389281
v 7.438440 3.193114 5.307174
v 7.268927 3.220148 5.520259
v 7.222187 3.229589 5.482611
v 7.188735 3.233390 5.621132
v 7.128653 3.258193 5.698778
v 7.143502 3.242507 5.584781
v 7.234238 3.232293 5.658259
v 7.171974 3.257126 5.733866
v 7.279588 3.234669 5.695519
v 7.215137 3.259444 5.769093
v 7.362994 3.221464 5.597075
v 7.323944 3.245020 5.732611
v 7.408859 3.232184 5.635448
v 7.257236 3.269225 5.804326
v 7.367632 3.258770 5.769388
v 7.298697 3.282315 5.839234
v 7.454022 3.246394 5.673518
v 7.409238 3.280189 5.804893
v 7.497035 3.268561 5.710256
v 7.338111 3.302597 5.873063
v 7.449671 3.304804 5.839669
v 7.376373 3.325993 5.906197
v 7.538852 3.294006 5.746239
v 7.486789 3.336460 5.872387
v 7.577248 3.326760 5.780062
v 7.411741 3.356019 5.937127
v 7.522281 3.370985 5.903993
v 7.445521 3.388838 5.966978
v 7.613974 3.362457 5.812741
v 7.553596 3.411666 5.932538
v 7.646358 3.404544 5.842257
v 7.475197 3.427420 5.994182
v 7.582900 3.454778 5.959609
v 7.502919 3.468368 6.019949
v 7.676680 3.449123 5.870261
v 7.607142 3.502917 5.982959
v 7.701745 3.498921 5.894401
v 7.526030 3.514046 6.042051
v 7.629065 3.552956 6.004545
v 7.546884 3.561574 6.062430
v 7.724425 3.550668 5.916738
v 7.645365 3.606707 6.021733
v 7.741256 3.606268 5.934527
v 7.562283 3.612570 6.078906
v 7.659220 3.661760 6.036836
v 7.575193 3.664829 6.093454
v 7.755682 3.663210 5.950071
v 7.667433 3.719091 6.046728
v 7.764648 3.722543 5.959794
v 7.582699 3.719224 6.103168
v 7.672974 3.777066 6.054482
v 7.587597 3.774244 6.110804
v 7.770876 3.782538 5.967320
v 7.671861 3.835726 6.057616
v 7.769816 3.843229 5.970449
v 7.586423 3.829904 6.113965
v 7.667857 3.894332 6.058744
v 7.582644 3.885529 6.114964
v 7.765579 3.903848 5.971731
v 7.657202 3.952008 6.055269
v 7.754056 3.963454 5.968638
v 7.572959 3.940321 6.111310
v 7.643934 4.008965 6.049612
v 7.560717 3.994416 6.105540
v 7.739861 4.022322 5.963293
v 7.625277 4.063549 6.038509
v 7.720492 4.078767 5.951862
v 7.543248 4.046266 6.094785
v 7.604295 4.116779 6.025215
v 7.523419 4.096788 6.081992
v 7.698835 4.133833 5.938087
v 7.578003 4.166152 6.007288
v 7.671600 4.184886 5.919568
v 7.498359 4.143670 6.065158
v 7.549555 4.213564 5.987455
v 7.471203 4.188641 6.046466
v 7.642153 4.233926 5.899102
v 7.516505 4.255804 5.963503
v 7.607978 4.277608 5.874301
v 7.439942 4.228775 6.023638
v 7.481659 4.295561 5.937900
v 7.406920 4.266488 5.999213
v 7.571971 4.318744 5.847798
v 7.443146 4.329059 5.908830
v 7.532139 4.353379 5.817720
v 7.370380 4.298321 5.971633
v 7.403269 4.359648 5.878427
v 7.332523 4.327323 5.942739
v 7.490891 4.385028 5.786289
v 7.360773 4.383113 5.845351
v 7.446899 4.409276 5.752113
v 7.292076 4.349633 5.911505
v 7.317383 4.403351 5.811318
v 7.250744 4.368797 5.879356
v 7.402006 4.430218 5.716941
v 7.272499 4.415867 5.775558
v 7.355632 4.443161 5.679892
v 7.208353 4.380733 5.845154
v 7.227240 4.424969 5.739238
v 7.165604 4.389346 5.810403
v 7.308868 4.452600 5.642276
v 7.181758 4.426081 5.702080
v 7.261786 4.453726 5.603892
v 7.122217 4.390430 5.775389
v 7.136432 4.423721 5.664791
v 7.078992 4.388134 5.740238
v 7.214855 4.451288 5.565385
v 7.092043 4.413365 5.627746
v 7.168958 4.440566 5.527055
v 7.036958 4.378352 5.704931
v 7.048326 4.399608 5.591009
v 6.995562 4.365253 5.669948
v 7.123763 4.426356 5.489025
v 7.006756 4.378185 5.555459
v 7.080791 4.404190 5.452236
v 6.956105 4.344958 5.636173
v 6.966360 4.353569 5.520632
v 6.917807 4.321554 5.603086
v 7.039011 4.378743 5.416207
v 6.929214 4.321918 5.487943
v 7.000566 4.345989 5.382444
v 6.882420 4.291539 5.572166
v 6.893691 4.287399 5.456374
v 6.848610 4.258729 5.542345
v 6.963795 4.310292 5.349818
v 6.862396 4.246713 5.427815
v 6.931464 4.268207 5.320240
v 6.819003 4.220147 5.515064
v 6.833108 4.203597 5.400724
v 6.791355 4.179197 5.489216
v 6.901195 4.223628 5.292173
v 6.808843 4.155459 5.377398
v 6.876081 4.173828 5.268091
v 6.768195 4.133518 5.467166
v 6.786901 4.105424 5.355828
v 6.747304 4.085992 5.446820
v 6.853349 4.122079 5.245818
v 6.770645 4.051673 5.338593
v 6.836555 4.066482 5.227981
v 6.731863 4.034986 5.430410
v 6.756930 3.996627 5.323350
v 6.718891 3.982718 5.415954
v 6.822381 4.009556 5.212178
v 6.749233 3.939331 5.312951
v 6.814437 3.950292 5.201422
v 6.711620 3.928344 5.405972
v 6.744208 3.881394 5.304684
v 6.706960 3.873348 5.398055
v 6.809227 3.890371 5.192865
v 6.745468 3.822760 5.301389
v 6.810527 3.829726 5.189487
v 6.708004 3.817677 5.395044
v 6.749420 3.764163 5.300299
v 6.711668 3.762042 5.394183
v 6.814593 3.769118 5.188369
v 6.759482 3.706436 5.304381
v 6.825014 3.709414 5.192594
v 6.721285 3.707245 5.397911
v 6.772151 3.649423 5.310656
v 6.733437 3.653144 5.403781
v 6.838118 3.650443 5.199062
v 6.790711 3.594828 5.321847
v 6.857330 3.593981 5.210634
v 6.750971 3.601298 5.414449
v 6.811702 3.541597 5.335120
v 6.770874 3.550781 5.427141
v 6.879034 3.538920 5.224347
v 6.837985 3.492226 5.353070
v 6.906225 3.487865 5.242924
v 6.795863 3.503897 5.444071
v 6.866425 3.444817 5.372916
v 6.822958 3.458924 5.462844
v 6.935625 3.438822 5.263453
v 6.899504 3.402574 5.396828
v 6.969832 3.395140 5.288209
v 6.854206 3.418781 5.485675
v 6.934372 3.362814 5.422394
v 6.887196 3.381057 5.510125
v 7.005880 3.354006 5.314658
v 6.972843 3.329316 5.451518
v 7.045687 3.319372 5.344770
v 6.923831 3.349235 5.537593
v 7.012683 3.298728 5.481975
v 6.961793 3.320249 5.566369
v 7.086906 3.287723 5.376241
v 7.055215 3.275272 5.515007
v 7.130920 3.263474 5.410385
v 7.002130 3.297944 5.597746
v 7.098643 3.255039 5.548992
v 7.175838 3.242533 5.445525
v 7.043356 3.278778 5.630029
v 7.001024 3.367405 5.725137
v 7.085828 3.266821 5.664124
v 7.035411 3.357472 5.754292
v 6.996433 3.441318 5.828132
v 7.070257 3.350238 5.783686
v 7.024182 3.435708 5.852467
v 7.106770 3.349453 5.811921
v 7.054222 3.434838 5.874637
v 7.143284 3.351411 5.840103
v 7.084481 3.436772 5.896487
v 7.178151 3.359547 5.869214
v 7.112890 3.443094 5.919816
v 7.212221 3.370327 5.898408
v 7.140026 3.452053 5.943798
v 7.244287 3.387095 5.927058
v 7.165475 3.465294 5.967693
v 7.275576 3.406386 5.954965
v 7.190383 3.481114 5.990527
v 7.305293 3.431305 5.979980
v 7.214894 3.501052 6.010384
v 7.333768 3.458482 6.004076
v 7.238209 3.523285 6.029230
v 7.358094 3.490418 6.026832
v 7.257926 3.548889 6.047859
v 7.380795 3.524259 6.048488
v 7.275915 3.576414 6.065478
v 7.400165 3.562104 6.066438
v 7.291956 3.606860 6.079881
v 7.417659 3.601434 6.083064
v 7.306005 3.638803 6.093054
v 7.429856 3.643602 6.097314
v 7.315619 3.672731 6.105284
v 7.440112 3.686793 6.109934
v 7.323362 3.707708 6.115733
v 7.446716 3.731857 6.117414
v 7.329309 3.744107 6.121471
v 7.451297 3.777432 6.123128
v 7.333328 3.781036 6.125259
v 7.450201 3.823482 6.125834
v 7.332682 3.818253 6.127593
v 7.446798 3.869485 6.127048
v 7.329353 3.855391 6.128836
v 7.438443 3.914795 6.124406
v 7.322376 3.892024 6.127414
v 7.428228 3.959561 6.119814
v 7.313845 3.928136 6.123610
v 7.414397 4.002516 6.110103
v 7.303449 3.963012 6.115226
v 7.398578 4.044393 6.098853
v 7.290890 3.996781 6.105456
v 7.377206 4.083114 6.085644
v 7.273320 4.028187 6.095512
v 7.354098 4.120291 6.070993
v 7.253911 4.058017 6.084197
v 7.328550 4.153508 6.051662
v 7.233613 4.085076 6.068460
v 7.301751 4.184787 6.030841
v 7.212325 4.110197 6.050876
v 7.271636 4.211113 6.007833
v 7.188329 4.131725 6.032111
v 7.240199 4.235136 5.984087
v 7.162557 4.150883 6.013129
v 7.205987 4.253508 5.959126
v 7.134268 4.165932 5.993916
v 7.171322 4.269369 5.933111
v 7.105942 4.178477 5.973114
v 7.137328 4.279320 5.903463
v 7.079453 4.186893 5.948041
v 7.102950 4.286578 5.873489
v 7.052414 4.192558 5.922827
v 7.066119 4.287348 5.845639
v 7.021947 4.193390 5.901175
v 7.029276 4.285376 5.817855
v 6.991232 4.191415 5.879875
v 6.994823 4.277265 5.788241
v 6.963445 4.185134 5.855791
v 6.961174 4.266507 5.758540
v 6.936944 4.176218 5.831038
v 6.928822 4.249706 5.730246
v 6.911097 4.162934 5.807638
v 6.897142 4.230375 5.702822
v 6.885505 4.147051 5.785641
v 6.867265 4.205453 5.677985
v 6.860657 4.127093 5.766182
v 6.838784 4.178288 5.653880
v 6.837433 4.104879 5.747205
v 6.814933 4.146392 5.630549
v 6.818501 4.079349 5.727610
v 6.792669 4.112586 5.608362
v 6.801200 4.051884 5.709153
v 6.773097 4.074723 5.590662
v 6.784907 4.021410 5.695070
v 6.755231 4.035357 5.574493
v 6.770139 3.989395 5.682790
v 6.742527 3.993138 5.560876
v 6.759611 3.955377 5.671698
v 6.732012 3.949918 5.548592
v 6.751626 3.920376 5.661552
v 6.726401 3.904949 5.539882
v 6.747283 3.884127 5.653842
v 6.722729 3.859462 5.533047
v 6.744624 3.847327 5.648371
v 6.723068 3.813341 5.531250
v 6.744201 3.810010 5.647330
v 6.725552 3.767251 5.531153
v 6.745997 3.772730 5.647952
v 6.733891 3.721944 5.533834
v 6.752761 3.736082 5.649658
v 6.744359 3.677205 5.538136
v 6.761821 3.700024 5.652838
v 6.758775 3.634302 5.547132
v 6.773246 3.665243 5.659975
v 6.775063 3.592468 5.557811
v 6.786505 3.631538 5.668893
v 6.796020 3.553710 5.571527
v 6.803474 3.600077 5.679566
v 6.818582 3.516484 5.586842
v 6.821918 3.570157 5.692046
v 6.843863 3.483234 5.606481
v 6.841668 3.543037 5.708431
v 6.870625 3.451941 5.627330
v 6.863047 3.517915 5.725888
v 6.901488 3.425686 5.649430
v 6.888280 3.496500 5.743150
v 6.933558 3.401729 5.672416
v 6.914967 3.477436 5.761029
v 6.967085 3.383316 5.698226
v 6.942245 3.462318 5.781491
v 6.969440 3.449691 5.803681
v 6.963499 3.422617 5.728417
v 6.955910 3.639637 5.879256
v 6.932835 3.439603 5.705610
v 6.993903 3.408512 5.753430
v 6.968943 3.633675 5.890493
v 7.024320 3.398856 5.780560
v 6.982059 3.629387 5.902493
v 7.055431 3.392358 5.807851
v 6.995698 3.626608 5.914207
v 7.089136 3.391606 5.832738
v 7.010428 3.626286 5.924852
v 7.122841 3.394071 5.857482
v 7.025242 3.627406 5.935489
v 7.154821 3.401057 5.883497
v 7.039251 3.630288 5.946838
v 7.185167 3.411094 5.910483
v 7.052043 3.634770 5.958585
v 7.213917 3.425775 5.937127
v 7.064503 3.641089 5.970398
v 7.241858 3.443421 5.962822
v 7.076748 3.648887 5.981482
v 7.269313 3.465922 5.985018
v 7.088640 3.658524 5.991045
v 7.295156 3.491035 6.006274
v 7.099872 3.669494 6.000249
v 7.317518 3.519609 6.027059
v 7.109715 3.681879 6.009250
v 7.337707 3.550409 6.046922
v 7.118423 3.695269 6.017639
v 7.355676 3.584621 6.062966
v 7.126182 3.709909 6.024753
v 7.371140 3.620521 6.077813
v 7.132722 3.725604 6.031361
v 7.382285 3.658468 6.091457
v 7.137556 3.742011 6.037350
v 7.391080 3.697646 6.103306
v 7.141432 3.759047 6.042273
v 7.397645 3.738521 6.109613
v 7.144409 3.776899 6.045021
v 7.401776 3.779947 6.113915
v 7.146222 3.794836 6.046801
v 7.401279 3.821676 6.116459
v 7.146057 3.812999 6.048033
v 7.397492 3.863313 6.117952
v 7.144155 3.831021 6.048719
v 7.389936 3.904436 6.116286
v 7.140945 3.848804 6.048165
v 7.380377 3.944965 6.112136
v 7.136823 3.866560 6.046021
v 7.368578 3.984015 6.102597
v 7.131870 3.883375 6.041974
v 7.354095 4.021719 6.091697
v 7.125429 3.899863 6.037328
v 7.334810 4.057116 6.080491
v 7.117001 3.915223 6.032503
v 7.313174 4.090718 6.067920
v 7.107712 3.929597 6.026975
v 7.290362 4.120986 6.050155
v 7.097741 3.942999 6.019197
v 7.266224 4.148982 6.030529
v 7.087406 3.954985 6.010601
v 7.239428 4.173155 6.009391
v 7.075923 3.965558 6.001642
v 7.210403 4.194556 5.988209
v 7.062860 3.974785 5.992496
v 7.178973 4.211744 5.966516
v 7.049488 3.982224 5.983392
v 7.147243 4.226055 5.943229
v 7.035503 3.988503 5.972500
v 7.117407 4.235111 5.915089
v 7.022884 3.992469 5.960463
v 7.086803 4.240943 5.887085
v 7.009514 3.995115 5.948502
v 7.052906 4.242376 5.862539
v 6.994599 3.995595 5.937842
v 7.018464 4.240532 5.838585
v 6.979949 3.994703 5.927649
v 6.987329 4.233299 5.811549
v 6.965890 3.991614 5.915562
v 6.957488 4.223029 5.784035
v 6.953373 3.987113 5.903687
v 6.928585 4.208149 5.757702
v 6.940713 3.980809 5.892069
v 6.899813 4.190238 5.733211
v 6.928158 3.972894 5.881664
v 6.872009 4.168102 5.711094
v 6.916119 3.963431 5.872232
v 6.845846 4.143323 5.689764
v 6.904831 3.952466 5.862715
v 6.824737 4.114509 5.667875
v 6.895676 3.940104 5.853224
v 6.805339 4.083481 5.647577
v 6.887249 3.926707 5.844522
v 6.787078 4.049492 5.631445
v 6.879175 3.911772 5.837468
v 6.770379 4.013665 5.617616
v 6.872088 3.896318 5.831614
v 6.758659 3.975501 5.605097
v 6.866845 3.879713 5.826073
v 6.749661 3.936199 5.593928
v 6.863210 3.862672 5.821141
v 6.744894 3.895540 5.585251
v 6.861039 3.845113 5.817252
v 6.741903 3.854250 5.579396
v 6.859679 3.827079 5.814891
v 6.741403 3.812436 5.577851
v 6.859366 3.808963 5.814310
v 6.743270 3.770605 5.578472
v 6.860320 3.790736 5.814575
v 6.750994 3.729519 5.580431
v 6.863582 3.772840 5.815389
v 6.761159 3.689131 5.584339
v 6.868057 3.755419 5.817087
v 6.773989 3.650089 5.592075
v 6.873659 3.738371 5.820305
v 6.788754 3.612253 5.602110
v 6.880235 3.722094 5.824606
v 6.807894 3.577022 5.614066
v 6.888235 3.706885 5.829749
v 6.828539 3.543579 5.628334
v 6.897156 3.692286 5.836264
v 6.850714 3.512996 5.646338
v 6.906679 3.678981 5.844127
v 6.874592 3.484671 5.665858
v 6.917137 3.666811 5.852427
v 6.902993 3.460780 5.685260
v 6.929646 3.656319 5.860769
v 6.942812 3.647150 5.869503
v 7.341761 3.216744 5.223653
v 7.292713 3.239026 5.187297
v 7.496550 3.210588 4.907774
v 7.245664 3.264974 5.150764
v 7.445860 3.238549 4.868361
v 7.201565 3.298806 5.117120
v 7.398317 3.275025 4.832117
v 7.158981 3.335858 5.084944
v 7.352398 3.314952 4.797448
v 7.120433 3.379837 5.056637
v 7.310863 3.362365 4.766931
v 7.083872 3.426563 5.030156
v 7.271459 3.412723 4.738368
v 7.052414 3.479002 5.008201
v 7.237547 3.469251 4.714723
v 7.023338 3.533611 4.988352
v 7.206191 3.528106 4.693336
v 7.000121 3.592489 4.973670
v 7.181182 3.591576 4.677503
v 6.979591 3.652877 4.961295
v 7.159056 3.656663 4.664146
v 6.965560 3.715940 4.954378
v 7.143932 3.724638 4.656707
v 6.954418 3.779792 4.949881
v 7.131906 3.793461 4.651861
v 6.950068 3.844607 4.951055
v 7.127234 3.863325 4.653125
v 6.948699 3.909463 4.954666
v 7.125756 3.933233 4.657001
v 6.954247 3.973548 4.963820
v 7.131733 4.002306 4.666892
v 6.962747 4.036923 4.975343
v 7.140873 4.070619 4.679317
v 6.977905 4.097807 4.992220
v 7.157243 4.136241 4.697491
v 6.995886 4.157259 5.011293
v 7.176631 4.200328 4.718020
v 7.020172 4.212608 5.035119
v 7.202793 4.259982 4.743738
v 7.047029 4.265858 5.060894
v 7.231713 4.317383 4.771545
v 7.079402 4.313543 5.090893
v 7.266635 4.368775 4.803856
v 7.113998 4.358539 5.122519
v 7.303943 4.417285 4.837910
v 7.153310 4.396727 5.157408
v 7.346308 4.458438 4.875540
v 7.194422 4.431744 5.193532
v 7.390598 4.496190 4.914495
v 7.239097 4.458970 5.232060
v 7.438758 4.525525 4.956025
v 7.285062 4.482661 5.271400
v 7.488306 4.551072 4.998414
v 7.333395 4.497872 5.312063
v 7.540420 4.567460 5.042234
v 7.382484 4.509324 5.353058
v 7.356250 4.674337 5.373827
v 7.593334 4.579815 5.086413
v 7.432667 4.511948 5.394245
v 7.647404 4.582629 5.130833
v 7.483013 4.510728 5.435296
v 7.406432 4.676960 5.415014
v 7.621170 4.747641 5.151603
v 7.470407 4.825637 5.307790
v 7.606352 4.870306 5.141047
v 7.602660 4.884237 5.119015
v 7.815775 4.933074 4.884216
v 7.781985 4.937652 4.899143
v 7.778306 4.930628 4.853386
v 7.952224 4.846541 4.745680
v 7.892999 4.842674 4.696948
v 7.978457 4.681528 4.724910
v 8.037952 4.679311 4.773418
v 7.919232 4.677661 4.676176
v 7.861076 4.664883 4.627681
v 7.804096 4.646151 4.579722
v 7.749511 4.618869 4.533099
v 7.696981 4.585992 4.487743
v 7.648076 4.545256 4.444774
v 7.602011 4.499497 4.403767
v 7.560650 4.446870 4.366122
v 7.522811 4.389988 4.331049
v 7.490600 4.327495 4.300155
v 7.462457 4.261675 4.272346
v 7.440619 4.191715 4.249407
v 7.423237 4.119489 4.229950
v 7.412621 4.044752 4.215837
v 7.406681 3.968892 4.205464
v 7.407691 3.892251 4.200724
v 7.413415 3.815674 4.199842
v 7.426014 3.740072 4.204655
v 7.443183 3.665721 4.213297
v 7.466883 3.594066 4.227480
v 7.494836 3.524798 4.245315
v 7.528732 3.459841 4.268318
v 7.566399 3.398319 4.294655
v 7.609183 3.342557 4.325601
v 7.655113 3.291144 4.359434
v 7.705146 3.246721 4.397126
v 7.757574 3.207392 4.437153
v 7.701654 4.581322 5.175102
v 8.097164 4.668165 4.821033
v 7.755585 4.570450 5.218435
v 8.155720 4.651040 4.867673
v 7.809071 4.555528 5.261109
v 8.212631 4.625307 4.912356
v 7.860808 4.531392 5.301670
v 8.267981 4.593929 4.955358
v 7.911492 4.503432 5.341089
v 8.320407 4.554601 4.995385
v 7.959041 4.466954 5.377327
v 8.370441 4.510178 5.033079
v 8.004965 4.427027 5.411987
v 8.416373 4.458765 5.066907
v 8.046490 4.379614 5.442517
v 8.459159 4.403003 5.097851
v 8.085887 4.329258 5.471092
v 8.496821 4.341480 5.124194
v 8.119810 4.272728 5.494721
v 8.530655 4.276515 5.147261
v 8.151179 4.213874 5.516093
v 8.558663 4.207257 5.165050
v 8.176174 4.150403 5.531940
v 8.582481 4.135609 5.179093
v 8.198524 4.085337 5.545053
v 8.600296 4.061318 5.187013
v 8.214828 4.017470 5.551173
v 8.613632 3.985783 5.190991
v 8.228040 3.948754 5.554698
v 8.619473 3.909208 5.189981
v 8.232936 3.878893 5.553183
v 8.620369 3.832549 5.185369
v 8.234174 3.808949 5.549578
v 8.613740 3.756633 5.175770
v 8.227033 3.739783 5.540982
v 8.602432 3.681843 5.162431
v 8.216724 3.671381 5.529854
v 8.584937 3.609606 5.143102
v 8.200110 3.605738 5.511956
v 8.563102 3.539645 5.120162
v 8.180713 3.541650 5.491439
v 8.534952 3.473827 5.092359
v 8.154563 3.481997 5.465705
v 8.502738 3.411333 5.061468
v 8.125657 3.424596 5.437883
v 8.464904 3.354451 5.026389
v 8.090723 3.373205 5.405588
v 8.423548 3.301825 4.988738
v 8.053402 3.324696 5.371552
v 8.377480 3.256066 4.947735
v 8.011045 3.283542 5.333909
v 8.328570 3.215329 4.904773
v 7.966767 3.245789 5.294939
v 8.276041 3.182452 4.859415
v 7.918600 3.216454 5.253421
v 8.222218 3.153625 4.811906
v 7.872643 3.183909 5.206687
v 7.639290 3.220877 5.467431
v 7.684259 3.244467 5.507989
v 7.591786 3.198515 5.425752
v 7.728959 3.271693 5.546487
v 7.770036 3.306709 5.582653
v 7.809316 3.344897 5.617584
v 7.843952 3.389894 5.649158
v 7.876365 3.437580 5.679107
v 7.903185 3.490827 5.704929
v 7.927433 3.546175 5.728804
v 7.945439 3.605629 5.747843
v 7.960850 3.666532 5.764448
v 7.970553 3.729994 5.774690
v 7.977303 3.794169 5.782563
v 7.976173 3.859069 5.785914
v 7.971626 3.923891 5.787296
v 7.959228 3.987631 5.784146
v 7.943943 4.050576 5.778571
v 7.923234 4.110946 5.766381
v 7.900055 4.169828 5.751651
v 7.870943 4.224435 5.731847
v 7.839448 4.276872 5.709941
v 7.802911 4.323598 5.683427
v 7.764392 4.367578 5.655084
v 7.721792 4.404630 5.622928
v 7.677674 4.438463 5.589307
v 7.630643 4.464410 5.552755
v 7.582629 4.486792 5.515134
v 7.533030 4.500649 5.475521
v 7.567100 4.744828 5.107183
v 7.572113 4.868524 5.112917
v 7.593431 4.883734 5.111427
v 7.438641 4.823976 5.281716
v 7.769937 4.936885 4.889233
v 8.660906 3.064028 3.485769
v 8.639356 3.033073 3.658592
v 8.966639 3.026232 3.237120
v 9.014389 3.022269 3.331736
v 8.899479 3.026960 3.628348
v 9.167648 3.024403 3.457296
v 8.771790 3.039030 3.784070
v 8.763136 2.666463 3.800950
v 8.761864 2.611710 3.803431
v 8.777161 2.195751 3.791825
v 8.758030 2.197544 3.669981
v 8.900290 2.199522 3.786559
v 8.884995 2.615481 3.798168
v 8.742735 2.613503 3.681587
v 9.269752 3.030447 3.485380
v 9.085626 3.069931 3.833584
v 9.150157 3.105640 3.891737
v 9.213481 3.145682 3.946440
v 9.272725 3.194585 3.998446
v 9.328197 3.250151 4.047853
v 9.378353 3.313459 4.093484
v 9.423837 3.382414 4.135702
v 9.462989 3.457696 4.173193
v 9.496747 3.537390 4.206588
v 9.523387 3.621752 4.234502
v 9.544111 3.709122 4.257798
v 9.557248 3.799325 4.275027
v 9.564178 3.891018 4.287292
v 9.563238 3.983590 4.293250
v 9.556050 4.076076 4.294089
v 9.540973 4.167450 4.288668
v 9.519818 4.257156 4.278140
v 9.491448 4.343847 4.261237
v 9.457520 4.427372 4.239368
v 9.416918 4.506045 4.211658
v 9.371203 4.580147 4.179643
v 9.319715 4.647755 4.142442
v 9.264050 4.709593 4.101411
v 9.203764 4.763550 4.056024
v 9.140303 4.810746 4.007538
v 9.073543 4.848980 3.955702
v 9.004712 4.879724 3.901636
v 8.934028 4.900764 3.845360
v 8.862474 4.913870 3.787793
v 8.790600 4.916910 3.729219
v 8.719084 4.911878 3.670347
v 8.648771 4.896799 3.611740
v 8.580023 4.873820 3.553848
v 8.513974 4.841202 3.497463
v 8.450650 4.801161 3.442759
v 8.391414 4.752257 3.390744
v 8.335946 4.696692 3.341332
v 8.285782 4.633383 3.295711
v 8.240293 4.564428 3.253501
v 8.201145 4.489148 3.216004
v 8.167393 4.409453 3.182602
v 8.140752 4.325090 3.154691
v 8.120024 4.237719 3.131400
v 8.106922 4.147520 3.114130
v 8.100028 4.055831 3.101823
v 8.100970 3.963259 3.095865
v 8.108165 3.870775 3.095030
v 8.123107 3.779389 3.100616
v 8.144114 3.689663 3.111284
v 8.172484 3.602975 3.128198
v 8.206500 3.519456 3.149956
v 8.247216 3.440797 3.177540
v 8.292937 3.366695 3.209545
v 8.344425 3.299088 3.246748
v 8.400084 3.237250 3.287784
v 8.460369 3.183293 3.333174
v 8.523831 3.136096 3.381657
v 8.590590 3.097862 3.433495
vn -0.5086 0.4266 -0.7479
vn 0.1617 -0.9739 0.1595
vn -0.0544 -0.9983 0.0193
vn 0.0964 -0.9894 0.1089
vn -0.7842 -0.0099 -0.6205
vn -0.4077 0.0508 0.9117
vn -0.8147 0.0451 0.5781
vn 0.7629 0.0116 0.6465
vn -0.1717 -0.9786 -0.1134
vn 0.0083 -0.9975 0.0707
vn -0.1091 -0.9923 -0.0593
vn 0.3717 -0.8605 0.3484
vn 0.3333 -0.8884 0.3158
vn 0.3573 -0.8563 0.3729
vn 0.3286 -0.8778 0.3485
vn 0.2954 -0.8938 0.3374
vn 0.2924 -0.8958 0.3348
vn 0.3553 -0.8491 0.3909
vn 0.3556 -0.8488 0.3912
vn 0.4107 -0.7986 0.4399
vn 0.4104 -0.7989 0.4396
vn 0.4707 -0.7311 0.4939
vn 0.4710 -0.7308 0.4941
vn 0.5169 -0.6672 0.5363
vn 0.5167 -0.6676 0.5361
vn 0.5650 -0.5853 0.5816
vn 0.5652 -0.5849 0.5817
vn 0.6002 -0.5105 0.6158
vn 0.6000 -0.5109 0.6156
vn 0.6345 -0.4173 0.6506
vn 0.6346 -0.4169 0.6507
vn 0.6574 -0.3343 0.6754
vn 0.6572 -0.3348 0.6752
vn 0.6766 -0.2332 0.6985
vn 0.6766 -0.2328 0.6985
vn 0.6862 -0.1454 0.7127
vn 0.6862 -0.1459 0.7127
vn 0.6895 -0.0410 0.7231
vn 0.6895 -0.0406 0.7231
vn 0.6856 0.0482 0.7264
vn 0.6857 0.0477 0.7264
vn 0.6731 0.1522 0.7237
vn 0.6731 0.1527 0.7237
vn 0.6558 0.2400 0.7158
vn 0.6559 0.2396 0.7158
vn 0.6277 0.3403 0.7001
vn 0.6276 0.3407 0.7000
vn 0.5975 0.4228 0.6814
vn 0.5976 0.4224 0.6815
vn 0.5551 0.5148 0.6534
vn 0.5549 0.5152 0.6532
vn 0.5134 0.5885 0.6246
vn 0.5136 0.5881 0.6248
vn 0.4582 0.6689 0.5853
vn 0.4579 0.6693 0.5851
vn 0.4064 0.7314 0.5475
vn 0.4067 0.7311 0.5477
vn 0.3406 0.7972 0.4984
vn 0.3403 0.7975 0.4982
vn 0.2808 0.8461 0.4531
vn 0.2811 0.8458 0.4534
vn 0.2069 0.8946 0.3961
vn 0.2065 0.8948 0.3959
vn 0.1414 0.9279 0.3450
vn 0.1417 0.9277 0.3453
vn 0.0622 0.9573 0.2823
vn 0.0618 0.9574 0.2821
vn -0.0065 0.9738 0.2274
vn -0.0062 0.9737 0.2276
vn -0.0880 0.9830 0.1614
vn -0.0884 0.9830 0.1611
vn -0.1572 0.9820 0.1047
vn -0.1569 0.9820 0.1050
vn -0.2378 0.9706 0.0380
vn -0.2381 0.9705 0.0377
vn -0.3049 0.9522 -0.0183
vn -0.3046 0.9523 -0.0180
vn -0.3815 0.9206 -0.0832
vn -0.3818 0.9205 -0.0835
vn -0.4440 0.8855 -0.1368
vn -0.4436 0.8857 -0.1366
vn -0.5136 0.8350 -0.1975
vn -0.5139 0.8348 -0.1977
vn -0.5690 0.7846 -0.2464
vn -0.5687 0.7848 -0.2462
vn -0.6290 0.7171 -0.3004
vn -0.6292 0.7168 -0.3006
vn -0.6751 0.6532 -0.3428
vn -0.6749 0.6535 -0.3426
vn -0.7232 0.5712 -0.3881
vn -0.7234 0.5709 -0.3883
vn -0.7584 0.4964 -0.4223
vn -0.7583 0.4968 -0.4222
vn -0.7927 0.4033 -0.4571
vn -0.7929 0.4028 -0.4573
vn -0.8156 0.3203 -0.4819
vn -0.8155 0.3208 -0.4817
vn -0.8348 0.2195 -0.5049
vn -0.8349 0.2190 -0.5050
vn -0.8445 0.1316 -0.5192
vn -0.8444 0.1321 -0.5191
vn -0.8478 0.0270 -0.5296
vn -0.8478 0.0265 -0.5296
vn -0.8439 -0.0624 -0.5328
vn -0.8440 -0.0619 -0.5328
vn -0.8313 -0.1668 -0.5301
vn -0.8313 -0.1672 -0.5301
vn -0.8140 -0.2542 -0.5223
vn -0.8141 -0.2538 -0.5223
vn -0.7859 -0.3544 -0.5066
vn -0.7858 -0.3549 -0.5065
vn -0.7558 -0.4366 -0.4880
vn -0.7560 -0.4362 -0.4881
vn -0.7134 -0.5287 -0.4599
vn -0.7132 -0.5291 -0.4598
vn -0.6716 -0.6025 -0.4312
vn -0.6719 -0.6021 -0.4313
vn -0.6164 -0.6830 -0.3918
vn -0.6162 -0.6833 -0.3917
vn -0.5647 -0.7455 -0.3541
vn -0.5650 -0.7452 -0.3543
vn -0.4988 -0.8113 -0.3050
vn -0.4985 -0.8115 -0.3048
vn -0.4391 -0.8601 -0.2597
vn -0.4394 -0.8599 -0.2599
vn -0.3741 -0.9031 -0.2109
vn -0.3709 -0.9050 -0.2084
vn -0.4216 -0.8672 -0.2650
vn -0.3917 -0.8879 -0.2414
vn -0.3607 -0.8978 -0.2526
vn -0.4008 -0.8710 -0.2842
vn -0.3959 -0.8939 -0.2101
vn -0.6063 -0.6620 -0.4407
vn -0.7377 -0.3217 -0.5936
vn -0.3435 -0.9204 -0.1864
vn -0.7749 -0.0393 -0.6309
vn -0.8183 -0.0579 -0.5718
vn -0.8328 -0.0703 -0.5491
vn -0.9619 0.0593 -0.2668
vn 0.4280 -0.5429 0.7226
vn -0.8194 -0.4206 -0.3895
vn -0.8271 0.0029 -0.5620
vn -0.8193 0.0030 -0.5734
vn -0.8228 0.0112 -0.5682
vn -0.8321 -0.0171 -0.5544
vn -0.8109 0.0255 -0.5847
vn -0.8235 0.1399 -0.5497
vn -0.9841 -0.0413 -0.1726
vn -0.9410 0.2186 -0.2583
vn -0.7723 0.1132 0.6251
vn -0.9014 0.0789 0.4258
vn -0.6778 0.0742 0.7315
vn -0.6414 0.0739 0.7636
vn -0.6330 0.0791 0.7701
vn -0.6339 0.0624 0.7709
vn -0.5864 0.0752 0.8065
vn -0.6245 0.0741 0.7775
vn -0.4678 0.1167 0.8761
vn -0.2475 0.0881 0.9649
vn 0.3637 -0.0230 0.9312
vn 0.4389 0.2373 0.8667
vn 0.6994 0.1576 0.6971
vn 0.7062 0.0033 0.7080
vn 0.7195 0.0325 0.6937
vn 0.7315 0.0436 0.6804
vn 0.7754 0.0229 0.6310
vn 0.7747 0.0231 0.6319
vn 0.8734 -0.1851 -0.4504
vn 0.8740 -0.2334 -0.4261
vn 0.9316 -0.2423 -0.2708
vn 0.9437 -0.2131 -0.2531
vn 0.9633 -0.1462 -0.2253
vn 0.9755 -0.2140 -0.0505
vn 0.7924 -0.6046 -0.0808
vn 0.9415 -0.3312 -0.0617
vn 0.8087 -0.4153 0.4166
vn 0.3875 -0.8847 -0.2592
vn 0.6328 -0.0706 -0.7711
vn 0.1850 -0.8878 -0.4214
vn -0.5612 -0.4349 -0.7042
vn -0.1222 -0.3476 -0.9297
vn -0.0689 -0.6171 -0.7839
vn 0.0324 -0.1607 -0.9865
vn -0.1399 -0.2309 -0.9629
vn 0.2704 -0.1948 -0.9428
vn -0.7700 0.0004 -0.6380
vn -0.7704 0.0005 -0.6375
vn 0.2462 -0.2434 -0.9382
vn -0.7708 0.0005 -0.6371
vn -0.7716 0.0141 -0.6359
vn 0.0378 0.1869 -0.9817
vn 0.0840 -0.2557 -0.9631
vn -0.0217 -0.1119 -0.9935
vn 0.2394 0.2960 -0.9247
vn -0.2492 -0.1381 -0.9586
vn 0.4427 -0.3398 -0.8298
vn 0.7248 -0.3346 -0.6023
vn 0.8581 0.3051 -0.4131
vn 0.9916 -0.1157 0.0581
vn 0.9530 0.2004 -0.2271
vn 0.7694 0.0384 0.6376
vn 0.7731 0.0379 0.6332
vn 0.7359 0.0292 0.6764
vn 0.7367 0.0293 0.6756
vn 0.4523 -0.0866 0.8877
vn 0.4124 -0.1006 0.9054
vn -0.3509 -0.3998 0.8468
vn -0.3705 -0.4028 0.8370
vn -0.7520 -0.4066 0.5188
vn -0.7638 -0.4042 0.5032
vn -0.9669 -0.1175 -0.2264
vn -0.9577 -0.1040 -0.2682
vn -0.8057 0.0090 -0.5922
vn -0.8069 0.0088 -0.5907
vn -0.7748 0.0146 -0.6320
vn -0.7782 0.0152 -0.6278
vn -0.8044 0.0092 -0.5940
vn -0.1583 -0.1588 -0.9746
vn -0.7818 0.0157 -0.6234
vn -0.0424 -0.1826 -0.9823
vn 0.4850 -0.3427 -0.8046
vn 0.4647 -0.3414 -0.8170
vn 0.7057 -0.3370 -0.6233
vn 0.6873 -0.3390 -0.6424
vn 0.9748 -0.1639 -0.1514
vn 0.9898 -0.1378 -0.0349
vn 0.7611 0.0397 0.6474
vn 0.7654 0.0390 0.6424
vn 0.7375 0.0294 0.6747
vn 0.7384 0.0295 0.6737
vn 0.3609 -0.1181 0.9251
vn 0.2925 -0.1400 0.9460
vn -0.3885 -0.4054 0.8275
vn -0.4051 -0.4076 0.8184
vn -0.7304 -0.4106 0.5459
vn -0.7409 -0.4087 0.5329
vn -0.9825 -0.1550 -0.1034
vn -0.9757 -0.1341 -0.1730
vn -0.8030 0.0094 -0.5959
vn -0.7520 -0.4967 -0.4334
vn -0.6040 -0.6080 -0.5153
vn -0.3756 -0.9259 0.0414
vn -0.1036 -0.9627 -0.2499
vn 0.0099 -0.9313 0.3642
vn 0.2435 -0.9693 0.0338
vn 0.5738 -0.4818 0.6622
vn 0.6271 -0.5979 0.4993
vn -0.7486 -0.0217 0.6627
vn -0.6329 -0.0665 0.7713
vn -0.9588 -0.1496 -0.2413
vn -0.6334 0.0181 0.7737
vn -0.5086 -0.0176 0.8608
vn 0.4275 -0.1329 0.8942
vn -0.6308 -0.0626 0.7734
vn 0.9803 -0.0957 -0.1728
vn 0.6308 0.1168 -0.7671
vn 0.5956 -0.3509 -0.7226
vn -0.1199 -0.2684 -0.9558
vn -0.1096 -0.2141 -0.9706
vn 0.6043 -0.3111 -0.7335
vn 0.0640 -0.2275 -0.9717
vn -0.1354 -0.1459 -0.9800
vn 0.9768 -0.1971 -0.0836
vn 0.9655 -0.2507 -0.0699
vn 0.6215 -0.2073 -0.7555
vn 0.9900 -0.1283 -0.0591
vn 0.4980 -0.6276 -0.5984
vn -0.7252 -0.0492 -0.6868
vn 0.4808 -0.6615 -0.5755
vn 0.8261 0.4454 0.3453
vn 0.8169 -0.0276 0.5761
vn 0.7715 -0.0179 0.6360
vn 0.7763 0.0227 0.6299
vn 0.7228 -0.0365 0.6901
vn 0.7143 0.0241 0.6995
vn 0.7027 -0.0495 0.7098
vn 0.7226 0.0241 0.6909
vn 0.0221 0.0101 0.9997
vn 0.0279 0.0495 0.9984
vn -0.1179 0.0060 0.9930
vn -0.1494 0.0394 0.9880
vn -0.5499 0.0119 0.8352
vn -0.5279 0.0239 0.8490
vn -0.6340 0.0150 0.7732
vn -0.6341 0.0208 0.7730
vn -0.7124 0.0095 0.7017
vn -0.7313 0.0210 0.6818
vn -0.9518 -0.0058 0.3067
vn -0.9413 0.0284 0.3364
vn -0.9856 -0.0047 0.1693
vn -0.9865 0.0358 0.1596
vn -0.9479 -0.0693 0.3109
vn -0.6524 -0.0256 0.7574
vn -0.6333 -0.0201 0.7736
vn -0.6139 -0.0248 0.7890
vn -0.1387 -0.9879 0.0700
vn -0.0246 -0.9863 0.1634
vn -0.0777 -0.9949 0.0647
vn -0.0313 -0.9942 0.1027
vn -0.1485 -0.9887 0.0226
vn -0.1842 -0.9827 -0.0175
vn -0.0790 -0.9946 0.0677
vn -0.1691 -0.9692 0.1789
vn -0.2708 -0.9578 0.0965
vn -0.0339 -0.9939 0.1046
vn -0.1252 -0.9684 0.2157
vn -0.0267 -0.9543 0.2976
vn 0.0696 -0.9793 0.1902
vn 0.1133 -0.9673 0.2269
vn 0.0163 -0.9426 0.3336
vn 0.1111 -0.9036 0.4136
vn 0.2121 -0.9266 0.3106
vn 0.2527 -0.9037 0.3456
vn 0.1514 -0.8813 0.4476
vn 0.2377 -0.8187 0.5227
vn 0.3422 -0.8388 0.4235
vn 0.3783 -0.8059 0.4554
vn 0.2726 -0.7864 0.5544
vn 0.3464 -0.7032 0.6209
vn 0.4556 -0.7189 0.5249
vn 0.4857 -0.6773 0.5526
vn 0.3762 -0.6624 0.6478
vn 0.4358 -0.5610 0.7039
vn 0.5476 -0.5719 0.6108
vn 0.5705 -0.5232 0.6331
vn 0.4580 -0.5131 0.7260
vn 0.5003 -0.3985 0.7687
vn 0.6147 -0.4031 0.6780
vn 0.6296 -0.3489 0.6941
vn 0.5155 -0.3453 0.7842
vn 0.5403 -0.2186 0.8126
vn 0.6546 -0.2181 0.7238
vn 0.6612 -0.1609 0.7328
vn 0.5469 -0.1624 0.8213
vn 0.5515 -0.0348 0.8334
vn 0.6656 -0.0270 0.7458
vn 0.6631 0.0307 0.7479
vn 0.5492 0.0219 0.8354
vn 0.5335 0.1492 0.8325
vn 0.6469 0.1640 0.7447
vn 0.6354 0.2209 0.7399
vn 0.5216 0.2050 0.8282
vn 0.4856 0.3310 0.8091
vn 0.5988 0.3512 0.7198
vn 0.5791 0.4049 0.7076
vn 0.4656 0.3837 0.7975
vn 0.4137 0.4964 0.7632
vn 0.5246 0.5233 0.6715
vn 0.4974 0.5713 0.6528
vn 0.3876 0.5437 0.7444
vn 0.3189 0.6439 0.6954
vn 0.4262 0.6751 0.6022
vn 0.3925 0.7158 0.5775
vn 0.2855 0.6838 0.6715
vn 0.2042 0.7647 0.6112
vn 0.3078 0.8004 0.5144
vn 0.2689 0.8322 0.4849
vn 0.1660 0.7959 0.5822
vn 0.0752 0.8557 0.5120
vn 0.1736 0.8947 0.4115
vn 0.1310 0.9164 0.3782
vn 0.0339 0.8772 0.4789
vn -0.0652 0.9139 0.4007
vn 0.0289 0.9543 0.2975
vn -0.0158 0.9650 0.2617
vn -0.1098 0.9240 0.3663
vn -0.2091 0.9351 0.2860
vn -0.1206 0.9768 0.1768
vn -0.1657 0.9762 0.1399
vn -0.2528 0.9349 0.2489
vn -0.3532 0.9208 0.1656
vn -0.2695 0.9615 0.0539
vn -0.3132 0.9495 0.0173
vn -0.3963 0.9088 0.1300
vn -0.4908 0.8698 0.0503
vn -0.4118 0.9088 -0.0663
vn -0.4525 0.8860 -0.1013
vn -0.5309 0.8473 0.0160
vn -0.6163 0.7853 -0.0586
vn -0.5420 0.8210 -0.1792
vn -0.5781 0.7882 -0.2111
vn -0.6515 0.7533 -0.0903
vn -0.7263 0.6691 -0.1576
vn -0.6555 0.7011 -0.2807
vn -0.6855 0.6595 -0.3083
vn -0.7561 0.6281 -0.1842
vn -0.8149 0.5278 -0.2395
vn -0.7473 0.5542 -0.3665
vn -0.7702 0.5055 -0.3888
vn -0.8373 0.4801 -0.2618
vn -0.8799 0.3643 -0.3053
vn -0.8145 0.3853 -0.4337
vn -0.8294 0.3313 -0.4498
vn -0.8945 0.3113 -0.3210
vn -0.9182 0.1868 -0.3492
vn -0.8541 0.2016 -0.4794
vn -0.8604 0.1445 -0.4887
vn -0.9245 0.1306 -0.3580
vn -0.9287 0.0017 -0.3709
vn -0.8647 0.0095 -0.5021
vn -0.8622 -0.0486 -0.5042
vn -0.9260 -0.0554 -0.3735
vn -0.9104 -0.1849 -0.3702
vn -0.8460 -0.1830 -0.5008
vn -0.8347 -0.2399 -0.4957
vn -0.8994 -0.2408 -0.3648
vn -0.8649 -0.3642 -0.3454
vn -0.7986 -0.3691 -0.4755
vn -0.7790 -0.4226 -0.4633
vn -0.8456 -0.4168 -0.3337
vn -0.7930 -0.5308 -0.2989
vn -0.7243 -0.5411 -0.4273
vn -0.6972 -0.5891 -0.4085
vn -0.7665 -0.5779 -0.2803
vn -0.6985 -0.6770 -0.2320
vn -0.6260 -0.6929 -0.3578
vn -0.5923 -0.7336 -0.3332
vn -0.6651 -0.7171 -0.2084
vn -0.5834 -0.7987 -0.1475
vn -0.5077 -0.8181 -0.2701
vn -0.4687 -0.8499 -0.2406
vn -0.5455 -0.8297 -0.1180
vn -0.4543 -0.8896 -0.0474
vn -0.3733 -0.9125 -0.1671
vn -0.3307 -0.9342 -0.1338
vn -0.4124 -0.9109 -0.0148
vn -0.2289 -0.9720 -0.0533
vn -0.3151 -0.9471 0.0619
vn -0.6169 -0.6932 0.3726
vn -0.5515 -0.7202 0.4208
vn -0.5158 -0.7327 0.4440
vn -0.5933 -0.6663 0.4517
vn -0.5520 -0.6817 0.4801
vn -0.4268 -0.7425 0.5163
vn -0.4460 -0.6932 0.5662
vn -0.3960 -0.7373 0.5474
vn -0.4100 -0.6864 0.6006
vn -0.3724 -0.6762 0.6357
vn -0.3342 -0.7254 0.6018
vn -0.3043 -0.7180 0.6260
vn -0.3509 -0.6711 0.6530
vn -0.2954 -0.6537 0.6967
vn -0.2359 -0.6933 0.6810
vn -0.2026 -0.6789 0.7057
vn -0.2572 -0.6376 0.7261
vn -0.1783 -0.5797 0.7951
vn -0.1312 -0.6267 0.7681
vn -0.1083 -0.6002 0.7925
vn -0.1539 -0.5513 0.8200
vn -0.1242 -0.5149 0.8482
vn -0.0613 -0.5453 0.8360
vn -0.0380 -0.5167 0.8553
vn -0.1021 -0.4873 0.8672
vn -0.0537 -0.4047 0.9129
vn 0.0092 -0.4362 0.8998
vn 0.0236 -0.4006 0.9159
vn -0.0395 -0.3705 0.9280
vn -0.0200 -0.3235 0.9460
vn 0.0523 -0.3267 0.9437
vn 0.0675 -0.2883 0.9552
vn -0.0039 -0.2822 0.9593
vn 0.0184 -0.1629 0.9865
vn 0.0878 -0.1818 0.9794
vn 0.0882 -0.1392 0.9863
vn 0.0183 -0.1163 0.9930
vn 0.0169 -0.0601 0.9981
vn 0.0889 -0.0554 0.9945
vn 0.0890 -0.0154 0.9959
vn 0.0174 -0.0281 0.9995
vn 0.0123 0.0518 0.9986
vn 0.0807 0.0770 0.9938
vn 0.0742 0.1206 0.9899
vn 0.0048 0.1044 0.9945
vn -0.0299 0.2175 0.9756
vn 0.0428 0.2243 0.9736
vn 0.0238 0.2603 0.9652
vn -0.0480 0.2506 0.9669
vn -0.0620 0.2817 0.9575
vn -0.0070 0.3277 0.9447
vn -0.0214 0.3647 0.9309
vn -0.0758 0.3181 0.9450
vn -0.1404 0.4159 0.8985
vn -0.0785 0.4504 0.8894
vn -0.1070 0.4787 0.8714
vn -0.1733 0.4491 0.8765
vn -0.2193 0.4890 0.8443
vn -0.1652 0.5327 0.8300
vn -0.1914 0.5541 0.8101
vn -0.2385 0.5049 0.8296
vn -0.2766 0.5366 0.7972
vn -0.2492 0.5965 0.7629
vn -0.2786 0.6172 0.7358
vn -0.3148 0.5623 0.7647
vn -0.4289 0.6000 0.6754
vn -0.3702 0.6485 0.6652
vn -0.4065 0.6487 0.6434
vn -0.4622 0.5984 0.6545
vn -0.4655 0.5984 0.6522
vn -0.4572 0.6541 0.6026
vn -0.4853 0.6608 0.5726
vn -0.4903 0.6062 0.6261
vn -0.5991 0.5959 0.5348
vn -0.5740 0.6509 0.4969
vn -0.6089 0.6383 0.4710
vn -0.6427 0.5801 0.5004
vn -0.6944 0.5536 0.4596
vn -0.6752 0.6080 0.4177
vn -0.7029 0.5915 0.3951
vn -0.7149 0.5408 0.4432
vn -0.7533 0.5162 0.4076
vn -0.7591 0.5525 0.3442
vn -0.7858 0.5313 0.3167
vn -0.7845 0.4923 0.3772
vn -0.8587 0.4075 0.3106
vn -0.8500 0.4585 0.2594
vn -0.8716 0.4251 0.2441
vn -0.8799 0.3728 0.2945
vn -0.8976 0.3415 0.2787
vn -0.9073 0.3636 0.2112
vn -0.9238 0.3315 0.1916
vn -0.9131 0.3134 0.2610
vn -0.9504 0.2177 0.2219
vn -0.9585 0.2395 0.1548
vn -0.9695 0.1982 0.1439
vn -0.9635 0.1681 0.2086
vn -0.9780 0.0809 0.1925
vn -0.9866 0.1044 0.1253
vn -0.9905 0.0643 0.1215
vn -0.9807 0.0471 0.1897
vn -0.9832 -0.0052 0.1825
vn -0.9936 -0.0188 0.1117
vn -0.9926 -0.0610 0.1054
vn -0.9832 -0.0494 0.1760
vn -0.9694 -0.1691 0.1781
vn -0.9798 -0.1689 0.1074
vn -0.9709 -0.2104 0.1147
vn -0.9589 -0.2146 0.1855
vn -0.9419 -0.2725 0.1966
vn -0.9475 -0.2927 0.1290
vn -0.9336 -0.3313 0.1365
vn -0.9285 -0.3101 0.2044
vn -0.8873 -0.3987 0.2320
vn -0.8925 -0.4202 0.1640
vn -0.8732 -0.4533 0.1789
vn -0.8692 -0.4292 0.2454
vn -0.8420 -0.4712 0.2628
vn -0.8294 -0.5182 0.2084
vn -0.8046 -0.5507 0.2222
vn -0.8157 -0.5071 0.2783
vn -0.7358 -0.5868 0.3379
vn -0.7350 -0.6202 0.2741
vn -0.7065 -0.6408 0.3005
vn -0.7021 -0.6098 0.3676
vn -0.6582 -0.6347 0.4050
vn -0.6455 -0.6786 0.3505
vn -0.6385 -0.6449 0.4201
vn 0.6219 0.7257 -0.2944
vn 0.5985 0.7376 -0.3126
vn -0.6872 -0.4312 0.5847
vn -0.6814 -0.4334 0.5898
vn -0.6746 -0.4375 0.5946
vn 0.5526 0.7561 -0.3508
vn -0.6385 -0.4476 0.6261
vn 0.5033 0.7694 -0.3934
vn -0.5323 -0.4584 0.7117
vn 0.3824 0.7828 -0.4910
vn -0.5021 -0.4562 0.7347
vn 0.3317 0.7810 -0.5291
vn -0.5004 -0.4556 0.7362
vn 0.2892 0.7743 -0.5628
vn -0.5041 -0.4571 0.7328
vn 0.2643 0.7674 -0.5841
vn -0.4776 -0.4475 0.7561
vn 0.2076 0.7448 -0.6342
vn -0.4459 -0.4302 0.7849
vn 0.1632 0.7201 -0.6744
vn -0.3747 -0.3780 0.8466
vn 0.0736 0.6550 -0.7520
vn -0.3564 -0.3611 0.8617
vn 0.0377 0.6228 -0.7815
vn -0.3508 -0.3544 0.8668
vn 0.0049 0.5857 -0.8105
vn -0.3402 -0.3385 0.8773
vn -0.0203 0.5499 -0.8350
vn -0.3021 -0.2738 0.9131
vn -0.0749 0.4568 -0.8864
vn -0.2934 -0.2577 0.9206
vn -0.0952 0.4151 -0.9048
vn -0.2895 -0.2488 0.9243
vn -0.1135 0.3654 -0.9239
vn -0.2810 -0.2157 0.9352
vn -0.1276 0.3116 -0.9416
vn -0.2607 -0.1056 0.9596
vn -0.1533 0.1764 -0.9723
vn -0.2571 -0.0730 0.9636
vn -0.1605 0.1179 -0.9800
vn -0.2567 -0.0637 0.9644
vn -0.1626 0.0585 -0.9850
vn -0.2563 -0.0597 0.9647
vn -0.1605 0.0198 -0.9868
vn -0.2619 -0.0115 0.9650
vn -0.1499 -0.0672 -0.9864
vn -0.2728 0.0398 0.9612
vn -0.1362 -0.1340 -0.9816
vn -0.3009 0.1392 0.9435
vn -0.1002 -0.2627 -0.9597
vn -0.3050 0.1520 0.9402
vn -0.0852 -0.3064 -0.9481
vn -0.2971 0.1362 0.9451
vn -0.0713 -0.3366 -0.9389
vn -0.3084 0.1553 0.9385
vn -0.0466 -0.3783 -0.9245
vn -0.3709 0.2455 0.8956
vn 0.0287 -0.4882 -0.8723
vn -0.3965 0.2761 0.8755
vn 0.0660 -0.5340 -0.8429
vn -0.4128 0.2924 0.8626
vn 0.1121 -0.5799 -0.8069
vn -0.4104 0.2917 0.8640
vn 0.1352 -0.5990 -0.7893
vn -0.4224 0.3007 0.8550
vn 0.1794 -0.6282 -0.7571
vn -0.4689 0.3234 0.8219
vn 0.2338 -0.6557 -0.7179
vn -0.5796 0.3624 0.7299
vn 0.3619 -0.7019 -0.6135
vn -0.5869 0.3645 0.7230
vn 0.3958 -0.7103 -0.5821
vn -0.5365 0.3596 0.7634
vn 0.3939 -0.7101 -0.5836
vn -0.5462 0.3598 0.7565
vn 0.4295 -0.7097 -0.5584
vn -0.6580 0.3458 0.6689
vn 0.5559 -0.6942 -0.4573
vn -0.7018 0.3326 0.6300
vn 0.6104 -0.6784 -0.4089
vn -0.7226 0.3227 0.6113
vn 0.6644 -0.6546 -0.3607
vn -0.7204 0.3244 0.6131
vn 0.6886 -0.6408 -0.3395
vn -0.7306 0.3179 0.6043
vn 0.7299 -0.6118 -0.3049
vn -0.7589 0.2933 0.5814
vn 0.7705 -0.5766 -0.2718
vn -0.8281 0.2138 0.5182
vn 0.8548 -0.4808 -0.1952
vn -0.8401 0.1960 0.5057
vn 0.8813 -0.4418 -0.1678
vn -0.8342 0.2067 0.5113
vn 0.8990 -0.4112 -0.1507
vn -0.8400 0.1953 0.5062
vn 0.9177 -0.3738 -0.1348
vn -0.8720 0.1131 0.4762
vn 0.9596 -0.2649 -0.0944
vn -0.8842 0.0661 0.4624
vn 0.9766 -0.2016 -0.0752
vn -0.8933 0.0095 0.4494
vn 0.9929 -0.1063 -0.0530
vn -0.8941 0.0035 0.4479
vn 0.9968 -0.0655 -0.0458
vn -0.8947 -0.0037 0.4467
vn 0.9991 -0.0104 -0.0405
vn -0.8943 -0.0354 0.4460
vn 0.9982 0.0456 -0.0396
vn -0.8819 -0.1431 0.4492
vn 0.9825 0.1811 -0.0432
vn -0.8742 -0.1776 0.4519
vn 0.9697 0.2395 -0.0475
vn -0.8685 -0.1965 0.4551
vn 0.9518 0.3013 -0.0570
vn -0.8606 -0.2174 0.4605
vn 0.9350 0.3481 -0.0683
vn -0.8298 -0.2836 0.4806
vn 0.8887 0.4478 -0.0985
vn -0.8229 -0.2968 0.4845
vn 0.8662 0.4867 -0.1129
vn -0.8186 -0.3041 0.4872
vn 0.8379 0.5291 -0.1338
vn -0.7980 -0.3305 0.5039
vn 0.8052 0.5710 -0.1601
vn -0.7215 -0.4057 0.5611
vn 0.7145 0.6615 -0.2278
vn -0.6935 -0.4261 0.5809
vn 0.6702 0.6956 -0.2588
vn -0.6321 -0.0561 0.7728
vn -0.3272 -0.9352 -0.1354
vn -0.2740 -0.9585 -0.0790
vn -0.3600 -0.9194 -0.1585
vn -0.3676 -0.9133 -0.1752
vn -0.3716 -0.9128 -0.1695
vn -0.4670 -0.8502 -0.2430
vn -0.4631 -0.8507 -0.2487
vn -0.5021 -0.8188 -0.2782
vn -0.5060 -0.8183 -0.2726
vn -0.5907 -0.7337 -0.3357
vn -0.5869 -0.7341 -0.3415
vn -0.6207 -0.6933 -0.3662
vn -0.6244 -0.6930 -0.3603
vn -0.6956 -0.5892 -0.4110
vn -0.6919 -0.5895 -0.4169
vn -0.7191 -0.5413 -0.4356
vn -0.7228 -0.5412 -0.4298
vn -0.7774 -0.4226 -0.4658
vn -0.7738 -0.4227 -0.4718
vn -0.7935 -0.3690 -0.4839
vn -0.7971 -0.3691 -0.4780
vn -0.8332 -0.2399 -0.4982
vn -0.8297 -0.2398 -0.5041
vn -0.8410 -0.1827 -0.5093
vn -0.8445 -0.1829 -0.5033
vn -0.8607 -0.0485 -0.5068
vn -0.8572 -0.0481 -0.5127
vn -0.8598 0.0102 -0.5106
vn -0.8633 0.0097 -0.5046
vn -0.8589 0.1447 -0.4913
vn -0.8554 0.1451 -0.4972
vn -0.8491 0.2025 -0.4879
vn -0.8526 0.2019 -0.4820
vn -0.8279 0.3316 -0.4523
vn -0.8243 0.3324 -0.4582
vn -0.8094 0.3866 -0.4421
vn -0.8130 0.3857 -0.4362
vn -0.7687 0.5059 -0.3913
vn -0.7652 0.5068 -0.3972
vn -0.7422 0.5556 -0.3748
vn -0.7458 0.5547 -0.3690
vn -0.6840 0.6600 -0.3108
vn -0.6803 0.6611 -0.3165
vn -0.6501 0.7028 -0.2888
vn -0.6539 0.7016 -0.2832
vn -0.5765 0.7887 -0.2135
vn -0.5727 0.7899 -0.2192
vn -0.5365 0.8228 -0.1872
vn -0.5404 0.8216 -0.1816
vn -0.4508 0.8866 -0.1036
vn -0.4469 0.8879 -0.1091
vn -0.4061 0.9108 -0.0741
vn -0.4101 0.9094 -0.0687
vn -0.3115 0.9501 0.0150
vn -0.3074 0.9515 0.0096
vn -0.2635 0.9635 0.0463
vn -0.2677 0.9621 0.0516
vn -0.7778 -0.0448 -0.6269
vn -0.6163 -0.1940 0.7632
vn -0.1639 0.9768 0.1377
vn 0.7689 0.0419 0.6380
vn -0.1145 0.9789 0.1693
vn -0.1188 0.9774 0.1746
vn 0.7472 0.1460 0.6483
vn -0.3660 0.8440 0.3921
vn 0.3204 0.8266 0.4627
vn 0.7489 0.1461 0.6464
vn 0.0648 0.9856 -0.1565
vn 0.2256 0.9105 -0.3465
vn 0.7692 0.0420 0.6376
vn 0.6157 0.1940 -0.7637
vn -0.0985 0.9825 0.1581
vn -0.1544 0.9824 0.1051
vn -0.0890 0.9833 0.1587
vn -0.7770 -0.0445 -0.6279
vn -0.2481 0.9681 0.0348
vn -0.2387 0.9704 0.0353
vn -0.2998 0.9539 -0.0086
vn -0.3022 0.9531 -0.0179
vn -0.3912 0.9163 -0.0861
vn -0.3823 0.9200 -0.0859
vn -0.4394 0.8892 -0.1275
vn -0.4414 0.8868 -0.1366
vn -0.5225 0.8289 -0.1998
vn -0.5143 0.8340 -0.2000
vn -0.5652 0.7900 -0.2376
vn -0.5667 0.7863 -0.2463
vn -0.6368 0.7094 -0.3020
vn -0.6294 0.7156 -0.3028
vn -0.6724 0.6602 -0.3347
vn -0.6731 0.6552 -0.3429
vn -0.7298 0.5624 -0.3887
vn -0.7234 0.5695 -0.3903
vn -0.7569 0.5047 -0.4151
vn -0.7567 0.4987 -0.4227
vn -0.7979 0.3935 -0.4567
vn -0.7926 0.4012 -0.4591
vn -0.8155 0.3295 -0.4758
vn -0.8142 0.3228 -0.4825
vn -0.8384 0.2092 -0.5033
vn -0.8344 0.2172 -0.5066
vn -0.8459 0.1414 -0.5143
vn -0.8435 0.1342 -0.5201
vn -0.8499 0.0165 -0.5267
vn -0.8470 0.0246 -0.5310
vn -0.8469 -0.0524 -0.5292
vn -0.8433 -0.0599 -0.5341
vn -0.8319 -0.1770 -0.5260
vn -0.8302 -0.1692 -0.5313
vn -0.8185 -0.2445 -0.5199
vn -0.8137 -0.2518 -0.5238
vn -0.7850 -0.3640 -0.5012
vn -0.7844 -0.3567 -0.5074
vn -0.7618 -0.4274 -0.4868
vn -0.7559 -0.4344 -0.4898
vn -0.7111 -0.5373 -0.4534
vn -0.7115 -0.5308 -0.4605
vn -0.6789 -0.5942 -0.4312
vn -0.6720 -0.6006 -0.4332
vn -0.6131 -0.6903 -0.3843
vn -0.6142 -0.6848 -0.3921
vn -0.5732 -0.7385 -0.3551
vn -0.5653 -0.7439 -0.3564
vn -0.4946 -0.8170 -0.2965
vn -0.4964 -0.8128 -0.3050
vn -0.4485 -0.8547 -0.2616
vn -0.4399 -0.8589 -0.2621
vn -0.3602 -0.9126 -0.1936
vn -0.3690 -0.9063 -0.2062
vn -0.0013 0.9715 0.2368
vn -0.0037 0.9737 0.2278
vn 0.0517 0.9588 0.2792
vn 0.0613 0.9581 0.2798
vn 0.1462 0.9237 0.3540
vn 0.1442 0.9273 0.3453
vn 0.1967 0.8980 0.3935
vn 0.2061 0.8958 0.3937
vn 0.2850 0.8401 0.4615
vn 0.2835 0.8451 0.4533
vn 0.3311 0.8025 0.4964
vn 0.3400 0.7989 0.4962
vn 0.4097 0.7240 0.5550
vn 0.4089 0.7300 0.5476
vn 0.4496 0.6758 0.5841
vn 0.4579 0.6709 0.5833
vn 0.5155 0.5797 0.6311
vn 0.5156 0.5867 0.6244
vn 0.5476 0.5228 0.6532
vn 0.5551 0.5170 0.6516
vn 0.5983 0.4129 0.6867
vn 0.5994 0.4207 0.6809
vn 0.6216 0.3492 0.7012
vn 0.6280 0.3426 0.6987
vn 0.6553 0.2284 0.7200
vn 0.6574 0.2373 0.7152
vn 0.6685 0.1608 0.7261
vn 0.6738 0.1543 0.7226
vn 0.6832 0.0375 0.7292
vn 0.6868 0.0458 0.7254
vn 0.6862 -0.0308 0.7267
vn 0.6905 -0.0384 0.7223
vn 0.6824 -0.1544 0.7145
vn 0.6871 -0.1474 0.7115
vn 0.6751 -0.2221 0.7035
vn 0.6780 -0.2304 0.6980
vn 0.6521 -0.3437 0.6757
vn 0.6579 -0.3365 0.6737
vn 0.6344 -0.4080 0.6566
vn 0.6363 -0.4151 0.6503
vn 0.5934 -0.5192 0.6150
vn 0.6003 -0.5126 0.6139
vn 0.5663 -0.5769 0.5886
vn 0.5671 -0.5834 0.5815
vn 0.5089 -0.6747 0.5346
vn 0.5167 -0.6691 0.5341
vn 0.4733 -0.7239 0.5019
vn 0.4731 -0.7295 0.4940
vn 0.4017 -0.8045 0.4374
vn 0.4103 -0.8002 0.4375
vn 0.3590 -0.8434 0.3997
vn 0.3579 -0.8479 0.3912
vn 0.2759 -0.9037 0.3274
vn 0.2899 -0.8971 0.3333
vn 0.2658 -0.9120 0.3125
vn 0.2989 -0.8843 0.3588
vn 0.7324 -0.3017 0.6105
vn 0.5624 -0.6459 0.5163
vn 0.2416 -0.9110 0.3342
vn 0.5501 -0.4018 0.7321
vn 0.1471 -0.9527 0.2659
vn 0.2128 -0.9276 0.3069
vn 0.0233 -0.9863 0.1632
vn -0.7842 -0.5587 -0.2702
vn 0.2594 -0.9046 0.3383
vn 0.2547 -0.9040 0.3434
vn 0.3443 -0.8390 0.4214
vn 0.3491 -0.8395 0.4164
vn 0.3853 -0.8065 0.4484
vn 0.3804 -0.8061 0.4533
vn 0.4577 -0.7191 0.5229
vn 0.4626 -0.7195 0.5180
vn 0.4928 -0.6778 0.5457
vn 0.4878 -0.6775 0.5505
vn 0.5497 -0.5720 0.6088
vn 0.5547 -0.5722 0.6040
vn 0.5777 -0.5234 0.6264
vn 0.5726 -0.5233 0.6311
vn 0.6168 -0.4032 0.6760
vn 0.6219 -0.4032 0.6713
vn 0.6370 -0.3487 0.6875
vn 0.6318 -0.3488 0.6922
vn 0.6569 -0.2173 0.7220
vn 0.6620 -0.2167 0.7175
vn 0.6682 -0.1594 0.7267
vn 0.6632 -0.1600 0.7311
vn 0.6675 -0.0268 0.7441
vn 0.6724 -0.0263 0.7397
vn 0.6699 0.0310 0.7418
vn 0.6650 0.0307 0.7462
vn 0.6490 0.1635 0.7430
vn 0.6540 0.1637 0.7385
vn 0.6428 0.2208 0.7335
vn 0.6376 0.2205 0.7381
vn 0.6010 0.3514 0.7178
vn 0.6062 0.3519 0.7132
vn 0.5863 0.4060 0.7010
vn 0.5813 0.4052 0.7056
vn 0.5267 0.5237 0.6696
vn 0.5317 0.5247 0.6649
vn 0.5044 0.5728 0.6461
vn 0.4995 0.5717 0.6508
vn 0.4283 0.6756 0.6001
vn 0.4332 0.6767 0.5954
vn 0.3994 0.7175 0.5707
vn 0.3946 0.7163 0.5755
vn 0.3098 0.8010 0.5123
vn 0.3146 0.8022 0.5075
vn 0.2756 0.8341 0.4779
vn 0.2709 0.8328 0.4828
vn 0.1756 0.8953 0.4094
vn 0.1802 0.8966 0.4044
vn 0.1375 0.9184 0.3710
vn 0.1329 0.9170 0.3761
vn 0.0308 0.9549 0.2953
vn 0.0353 0.9563 0.2902
vn -0.0095 0.9671 0.2543
vn -0.0140 0.9656 0.2595
vn -0.7885 0.0603 -0.6120
vn -0.7907 0.0603 -0.6093
vn -0.5718 0.7751 -0.2688
vn -0.1523 0.9817 0.1140
vn -0.1209 -0.0572 0.9910
vn 0.4502 0.0790 0.8894
vn -0.3459 -0.9155 -0.2053
vn -0.2992 -0.9321 -0.2043
vn 0.0020 -0.9994 0.0353
vn 0.6292 0.1053 -0.7701
vn -0.0975 -0.9951 -0.0154
vn 0.0509 -0.9931 0.1061
vn 0.9874 -0.0300 -0.1555
vn -0.0413 -0.0443 -0.9982
vn 0.9875 0.0324 -0.1546
vn -0.0433 0.0181 -0.9989
vn -0.9228 -0.1676 -0.3468
vn -0.0298 0.9994 0.0194
vn -0.0507 0.3491 -0.9357
vn 0.5246 -0.1474 0.8385
vn -0.6001 -0.3101 0.7374
vn 0.5581 0.4625 -0.6889
vn -0.6332 -0.0339 0.7733
vn -0.6688 -0.2568 0.6977
vn -0.7628 -0.0100 -0.6465
vn 0.0262 -0.9960 0.0855
vn -0.0725 -0.9974 0.0048
vn -0.0183 -0.9997 0.0188
vn 0.2745 -0.9242 0.2655
vn 0.2847 -0.9068 0.3111
vn 0.2881 -0.8986 0.3311
vn 0.3560 -0.8485 0.3915
vn 0.4101 -0.7993 0.4393
vn 0.4713 -0.7304 0.4944
vn 0.5164 -0.6681 0.5358
vn 0.5654 -0.5844 0.5820
vn 0.5998 -0.5114 0.6154
vn 0.6348 -0.4163 0.6509
vn 0.6571 -0.3354 0.6751
vn 0.6767 -0.2323 0.6986
vn 0.6861 -0.1467 0.7126
vn 0.6895 -0.0399 0.7232
vn 0.6857 0.0471 0.7264
vn 0.6729 0.1535 0.7236
vn 0.6560 0.2391 0.7159
vn 0.6274 0.3413 0.6999
vn 0.5979 0.4218 0.6816
vn 0.5546 0.5157 0.6530
vn 0.5139 0.5876 0.6250
vn 0.4576 0.6697 0.5849
vn 0.4071 0.7307 0.5480
vn 0.3399 0.7979 0.4979
vn 0.2816 0.8455 0.4537
vn 0.2061 0.8950 0.3955
vn 0.1422 0.9275 0.3457
vn 0.0613 0.9576 0.2817
vn -0.0057 0.9736 0.2280
vn -0.0888 0.9830 0.1607
vn -0.1564 0.9821 0.1054
vn -0.2386 0.9704 0.0373
vn -0.3041 0.9525 -0.0176
vn -0.3823 0.9202 -0.0839
vn -0.4432 0.8860 -0.1362
vn -0.5143 0.8344 -0.1981
vn -0.5683 0.7852 -0.2458
vn -0.6295 0.7163 -0.3009
vn -0.6746 0.6540 -0.3423
vn -0.7237 0.5704 -0.3885
vn -0.7580 0.4974 -0.4219
vn -0.7930 0.4022 -0.4575
vn -0.8153 0.3214 -0.4816
vn -0.8350 0.2184 -0.5051
vn -0.8444 0.1327 -0.5190
vn -0.8478 0.0259 -0.5296
vn -0.8440 -0.0613 -0.5328
vn -0.8312 -0.1679 -0.5301
vn -0.8142 -0.2532 -0.5224
vn -0.7856 -0.3555 -0.5064
vn -0.7562 -0.4356 -0.4882
vn -0.7129 -0.5297 -0.4596
vn -0.6722 -0.6016 -0.4315
vn -0.6158 -0.6838 -0.3914
vn -0.5653 -0.7448 -0.3546
vn -0.4981 -0.8119 -0.3044
vn -0.4398 -0.8595 -0.2602
vn -0.3664 -0.9076 -0.2049
vn -0.6335 0.0497 0.7722
vt 0.339886 0.129039
vt 0.335132 0.125606
vt 0.332451 0.125676
vt 0.334409 0.129107
vt 0.336658 0.122315
vt 0.333324 0.119897
vt 0.331351 0.120142
vt 0.331263 0.123376
vt 0.334660 0.115999
vt 0.332980 0.115146
vt 0.331445 0.117133
vt 0.331441 0.117093
vt 0.331469 0.117079
vt 0.331456 0.117120
vt 0.331457 0.117093
vt 0.331471 0.117086
vt 0.331501 0.117079
vt 0.331485 0.117084
vt 0.329348 0.119767
vt 0.331511 0.117087
vt 0.331487 0.117089
vt 0.330128 0.115211
vt 0.326030 0.122063
vt 0.322657 0.128531
vt 0.327417 0.125313
vt 0.328046 0.115851
vt 0.322451 0.123502
vt 0.320520 0.127640
vt 0.324142 0.119462
vt 0.320044 0.122619
vt 0.318198 0.126945
vt 0.321786 0.118569
vt 0.317832 0.121746
vt 0.316055 0.126217
vt 0.319566 0.117630
vt 0.315607 0.120876
vt 0.313872 0.125469
vt 0.317330 0.116682
vt 0.313343 0.120010
vt 0.311633 0.124708
vt 0.315053 0.115729
vt 0.311033 0.119156
vt 0.309337 0.123963
vt 0.312736 0.114786
vt 0.308680 0.118300
vt 0.306992 0.123205
vt 0.310373 0.113842
vt 0.306282 0.117454
vt 0.304598 0.122456
vt 0.307967 0.112910
vt 0.303843 0.116604
vt 0.302160 0.121696
vt 0.305518 0.111979
vt 0.301361 0.115762
vt 0.299678 0.120944
vt 0.303030 0.111062
vt 0.298843 0.114914
vt 0.297154 0.120180
vt 0.300508 0.110146
vt 0.296290 0.114061
vt 0.294591 0.119407
vt 0.297957 0.109236
vt 0.293705 0.113199
vt 0.291985 0.118630
vt 0.295385 0.108327
vt 0.291086 0.112341
vt 0.289331 0.117866
vt 0.292795 0.107428
vt 0.034059 0.740721
vt 0.052456 0.744642
vt 0.060324 0.706896
vt 0.042427 0.703027
vt 0.026392 0.775766
vt 0.045232 0.779745
vt 0.070897 0.748233
vt 0.078264 0.710429
vt 0.064124 0.783402
vt 0.089354 0.751625
vt 0.096214 0.713766
vt 0.083041 0.786856
vt 0.107830 0.754811
vt 0.114174 0.716907
vt 0.101984 0.790095
vt 0.126327 0.757782
vt 0.132149 0.719820
vt 0.120951 0.793127
vt 0.144848 0.760508
vt 0.150143 0.722497
vt 0.139948 0.795904
vt 0.163396 0.762982
vt 0.168160 0.724920
vt 0.158974 0.798425
vt 0.181977 0.765170
vt 0.186213 0.727052
vt 0.178032 0.800661
vt 0.200584 0.767122
vt 0.204293 0.728940
vt 0.197114 0.802663
vt 0.219222 0.768807
vt 0.222416 0.730561
vt 0.216222 0.804391
vt 0.237885 0.770265
vt 0.240575 0.731949
vt 0.235348 0.805889
vt 0.256579 0.771466
vt 0.258795 0.733090
vt 0.254492 0.807118
vt 0.275292 0.772449
vt 0.277059 0.734025
vt 0.273647 0.808121
vt 0.294019 0.773188
vt 0.295415 0.734766
vt 0.292803 0.808853
vt 0.312742 0.773724
vt 0.313803 0.735378
vt 0.311954 0.809363
vt 0.331401 0.774009
vt 0.332326 0.735950
vt 0.331075 0.809600
vt 0.349880 0.774019
vt 0.349522 0.736005
vt 0.350165 0.809603
vt 0.368368 0.773678
vt 0.366645 0.735439
vt 0.369265 0.809318
vt 0.387075 0.773079
vt 0.385332 0.734547
vt 0.388412 0.808802
vt 0.405864 0.772245
vt 0.403852 0.733647
vt 0.407605 0.808018
vt 0.424668 0.771225
vt 0.422320 0.732618
vt 0.426815 0.807023
vt 0.443464 0.769976
vt 0.440692 0.731410
vt 0.446034 0.805769
vt 0.462248 0.768519
vt 0.459023 0.729998
vt 0.465249 0.804297
vt 0.481005 0.766812
vt 0.477294 0.728346
vt 0.484453 0.802561
vt 0.499745 0.764885
vt 0.495538 0.726467
vt 0.503643 0.800603
vt 0.518457 0.762703
vt 0.513744 0.724334
vt 0.522813 0.798383
vt 0.537151 0.760296
vt 0.531932 0.721967
vt 0.541964 0.795939
vt 0.555819 0.757627
vt 0.550093 0.719338
vt 0.561087 0.793228
vt 0.574468 0.754735
vt 0.568242 0.716480
vt 0.580189 0.790296
vt 0.593093 0.751588
vt 0.586368 0.713367
vt 0.599261 0.787107
vt 0.611703 0.748226
vt 0.604482 0.710032
vt 0.618308 0.783706
vt 0.376199 0.113581
vt 0.373387 0.114256
vt 0.374720 0.120066
vt 0.377538 0.119491
vt 0.374851 0.108277
vt 0.372053 0.108996
vt 0.370610 0.114925
vt 0.371947 0.120645
vt 0.369269 0.109721
vt 0.367869 0.115603
vt 0.369215 0.121240
vt 0.366512 0.110461
vt 0.365163 0.116286
vt 0.366525 0.121836
vt 0.363784 0.111213
vt 0.362497 0.116984
vt 0.363877 0.122447
vt 0.361091 0.111986
vt 0.359871 0.117690
vt 0.361273 0.123059
vt 0.358437 0.112773
vt 0.357291 0.118414
vt 0.358715 0.123686
vt 0.355826 0.113585
vt 0.354756 0.119147
vt 0.356206 0.124313
vt 0.353261 0.114409
vt 0.352270 0.119900
vt 0.353751 0.124958
vt 0.350742 0.115259
vt 0.349833 0.120663
vt 0.351350 0.125601
vt 0.348274 0.116121
vt 0.347446 0.121450
vt 0.349010 0.126269
vt 0.345851 0.117007
vt 0.345107 0.122253
vt 0.346734 0.126935
vt 0.343477 0.117907
vt 0.342789 0.123069
vt 0.344506 0.127589
vt 0.341129 0.118817
vt 0.340278 0.123894
vt 0.342104 0.128208
vt 0.338657 0.119702
vt 0.346185 0.143819
vt 0.348270 0.143754
vt 0.343116 0.143913
vt 0.336303 0.153648
vt 0.344120 0.159665
vt 0.346643 0.160384
vt 0.333997 0.138442
vt 0.336029 0.143830
vt 0.337199 0.148154
vt 0.332426 0.149136
vt 0.333672 0.155053
vt 0.332684 0.155350
vt 0.332597 0.162064
vt 0.336941 0.172985
vt 0.333462 0.173363
vt 0.340263 0.173794
vt 0.333648 0.143624
vt 0.334069 0.145586
vt 0.331877 0.147070
vt 0.332844 0.143593
vt 0.332733 0.144804
vt 0.331723 0.145491
vt 0.332271 0.143558
vt 0.331572 0.144798
vt 0.331348 0.145342
vt 0.331580 0.147354
vt 0.331357 0.146067
vt 0.331169 0.145194
vt 0.331065 0.145198
vt 0.331125 0.145964
vt 0.331280 0.147475
vt 0.330962 0.147488
vt 0.330967 0.145963
vt 0.330924 0.145202
vt 0.330821 0.145196
vt 0.330739 0.145956
vt 0.330662 0.147487
vt 0.330346 0.147454
vt 0.330582 0.145949
vt 0.330681 0.145185
vt 0.330578 0.145176
vt 0.330346 0.146038
vt 0.330054 0.147315
vt 0.329779 0.147016
vt 0.330018 0.145441
vt 0.330393 0.145314
vt 0.330208 0.144758
vt 0.329050 0.144702
vt 0.327679 0.145412
vt 0.328209 0.143485
vt 0.329008 0.143496
vt 0.329578 0.143490
vt 0.329436 0.140796
vt 0.329882 0.141611
vt 0.330189 0.142209
vt 0.329388 0.139464
vt 0.330208 0.141515
vt 0.330421 0.142220
vt 0.330689 0.141832
vt 0.330677 0.141686
vt 0.330634 0.141245
vt 0.330467 0.140173
vt 0.330732 0.140218
vt 0.331010 0.139448
vt 0.331028 0.138443
vt 0.330006 0.138396
vt 0.328104 0.138362
vt 0.330374 0.135850
vt 0.329588 0.134915
vt 0.331098 0.135834
vt 0.328122 0.128745
vt 0.331768 0.135806
vt 0.332601 0.134738
vt 0.332057 0.138412
vt 0.332644 0.139517
vt 0.332539 0.140846
vt 0.331522 0.140200
vt 0.331308 0.141253
vt 0.331726 0.141538
vt 0.331254 0.140237
vt 0.332055 0.141646
vt 0.331479 0.142235
vt 0.331717 0.142234
vt 0.331519 0.142494
vt 0.331946 0.143518
vt 0.331184 0.142413
vt 0.331245 0.141693
vt 0.331226 0.141839
vt 0.331111 0.141826
vt 0.330948 0.142143
vt 0.330943 0.142394
vt 0.331137 0.142625
vt 0.331375 0.142690
vt 0.330937 0.142612
vt 0.330703 0.142409
vt 0.330740 0.142622
vt 0.330374 0.142478
vt 0.330507 0.142678
vt 0.329903 0.143466
vt 0.330165 0.143445
vt 0.330330 0.144492
vt 0.330446 0.144289
vt 0.330703 0.144617
vt 0.330717 0.144430
vt 0.330740 0.144265
vt 0.330890 0.144604
vt 0.330894 0.144428
vt 0.330899 0.144269
vt 0.331073 0.144443
vt 0.331060 0.144278
vt 0.331077 0.144630
vt 0.331463 0.144527
vt 0.331358 0.144318
vt 0.331683 0.143484
vt 0.331256 0.142827
vt 0.331469 0.143450
vt 0.331259 0.144153
vt 0.331091 0.142791
vt 0.331161 0.142920
vt 0.331285 0.143415
vt 0.331050 0.142910
vt 0.330933 0.142781
vt 0.330930 0.142909
vt 0.330778 0.142789
vt 0.330812 0.142908
vt 0.330617 0.142819
vt 0.330705 0.142915
vt 0.330378 0.143421
vt 0.330561 0.143395
vt 0.330552 0.144128
vt 0.330651 0.144003
vt 0.330766 0.144125
vt 0.330794 0.144014
vt 0.330903 0.144132
vt 0.330906 0.144017
vt 0.331041 0.144138
vt 0.331020 0.144027
vt 0.331166 0.144024
vt 0.331069 0.143388
vt 0.330916 0.143333
vt 0.330768 0.143379
vt 0.330802 0.141822
vt 0.331107 0.141687
vt 0.330812 0.141684
vt 0.331138 0.141244
vt 0.330803 0.141243
vt 0.329710 0.125525
vt 0.329961 0.125539
vt 0.318784 0.143198
vt 0.325829 0.143561
vt 0.324969 0.153315
vt 0.324414 0.147760
vt 0.327516 0.154873
vt 0.329123 0.149048
vt 0.328477 0.155227
vt 0.329541 0.149591
vt 0.329241 0.155321
vt 0.330004 0.149975
vt 0.330196 0.155516
vt 0.330489 0.150029
vt 0.330944 0.155534
vt 0.330986 0.150049
vt 0.331911 0.155397
vt 0.331475 0.150023
vt 0.331967 0.149662
vt 0.330352 0.162335
vt 0.328128 0.161920
vt 0.326555 0.173126
vt 0.330007 0.173280
vt 0.329570 0.187244
vt 0.332674 0.187358
vt 0.326462 0.187159
vt 0.335773 0.187528
vt 0.332351 0.193910
vt 0.335319 0.194111
vt 0.329375 0.193818
vt 0.329234 0.198962
vt 0.332101 0.199034
vt 0.334962 0.199245
vt 0.326397 0.193739
vt 0.326365 0.198866
vt 0.323487 0.198938
vt 0.323412 0.193773
vt 0.323349 0.187144
vt 0.320421 0.193820
vt 0.320241 0.187235
vt 0.320594 0.198981
vt 0.317688 0.199179
vt 0.317422 0.193963
vt 0.317150 0.187367
vt 0.314407 0.194105
vt 0.314064 0.187506
vt 0.314752 0.199343
vt 0.311796 0.199639
vt 0.311376 0.194338
vt 0.310977 0.187695
vt 0.308316 0.194556
vt 0.307877 0.187872
vt 0.308796 0.199890
vt 0.305763 0.200289
vt 0.305223 0.194844
vt 0.304758 0.188073
vt 0.302079 0.195103
vt 0.301607 0.188248
vt 0.302660 0.200632
vt 0.299503 0.201098
vt 0.298883 0.195424
vt 0.298418 0.188434
vt 0.295613 0.195701
vt 0.295179 0.188579
vt 0.296252 0.201492
vt 0.292926 0.202028
vt 0.292264 0.196021
vt 0.291884 0.188714
vt 0.288805 0.196266
vt 0.288525 0.188765
vt 0.289462 0.202482
vt 0.285824 0.203023
vt 0.285228 0.196471
vt 0.285106 0.188707
vt 0.281508 0.196572
vt 0.281630 0.188538
vt 0.282008 0.203484
vt 0.277961 0.204113
vt 0.277561 0.196656
vt 0.278108 0.188340
vt 0.190194 0.313027
vt 0.179385 0.303797
vt 0.160609 0.330161
vt 0.172691 0.337676
vt 0.206175 0.295986
vt 0.197776 0.285969
vt 0.214736 0.304530
vt 0.200524 0.320978
vt 0.184489 0.344468
vt 0.210440 0.328250
vt 0.195853 0.350867
vt 0.223116 0.312350
vt 0.231469 0.319121
vt 0.220117 0.334829
vt 0.206833 0.356939
vt 0.229549 0.340892
vt 0.217549 0.362613
vt 0.239628 0.325386
vt 0.247980 0.330706
vt 0.238941 0.346214
vt 0.228117 0.367705
vt 0.248210 0.351086
vt 0.238554 0.372362
vt 0.256199 0.335646
vt 0.264538 0.339821
vt 0.257497 0.355285
vt 0.248918 0.376499
vt 0.266723 0.359080
vt 0.259227 0.380225
vt 0.272791 0.343672
vt 0.281177 0.346747
vt 0.275994 0.362246
vt 0.269533 0.383441
vt 0.285251 0.365030
vt 0.279856 0.386247
vt 0.289517 0.349536
vt 0.297963 0.351554
vt 0.294571 0.367193
vt 0.290239 0.388540
vt 0.303910 0.368969
vt 0.300715 0.390396
vt 0.306398 0.353292
vt 0.314886 0.354379
vt 0.313307 0.370097
vt 0.311310 0.391691
vt 0.322703 0.370819
vt 0.322097 0.392412
vt 0.323356 0.355176
vt 0.331843 0.355150
vt 0.332048 0.370906
vt 0.332211 0.392532
vt 0.341419 0.370621
vt 0.342444 0.392278
vt 0.340349 0.354839
vt 0.348856 0.353862
vt 0.350853 0.369671
vt 0.353290 0.391406
vt 0.360304 0.368304
vt 0.363985 0.389937
vt 0.357383 0.352594
vt 0.365844 0.350551
vt 0.369710 0.366274
vt 0.374574 0.387854
vt 0.379114 0.363840
vt 0.385085 0.385308
vt 0.374338 0.348221
vt 0.382720 0.345100
vt 0.388463 0.360763
vt 0.395540 0.382224
vt 0.397844 0.357283
vt 0.405996 0.378720
vt 0.391169 0.341668
vt 0.399513 0.337493
vt 0.407191 0.353147
vt 0.416474 0.374711
vt 0.416620 0.348584
vt 0.427031 0.370277
vt 0.407962 0.332970
vt 0.416245 0.327551
vt 0.426053 0.343318
vt 0.437675 0.365279
vt 0.435650 0.337567
vt 0.448485 0.359839
vt 0.424699 0.321695
vt 0.433023 0.314904
vt 0.445330 0.331036
vt 0.459502 0.353840
vt 0.455302 0.323924
vt 0.470809 0.347404
vt 0.441592 0.307516
vt 0.450026 0.298936
vt 0.465514 0.315873
vt 0.482450 0.340366
vt 0.476268 0.307104
vt 0.494540 0.332995
vt 0.458840 0.289352
vt 0.378797 0.207429
vt 0.382910 0.208298
vt 0.383854 0.200893
vt 0.379905 0.200529
vt 0.383995 0.192528
vt 0.380410 0.192454
vt 0.376161 0.200013
vt 0.376884 0.192237
vt 0.375015 0.206503
vt 0.371405 0.205714
vt 0.372572 0.199507
vt 0.373434 0.191974
vt 0.369128 0.198928
vt 0.370062 0.191631
vt 0.367994 0.204861
vt 0.364676 0.204161
vt 0.365787 0.198390
vt 0.366762 0.191273
vt 0.362546 0.197811
vt 0.363531 0.190868
vt 0.361487 0.203402
vt 0.358359 0.202775
vt 0.359371 0.197295
vt 0.360351 0.190476
vt 0.356267 0.196754
vt 0.357222 0.190056
vt 0.355325 0.202099
vt 0.352322 0.201575
vt 0.353205 0.196280
vt 0.354127 0.189654
vt 0.350187 0.195791
vt 0.351062 0.189237
vt 0.349379 0.201009
vt 0.346454 0.200571
vt 0.347188 0.195387
vt 0.348010 0.188858
vt 0.344215 0.194977
vt 0.344967 0.188472
vt 0.343570 0.200099
vt 0.340689 0.199781
vt 0.341246 0.194651
vt 0.341918 0.188132
vt 0.338285 0.194328
vt 0.338860 0.187802
vt 0.337828 0.199432
vt 0.337109 0.206851
vt 0.339795 0.207208
vt 0.334425 0.206691
vt 0.331737 0.206526
vt 0.333778 0.213936
vt 0.336244 0.214175
vt 0.331377 0.213793
vt 0.329048 0.206418
vt 0.328973 0.213693
vt 0.326368 0.206307
vt 0.326496 0.213690
vt 0.323982 0.213767
vt 0.323671 0.206404
vt 0.320949 0.206512
vt 0.321463 0.213962
vt 0.318941 0.214231
vt 0.318218 0.206793
vt 0.315433 0.207071
vt 0.316435 0.214645
vt 0.313878 0.215092
vt 0.312630 0.207429
vt 0.309778 0.207780
vt 0.311230 0.215637
vt 0.308558 0.216342
vt 0.306900 0.208339
vt 0.303926 0.208889
vt 0.305841 0.217152
vt 0.303039 0.217989
vt 0.300891 0.209547
vt 0.297763 0.210175
vt 0.300099 0.218961
vt 0.297106 0.220089
vt 0.294584 0.211024
vt 0.291233 0.211859
vt 0.294036 0.221256
vt 0.290785 0.222413
vt 0.287808 0.212744
vt 0.284196 0.213592
vt 0.287336 0.223552
vt 0.284170 0.224620
vt 0.280541 0.214724
vt 0.230650 0.277369
vt 0.225327 0.268283
vt 0.253755 0.264550
vt 0.250317 0.257023
vt 0.257520 0.271537
vt 0.236582 0.285366
vt 0.242555 0.292776
vt 0.261575 0.277863
vt 0.265828 0.283772
vt 0.248805 0.299464
vt 0.255020 0.305544
vt 0.270424 0.289252
vt 0.275428 0.294092
vt 0.261696 0.310629
vt 0.268362 0.315280
vt 0.280508 0.298280
vt 0.285624 0.302041
vt 0.275160 0.319408
vt 0.281908 0.323161
vt 0.290974 0.305353
vt 0.296505 0.308308
vt 0.288868 0.326164
vt 0.295840 0.328778
vt 0.302241 0.310548
vt 0.307947 0.312371
vt 0.302942 0.330606
vt 0.310061 0.332161
vt 0.313572 0.313708
vt 0.319299 0.314713
vt 0.317219 0.333332
vt 0.324316 0.334201
vt 0.325271 0.315275
vt 0.331253 0.315468
vt 0.331453 0.334056
vt 0.338659 0.333608
vt 0.337072 0.315187
vt 0.342778 0.314350
vt 0.345865 0.332721
vt 0.353024 0.331556
vt 0.348541 0.313055
vt 0.354305 0.311352
vt 0.360113 0.329654
vt 0.367190 0.327393
vt 0.360018 0.309101
vt 0.365585 0.306444
vt 0.374084 0.324334
vt 0.381049 0.320907
vt 0.370914 0.303356
vt 0.376216 0.299843
vt 0.387898 0.316996
vt 0.394761 0.312687
vt 0.381494 0.295708
vt 0.386440 0.290925
vt 0.401250 0.307419
vt 0.407781 0.301600
vt 0.391109 0.285691
vt 0.395438 0.279976
vt 0.414035 0.295076
vt 0.420300 0.288025
vt 0.399666 0.273740
vt 0.403564 0.266883
vt 0.426099 0.280048
vt 0.431862 0.271190
vt 0.407152 0.259523
vt 0.371091 0.227063
vt 0.374371 0.228740
vt 0.379312 0.218860
vt 0.375592 0.217481
vt 0.372121 0.216133
vt 0.367973 0.225440
vt 0.365027 0.223860
vt 0.368738 0.214890
vt 0.365554 0.213671
vt 0.362148 0.222357
vt 0.359300 0.221039
vt 0.362417 0.212685
vt 0.359399 0.211694
vt 0.356565 0.219879
vt 0.353911 0.218760
vt 0.356437 0.210834
vt 0.353583 0.209983
vt 0.351297 0.217763
vt 0.348696 0.216936
vt 0.350743 0.209350
vt 0.347961 0.208716
vt 0.346192 0.216225
vt 0.343741 0.215569
vt 0.345202 0.208149
vt 0.342502 0.207584
vt 0.341257 0.214996
vt 0.338753 0.214486
vt 0.338035 0.218773
vt 0.340322 0.219214
vt 0.335761 0.218378
vt 0.333652 0.233875
vt 0.335217 0.234298
vt 0.336760 0.234832
vt 0.332089 0.233556
vt 0.333476 0.218084
vt 0.330513 0.233325
vt 0.331156 0.217880
vt 0.328927 0.233248
vt 0.328850 0.217829
vt 0.327297 0.233381
vt 0.326567 0.217872
vt 0.325652 0.233614
vt 0.324281 0.218007
vt 0.324048 0.233981
vt 0.321980 0.218253
vt 0.751011 0.844958
vt 0.751283 0.845546
vt 0.750485 0.847386
vt 0.750484 0.846843
vt 0.322428 0.234438
vt 0.319616 0.218609
vt 0.751587 0.846455
vt 0.750504 0.848200
vt 0.320840 0.234998
vt 0.317190 0.218979
vt 0.909414 0.934401
vt 0.908735 0.930825
vt 0.904729 0.932553
vt 0.905256 0.935688
vt 0.319270 0.235690
vt 0.314780 0.219540
vt 0.317833 0.236552
vt 0.312366 0.220212
vt 0.316401 0.237545
vt 0.309899 0.220950
vt 0.315047 0.238649
vt 0.307339 0.221790
vt 0.313720 0.239900
vt 0.304782 0.222870
vt 0.312450 0.241286
vt 0.302141 0.224073
vt 0.311237 0.242822
vt 0.299335 0.225387
vt 0.310076 0.244467
vt 0.296297 0.226881
vt 0.309003 0.246325
vt 0.293129 0.228677
vt 0.308479 0.248028
vt 0.289638 0.230769
vt 0.308129 0.249873
vt 0.286982 0.234022
vt 0.887693 0.906747
vt 0.884564 0.905949
vt 0.883713 0.910665
vt 0.886370 0.911424
vt 0.308165 0.252386
vt 0.264423 0.251419
vt 0.266462 0.258693
vt 0.308516 0.254814
vt 0.268993 0.265240
vt 0.309121 0.257144
vt 0.271987 0.271293
vt 0.310058 0.259313
vt 0.275514 0.276683
vt 0.311125 0.261375
vt 0.279271 0.281517
vt 0.312489 0.263239
vt 0.283067 0.285941
vt 0.313656 0.264981
vt 0.287164 0.289955
vt 0.315125 0.266500
vt 0.291662 0.293411
vt 0.316635 0.267846
vt 0.296270 0.296384
vt 0.318320 0.268973
vt 0.301017 0.298897
vt 0.320201 0.269877
vt 0.305763 0.301126
vt 0.321995 0.270650
vt 0.310624 0.302927
vt 0.323987 0.271207
vt 0.315686 0.304345
vt 0.325987 0.271368
vt 0.320753 0.305140
vt 0.751616 0.900525
vt 0.751280 0.901432
vt 0.750511 0.899465
vt 0.750546 0.898665
vt 0.328022 0.271506
vt 0.325728 0.305528
vt 0.750905 0.902067
vt 0.750479 0.899982
vt 0.330108 0.271225
vt 0.330775 0.305593
vt 0.750531 0.902297
vt 0.750459 0.900198
vt 0.332131 0.271452
vt 0.335918 0.305278
vt 0.844988 0.932313
vt 0.844331 0.935618
vt 0.848597 0.936211
vt 0.849211 0.933319
vt 0.334199 0.271277
vt 0.341117 0.304544
vt 0.750171 0.902220
vt 0.749857 0.901820
vt 0.750381 0.899814
vt 0.750391 0.900142
vt 0.336094 0.270872
vt 0.346175 0.303391
vt 0.843992 0.938904
vt 0.843861 0.942263
vt 0.848190 0.942110
vt 0.848247 0.939158
vt 0.337999 0.270241
vt 0.351077 0.301838
vt 0.844062 0.945658
vt 0.848421 0.945024
vt 0.339821 0.269430
vt 0.355904 0.299897
vt 0.844571 0.949018
vt 0.848904 0.947884
vt 0.341474 0.268389
vt 0.360648 0.297525
vt 0.845470 0.952254
vt 0.849608 0.950696
vt 0.343111 0.267202
vt 0.365346 0.294676
vt 0.344492 0.265749
vt 0.369715 0.291243
vt 0.345817 0.264205
vt 0.373825 0.287385
vt 0.346901 0.262409
vt 0.377898 0.283162
vt 0.348035 0.260410
vt 0.381783 0.278397
vt 0.348879 0.258238
vt 0.385374 0.273038
vt 0.349507 0.255926
vt 0.388442 0.267199
vt 0.349838 0.253504
vt 0.391081 0.260765
vt 0.349989 0.250833
vt 0.393347 0.253611
vt 0.349558 0.249120
vt 0.371058 0.235485
vt 0.367889 0.232976
vt 0.348800 0.247103
vt 0.364980 0.230785
vt 0.347921 0.245287
vt 0.362142 0.228916
vt 0.346981 0.243595
vt 0.359487 0.227265
vt 0.345962 0.242050
vt 0.356973 0.225752
vt 0.344793 0.240638
vt 0.354528 0.224381
vt 0.343586 0.239375
vt 0.352058 0.223253
vt 0.342307 0.238211
vt 0.349663 0.222237
vt 0.341017 0.237186
vt 0.347315 0.221288
vt 0.339686 0.236258
vt 0.344968 0.220428
vt 0.338301 0.235477
vt 0.342625 0.219767
vt 0.343402 0.174493
vt 0.346483 0.175032
vt 0.349177 0.160775
vt 0.349527 0.175498
vt 0.351765 0.161112
vt 0.352551 0.175902
vt 0.354410 0.161374
vt 0.355570 0.176267
vt 0.357098 0.161595
vt 0.358598 0.176577
vt 0.359833 0.161749
vt 0.361640 0.176856
vt 0.362605 0.161870
vt 0.364708 0.177078
vt 0.365417 0.161929
vt 0.367802 0.177277
vt 0.368263 0.161961
vt 0.370930 0.177412
vt 0.371142 0.161933
vt 0.374091 0.177516
vt 0.374050 0.161880
vt 0.377286 0.177544
vt 0.376984 0.161766
vt 0.380513 0.177538
vt 0.379942 0.161631
vt 0.383769 0.177445
vt 0.382915 0.161434
vt 0.510445 0.396072
vt 0.523971 0.390210
vt 0.536516 0.468421
vt 0.551306 0.463981
vt 0.497212 0.401715
vt 0.521986 0.472735
vt 0.484209 0.406954
vt 0.507666 0.476713
vt 0.471444 0.411947
vt 0.493607 0.480541
vt 0.458875 0.416571
vt 0.479759 0.484011
vt 0.446477 0.420939
vt 0.466185 0.487324
vt 0.434203 0.424940
vt 0.452836 0.490247
vt 0.422022 0.428697
vt 0.439799 0.493033
vt 0.409902 0.432190
vt 0.427029 0.495416
vt 0.397767 0.435479
vt 0.414643 0.497711
vt 0.385574 0.438615
vt 0.402597 0.499575
vt 0.373187 0.441621
vt 0.391047 0.501446
vt 0.360544 0.444735
vt 0.379952 0.502846
vt 0.347313 0.447792
vt 0.370425 0.504044
vt 0.342304 0.482118
vt 0.352531 0.506766
vt 0.330059 0.449650
vt 0.336710 0.481865
vt 0.309260 0.504727
vt 0.327043 0.506970
vt 0.800580 0.911278
vt 0.803687 0.902870
vt 0.781957 0.881630
vt 0.779704 0.887668
vt 0.317033 0.446431
vt 0.338047 0.509438
vt 0.338409 0.494845
vt 0.339410 0.510851
vt 0.340213 0.510895
vt 0.341545 0.509413
vt 0.340995 0.494954
vt 0.339390 0.529558
vt 0.338209 0.531524
vt 0.335732 0.549095
vt 0.340389 0.529561
vt 0.341645 0.531664
vt 0.344554 0.549549
vt 0.328425 0.595433
vt 0.815423 0.920006
vt 0.814786 0.919093
vt 0.820995 0.977545
vt 0.810367 0.980527
vt 0.312148 0.597407
vt 0.299859 0.503829
vt 0.353508 0.592805
vt 0.369554 0.595242
vt 0.385526 0.596695
vt 0.401504 0.597504
vt 0.417439 0.597669
vt 0.433408 0.597320
vt 0.449366 0.596489
vt 0.465374 0.595220
vt 0.481401 0.593575
vt 0.497484 0.591554
vt 0.513609 0.589225
vt 0.529792 0.586559
vt 0.546032 0.583636
vt 0.562325 0.580416
vt 0.578682 0.576980
vt 0.381137 0.140617
vt 0.378339 0.140975
vt 0.375572 0.141305
vt 0.372839 0.141629
vt 0.370145 0.141922
vt 0.367491 0.142210
vt 0.364884 0.142465
vt 0.362325 0.142717
vt 0.359821 0.142932
vt 0.357373 0.143145
vt 0.354988 0.143320
vt 0.352670 0.143496
vt 0.350422 0.143630
vt 0.296023 0.598821
vt 0.288852 0.502561
vt 0.280023 0.599518
vt 0.277350 0.501345
vt 0.264067 0.599681
vt 0.265452 0.499658
vt 0.248177 0.599313
vt 0.253169 0.497905
vt 0.232286 0.598497
vt 0.240607 0.495717
vt 0.216417 0.597266
vt 0.227748 0.493394
vt 0.200526 0.595641
vt 0.214676 0.490657
vt 0.184626 0.593675
vt 0.201360 0.487750
vt 0.168691 0.591352
vt 0.187864 0.484453
vt 0.152744 0.588713
vt 0.174149 0.480975
vt 0.136736 0.585797
vt 0.160269 0.477122
vt 0.120678 0.582655
vt 0.146156 0.473167
vt 0.104546 0.579381
vt 0.131787 0.469174
vt 0.088348 0.575930
vt 0.117196 0.465033
vt 0.072158 0.572015
vt 0.102520 0.460304
vt 0.287010 0.138415
vt 0.284324 0.137877
vt 0.281262 0.157980
vt 0.284152 0.158362
vt 0.289658 0.138967
vt 0.287020 0.158772
vt 0.292273 0.139489
vt 0.289875 0.159119
vt 0.294855 0.139964
vt 0.292713 0.159378
vt 0.297397 0.140393
vt 0.295528 0.159556
vt 0.299894 0.140813
vt 0.298313 0.159703
vt 0.302342 0.141190
vt 0.301066 0.159781
vt 0.304736 0.141560
vt 0.303785 0.159823
vt 0.307076 0.141883
vt 0.306465 0.159791
vt 0.309350 0.142203
vt 0.309105 0.159712
vt 0.311561 0.142474
vt 0.311696 0.159552
vt 0.313681 0.142727
vt 0.314236 0.159335
vt 0.315740 0.142918
vt 0.316787 0.158788
vt 0.316551 0.173606
vt 0.319735 0.173118
vt 0.323107 0.172520
vt 0.313437 0.173935
vt 0.310364 0.174193
vt 0.307316 0.174387
vt 0.304275 0.174533
vt 0.301230 0.174619
vt 0.298174 0.174669
vt 0.295099 0.174656
vt 0.292002 0.174607
vt 0.288882 0.174469
vt 0.285741 0.174220
vt 0.282585 0.173888
vt 0.279404 0.173579
vt 0.144111 0.393182
vt 0.130676 0.387174
vt 0.157442 0.398516
vt 0.170486 0.403637
vt 0.183204 0.408670
vt 0.195688 0.413502
vt 0.208019 0.417924
vt 0.220200 0.422076
vt 0.232271 0.425869
vt 0.244256 0.429408
vt 0.256194 0.432633
vt 0.268127 0.435638
vt 0.280097 0.438437
vt 0.292182 0.441090
vt 0.304441 0.443755
vt 0.337489 0.110254
vt 0.335223 0.111294
vt 0.328483 0.103108
vt 0.753367 0.740446
vt 0.753068 0.739591
vt 0.751153 0.733749
vt 0.752681 0.734065
vt 0.759139 0.746583
vt 0.755519 0.749057
vt 0.752979 0.753403
vt 0.750008 0.757534
vt 0.748128 0.762913
vt 0.745651 0.768148
vt 0.744249 0.774170
vt 0.742102 0.780113
vt 0.741011 0.786531
vt 0.739077 0.792912
vt 0.738155 0.799572
vt 0.737384 0.806219
vt 0.737580 0.812716
vt 0.737392 0.819107
vt 0.738102 0.825109
vt 0.738348 0.831054
vt 0.739413 0.836402
vt 0.739877 0.841749
vt 0.741062 0.846335
vt 0.741802 0.850943
vt 0.743134 0.854588
vt 0.744009 0.858293
vt 0.745318 0.860850
vt 0.746212 0.863489
vt 0.747342 0.864814
vt 0.748291 0.866221
vt 0.749234 0.866135
vt 0.750135 0.866135
vt 0.750736 0.864494
vt 0.751390 0.865808
vt 0.752290 0.865490
vt 0.753261 0.865258
vt 0.754191 0.863579
vt 0.755327 0.861981
vt 0.756187 0.859136
vt 0.757419 0.856357
vt 0.758182 0.852521
vt 0.759482 0.848742
vt 0.760164 0.844069
vt 0.761363 0.839420
vt 0.761854 0.834060
vt 0.763096 0.828729
vt 0.763574 0.822788
vt 0.763912 0.816653
vt 0.763340 0.810266
vt 0.763127 0.803880
vt 0.761954 0.797476
vt 0.761224 0.791049
vt 0.759529 0.784848
vt 0.758477 0.778601
vt 0.756403 0.772830
vt 0.754957 0.766966
vt 0.752477 0.761913
vt 0.750496 0.756706
vt 0.747468 0.752789
vt 0.744921 0.748654
vt 0.741345 0.746414
vt 0.746169 0.741542
vt 0.747152 0.740430
vt 0.747451 0.739576
vt 0.750240 0.738960
vt 0.754313 0.741651
vt 0.750266 0.733283
vt 0.333066 0.113726
vt 0.333943 0.106863
vt 0.331169 0.117682
vt 0.750389 0.730492
vt 0.751417 0.730625
vt 0.749353 0.733670
vt 0.749355 0.730537
vt 0.748571 0.728493
vt 0.750230 0.727119
vt 0.750235 0.727576
vt 0.749141 0.728269
vt 0.751895 0.728467
vt 0.751327 0.728249
vt 0.788960 0.737446
vt 0.781526 0.737446
vt 0.781526 0.709062
vt 0.788960 0.709062
vt 0.331477 0.117089
vt 0.331468 0.117084
vt 0.331471 0.117089
vt 0.331471 0.117091
vt 0.331470 0.117093
vt 0.331470 0.117088
vt 0.632043 0.156818
vt 0.632043 0.097577
vt 0.646615 0.102047
vt 0.656934 0.208984
vt 0.632043 0.212359
vt 0.644076 0.156974
vt 0.659306 0.157565
vt 0.331472 0.117091
vt 0.331473 0.117091
vt 0.331477 0.117092
vt 0.331471 0.117089
vt 0.844683 0.874215
vt 0.861929 0.887330
vt 0.869933 0.867144
vt 0.877839 0.766465
vt 0.848951 0.857814
vt 0.681825 0.212359
vt 0.750462 0.727502
vt 0.750242 0.727483
vt 0.750026 0.727511
vt 0.332437 0.105115
vt 0.327465 0.111768
vt 0.325435 0.110716
vt 0.323376 0.109569
vt 0.321227 0.108398
vt 0.318979 0.107222
vt 0.316670 0.106052
vt 0.314277 0.104897
vt 0.311834 0.103763
vt 0.309325 0.102656
vt 0.306777 0.101579
vt 0.304184 0.100531
vt 0.301560 0.099517
vt 0.298916 0.098529
vt 0.296253 0.097577
vt 0.010642 0.848541
vt 0.030386 0.852700
vt 0.050194 0.856541
vt 0.070042 0.860161
vt 0.089932 0.863543
vt 0.109857 0.866721
vt 0.129822 0.869614
vt 0.149821 0.872236
vt 0.169853 0.874568
vt 0.189909 0.876656
vt 0.209985 0.878454
vt 0.230078 0.880010
vt 0.250177 0.881278
vt 0.270283 0.882307
vt 0.290382 0.883048
vt 0.310480 0.883562
vt 0.330565 0.883798
vt 0.350647 0.883820
vt 0.370735 0.883564
vt 0.390833 0.883094
vt 0.410957 0.882344
vt 0.431087 0.881374
vt 0.451235 0.880120
vt 0.471378 0.878636
vt 0.491521 0.876862
vt 0.511651 0.874853
vt 0.531764 0.872561
vt 0.551854 0.870035
vt 0.571915 0.867224
vt 0.591944 0.864183
vt 0.611934 0.860867
vt 0.631887 0.857329
vt 0.372075 0.097577
vt 0.369184 0.098348
vt 0.366308 0.099151
vt 0.363451 0.099992
vt 0.360625 0.100869
vt 0.357828 0.101786
vt 0.355078 0.102740
vt 0.352366 0.103731
vt 0.349719 0.104760
vt 0.347120 0.105819
vt 0.344602 0.106908
vt 0.342141 0.108015
vt 0.339773 0.109136
s 0
f 1602/1612/1398 1601/1613/1398 1604/1614/1398 1941/1615/1398
f 1608/1616/1399 1605/1617/1399 1601/1613/1399 1602/1612/1399
f 1605/1617/1400 1607/1618/1400 1603/1619/1400 1601/1613/1400
f 2607/1620/1401 1606/1621/1401 1605/1617/1401 1608/1616/1401
f 1605/1617/1402 1606/1621/1402 1610/1622/1402 1609/1623/1402
f 1607/1618/1403 1605/1617/1403 1609/1623/1403 1612/1624/1403
f 1609/1623/1402 1610/1622/1402 2619/1625/1402 1611/1626/1402
f 1612/1624/1403 1609/1623/1403 1611/1626/1403 1613/1627/1403
f 1614/1628/1404 1612/1624/1404 1613/1627/1404 1615/1629/1404
f 1617/1630/1404 1607/1618/1404 1612/1624/1404 1614/1628/1404
f 1616/1631/1405 1614/1628/1405 1615/1629/1405 2618/1632/1405
f 1619/1633/1405 1617/1630/1405 1614/1628/1405 1616/1631/1405
f 1617/1630/1406 1620/1634/1406 1621/1635/1406 1618/1636/1406
f 1607/1618/1407 1617/1630/1407 1618/1636/1407 1603/1619/1407
f 1619/1633/1408 1622/1637/1408 1620/1634/1408 1617/1630/1408
f 1620/1634/1409 1623/1638/1409 1624/1639/1409 1621/1635/1409
f 1622/1637/1410 1625/1640/1410 1623/1638/1410 1620/1634/1410
f 1623/1638/1411 1626/1641/1411 1627/1642/1411 1624/1639/1411
f 1625/1640/1412 1628/1643/1412 1626/1641/1412 1623/1638/1412
f 1626/1641/1413 1629/1644/1413 1630/1645/1413 1627/1642/1413
f 1628/1643/1414 1631/1646/1414 1629/1644/1414 1626/1641/1414
f 1629/1644/1415 1632/1647/1415 1633/1648/1415 1630/1645/1415
f 1631/1646/1416 1634/1649/1416 1632/1647/1416 1629/1644/1416
f 1632/1647/1417 1635/1650/1417 1636/1651/1417 1633/1648/1417
f 1634/1649/1418 1637/1652/1418 1635/1650/1418 1632/1647/1418
f 1635/1650/1419 1638/1653/1419 1639/1654/1419 1636/1651/1419
f 1637/1652/1420 1640/1655/1420 1638/1653/1420 1635/1650/1420
f 1638/1653/1421 1641/1656/1421 1642/1657/1421 1639/1654/1421
f 1640/1655/1422 1643/1658/1422 1641/1656/1422 1638/1653/1422
f 1641/1656/1423 1644/1659/1423 1645/1660/1423 1642/1657/1423
f 1643/1658/1424 1646/1661/1424 1644/1659/1424 1641/1656/1424
f 1644/1659/1425 1647/1662/1425 1648/1663/1425 1645/1660/1425
f 1646/1661/1426 1649/1664/1426 1647/1662/1426 1644/1659/1426
f 1647/1662/1427 1650/1665/1427 1651/1666/1427 1648/1663/1427
f 1649/1664/1428 1652/1667/1428 1650/1665/1428 1647/1662/1428
f 1650/1665/1429 1653/1668/1429 1654/1669/1429 1651/1666/1429
f 1652/1667/1430 1655/1670/1430 1653/1668/1430 1650/1665/1430
f 1653/1668/1431 1656/1671/1431 1657/1672/1431 1654/1669/1431
f 1655/1670/1432 1658/1673/1432 1656/1671/1432 1653/1668/1432
f 1656/1671/1433 1659/1674/1433 1660/1675/1433 1657/1672/1433
f 1658/1673/1434 1661/1676/1434 1659/1674/1434 1656/1671/1434
f 1659/1674/1435 1662/1677/1435 1663/1678/1435 1660/1675/1435
f 1661/1676/1436 1664/1679/1436 1662/1677/1436 1659/1674/1436
f 1662/1680/1437 1665/1681/1437 1666/1682/1437 1663/1683/1437
f 1664/1684/1438 1667/1685/1438 1665/1681/1438 1662/1680/1438
f 1665/1681/1439 1668/1686/1439 1669/1687/1439 1666/1682/1439
f 1667/1685/1440 1670/1688/1440 1668/1686/1440 1665/1681/1440
f 1668/1686/1441 1671/1689/1441 1672/1690/1441 1669/1687/1441
f 1670/1688/1442 1673/1691/1442 1671/1689/1442 1668/1686/1442
f 1671/1689/1443 1674/1692/1443 1675/1693/1443 1672/1690/1443
f 1673/1691/1444 1676/1694/1444 1674/1692/1444 1671/1689/1444
f 1674/1692/1445 1677/1695/1445 1678/1696/1445 1675/1693/1445
f 1676/1694/1446 1679/1697/1446 1677/1695/1446 1674/1692/1446
f 1677/1695/1447 1680/1698/1447 1681/1699/1447 1678/1696/1447
f 1679/1697/1448 1682/1700/1448 1680/1698/1448 1677/1695/1448
f 1680/1698/1449 1683/1701/1449 1684/1702/1449 1681/1699/1449
f 1682/1700/1450 1685/1703/1450 1683/1701/1450 1680/1698/1450
f 1683/1701/1451 1686/1704/1451 1687/1705/1451 1684/1702/1451
f 1685/1703/1452 1688/1706/1452 1686/1704/1452 1683/1701/1452
f 1686/1704/1453 1689/1707/1453 1690/1708/1453 1687/1705/1453
f 1688/1706/1454 1691/1709/1454 1689/1707/1454 1686/1704/1454
f 1689/1707/1455 1692/1710/1455 1693/1711/1455 1690/1708/1455
f 1691/1709/1456 1694/1712/1456 1692/1710/1456 1689/1707/1456
f 1692/1710/1457 1695/1713/1457 1696/1714/1457 1693/1711/1457
f 1694/1712/1458 1697/1715/1458 1695/1713/1458 1692/1710/1458
f 1695/1713/1459 1698/1716/1459 1699/1717/1459 1696/1714/1459
f 1697/1715/1460 1700/1718/1460 1698/1716/1460 1695/1713/1460
f 1698/1716/1461 1701/1719/1461 1702/1720/1461 1699/1717/1461
f 1700/1718/1462 1703/1721/1462 1701/1719/1462 1698/1716/1462
f 1701/1719/1463 1704/1722/1463 1705/1723/1463 1702/1720/1463
f 1703/1721/1464 1706/1724/1464 1704/1722/1464 1701/1719/1464
f 1704/1722/1465 1707/1725/1465 1708/1726/1465 1705/1723/1465
f 1706/1724/1466 1709/1727/1466 1707/1725/1466 1704/1722/1466
f 1707/1725/1467 1710/1728/1467 1711/1729/1467 1708/1726/1467
f 1709/1727/1468 1712/1730/1468 1710/1728/1468 1707/1725/1468
f 1710/1728/1469 1713/1731/1469 1714/1732/1469 1711/1729/1469
f 1712/1730/1470 1715/1733/1470 1713/1731/1470 1710/1728/1470
f 1713/1731/1471 1716/1734/1471 1717/1735/1471 1714/1732/1471
f 1715/1733/1472 1718/1736/1472 1716/1734/1472 1713/1731/1472
f 1716/1734/1473 1719/1737/1473 1720/1738/1473 1717/1735/1473
f 1718/1736/1474 1721/1739/1474 1719/1737/1474 1716/1734/1474
f 1719/1737/1475 1722/1740/1475 1723/1741/1475 1720/1738/1475
f 1721/1739/1476 1724/1742/1476 1722/1740/1476 1719/1737/1476
f 1722/1740/1477 1725/1743/1477 1726/1744/1477 1723/1741/1477
f 1724/1742/1478 1727/1745/1478 1725/1743/1478 1722/1740/1478
f 1725/1743/1479 1728/1746/1479 1729/1747/1479 1726/1744/1479
f 1727/1745/1480 1730/1748/1480 1728/1746/1480 1725/1743/1480
f 1728/1746/1481 1731/1749/1481 1732/1750/1481 1729/1747/1481
f 1730/1748/1482 1733/1751/1482 1731/1749/1482 1728/1746/1482
f 1731/1749/1483 1734/1752/1483 1735/1753/1483 1732/1750/1483
f 1733/1751/1484 1736/1754/1484 1734/1752/1484 1731/1749/1484
f 1734/1752/1485 1737/1755/1485 1738/1756/1485 1735/1753/1485
f 1736/1754/1486 1739/1757/1486 1737/1755/1486 1734/1752/1486
f 1737/1755/1487 1740/1758/1487 1741/1759/1487 1738/1756/1487
f 1739/1757/1488 1742/1760/1488 1740/1758/1488 1737/1755/1488
f 1740/1758/1489 1743/1761/1489 1744/1762/1489 1741/1759/1489
f 1742/1760/1490 1745/1763/1490 1743/1761/1490 1740/1758/1490
f 1743/1761/1491 1746/1764/1491 1747/1765/1491 1744/1762/1491
f 1745/1763/1492 1748/1766/1492 1746/1764/1492 1743/1761/1492
f 1746/1764/1493 1749/1767/1493 1750/1768/1493 1747/1765/1493
f 1748/1766/1494 1751/1769/1494 1749/1767/1494 1746/1764/1494
f 1749/1767/1495 1752/1770/1495 1753/1771/1495 1750/1768/1495
f 1751/1769/1496 1754/1772/1496 1752/1770/1496 1749/1767/1496
f 1752/1770/1497 1755/1773/1497 1756/1774/1497 1753/1771/1497
f 1754/1772/1498 1757/1775/1498 1755/1773/1498 1752/1770/1498
f 1755/1776/1499 1758/1777/1499 1759/1778/1499 1756/1779/1499
f 1757/1780/1500 1760/1781/1500 1758/1777/1500 1755/1776/1500
f 1758/1777/1501 1761/1782/1501 1762/1783/1501 1759/1778/1501
f 1760/1781/1502 1763/1784/1502 1761/1782/1502 1758/1777/1502
f 1761/1782/1503 1764/1785/1503 1765/1786/1503 1762/1783/1503
f 1763/1784/1504 1766/1787/1504 1764/1785/1504 1761/1782/1504
f 1764/1785/1505 1767/1788/1505 1768/1789/1505 1765/1786/1505
f 1766/1787/1506 1769/1790/1506 1767/1788/1506 1764/1785/1506
f 1767/1788/1507 1770/1791/1507 1771/1792/1507 1768/1789/1507
f 1769/1790/1508 1772/1793/1508 1770/1791/1508 1767/1788/1508
f 1770/1791/1509 1773/1794/1509 1774/1795/1509 1771/1792/1509
f 1772/1793/1510 1775/1796/1510 1773/1794/1510 1770/1791/1510
f 1773/1794/1511 1776/1797/1511 1777/1798/1511 1774/1795/1511
f 1775/1796/1512 1778/1799/1512 1776/1797/1512 1773/1794/1512
f 1776/1797/1513 1779/1800/1513 1780/1801/1513 1777/1798/1513
f 1778/1799/1514 1781/1802/1514 1779/1800/1514 1776/1797/1514
f 1779/1800/1515 1782/1803/1515 1783/1804/1515 1780/1801/1515
f 1781/1802/1516 1784/1805/1516 1782/1803/1516 1779/1800/1516
f 1782/1803/1517 1785/1806/1517 1786/1807/1517 1783/1804/1517
f 1784/1805/1518 1787/1808/1518 1785/1806/1518 1782/1803/1518
f 1785/1806/1519 1788/1809/1519 1789/1810/1519 1786/1807/1519
f 1787/1808/1520 1790/1811/1520 1788/1809/1520 1785/1806/1520
f 1788/1809/1521 1791/1812/1521 1792/1813/1521 1789/1810/1521
f 1790/1811/1522 1793/1814/1522 1791/1812/1522 1788/1809/1522
f 1791/1812/1523 1794/1815/1523 1795/1816/1523 1792/1813/1523
f 1793/1814/1524 1796/1817/1524 1794/1815/1524 1791/1812/1524
f 1794/1815/1525 1797/1818/1525 1799/1819/1525 1795/1816/1525
f 1796/1817/1526 1798/1820/1526 1797/1818/1526 1794/1815/1526
f 1798/1820/1527 2607/1620/1527 1608/1616/1527 1797/1818/1527
f 1797/1818/1528 1608/1616/1528 1602/1612/1528 1799/1819/1528
f 1795/1816/1529 1799/1819/1529 1800/1821/1529 1802/1822/1529
f 1799/1819/1530 1602/1612/1530 1803/1823/1530 1800/1821/1530
f 1800/1821/1531 1803/1823/1531 1805/1824/1531 1801/1825/1531
f 1802/1822/1532 1800/1821/1532 1801/1825/1532 2417/1826/1532
f 1803/1823/1533 1602/1612/1533 1865/1827/1533 1804/1828/1533
f 1805/1824/1534 1803/1823/1534 1804/1828/1534 1809/1829/1534
f 1805/1824/1535 1809/1829/1535 1810/1830/1535 1806/1831/1535
f 1806/1831/1536 1961/1832/1536 1807/1833/1536 1805/1824/1536
f 1808/1834/1537 1805/1824/1537 1807/1833/1537 1967/1835/1537
f 1801/1825/1538 1805/1824/1538 1808/1834/1538 2415/1836/1538
f 1809/1829/1539 1804/1828/1539 1812/1837/1539 1811/1838/1539
f 1809/1829/1540 1811/1838/1540 1813/1839/1540 1810/1830/1540
f 1811/1838/1541 1812/1837/1541 1816/1840/1541 1814/1841/1541
f 1811/1838/1542 1814/1841/1542 1817/1842/1542 1813/1839/1542
f 1814/1841/1543 1816/1840/1543 1872/1843/1543 1815/1844/1543
f 1814/1841/1544 1815/1844/1544 1818/1845/1544 1817/1842/1544
f 1821/1846/1545 1813/1839/1545 1817/1842/1545 1819/1847/1545
f 1819/1847/1546 1817/1842/1546 1818/1845/1546 1820/1848/1546
f 1824/1849/1547 1822/1850/1547 1819/1847/1547 1820/1848/1547
f 1822/1850/1548 1823/1851/1548 1821/1846/1548 1819/1847/1548
f 1827/1852/1549 1823/1851/1549 1822/1850/1549 1825/1853/1549
f 1825/1853/1550 1822/1850/1550 1824/1849/1550 1826/1854/1550
f 1825/1853/1551 1826/1854/1551 1830/1855/1551 1828/1856/1551
f 1827/1852/1552 1825/1853/1552 1828/1856/1552 1829/1857/1552
f 1833/1858/1553 1829/1857/1553 1828/1856/1553 1831/1859/1553
f 1831/1859/1554 1828/1856/1554 1830/1855/1554 1832/1860/1554
f 1836/1861/1555 1834/1862/1555 1831/1859/1555 1832/1860/1555
f 1834/1862/1556 1835/1863/1556 1833/1858/1556 1831/1859/1556
f 1839/1864/1557 1835/1863/1557 1834/1862/1557 1837/1865/1557
f 1837/1865/1558 1834/1862/1558 1836/1861/1558 1838/1866/1558
f 1837/1865/1559 1838/1866/1559 1842/1867/1559 1840/1868/1559
f 1839/1864/1560 1837/1865/1560 1840/1868/1560 1841/1869/1560
f 1844/1870/1561 1841/1869/1561 1840/1868/1561 1843/1871/1561
f 1843/1871/1562 1840/1868/1562 1842/1867/1562 1845/1872/1562
f 1847/1873/1563 1844/1870/1563 1843/1871/1563 1846/1874/1563
f 1846/1874/1564 1843/1871/1564 1845/1872/1564 1848/1875/1564
f 1853/1876/1565 1847/1873/1565 1846/1874/1565 1849/1877/1565
f 1849/1877/1566 1846/1874/1566 1848/1875/1566 1852/1878/1566
f 1849/1877/1567 1852/1878/1567 1940/1879/1567 1850/1880/1567
f 1850/1880/1568 1851/1881/1568 1849/1877/1568
f 1853/1876/1569 1849/1877/1569 1851/1881/1569 1854/1882/1569
f 1854/1882/1570 1938/1883/1570 1855/1884/1570 1853/1876/1570
f 1858/1885/1571 1856/1886/1571 1853/1876/1571 1855/1884/1571
f 1856/1886/1572 1857/1887/1572 1847/1873/1572 1853/1876/1572
f 1857/1887/1573 1856/1886/1573 1859/1888/1573 1860/1889/1573
f 1856/1886/1574 1858/1885/1574 1861/1890/1574 1859/1888/1574
f 1942/1891/1575 1860/1889/1575 1859/1888/1575 1861/1890/1575 1862/1892/1575 1863/1893/1575 1941/1615/1575
f 1858/1885/1576 1864/1894/1576 1862/1892/1576 1861/1890/1576
f 1864/1894/1577 1865/1827/1577 1863/1893/1577 1862/1892/1577
f 1865/1827/1578 1864/1894/1578 1866/1895/1578 1869/1896/1578
f 1864/1894/1579 1858/1885/1579 1855/1884/1579 1866/1895/1579
f 1867/1897/1580 1936/1898/1580 1868/1899/1580 1866/1895/1580
f 1939/1900/1581 1867/1897/1581 1866/1895/1581 1855/1884/1581
f 1869/1896/1582 1866/1895/1582 1868/1899/1582 1870/1901/1582
f 1804/1828/1583 1865/1827/1583 1869/1896/1583 1812/1837/1583
f 1812/1837/1584 1869/1896/1584 1870/1901/1584 1816/1840/1584
f 1870/1901/1585 1868/1899/1585 1874/1902/1585 1871/1903/1585
f 1816/1840/1586 1870/1901/1586 1871/1903/1586 1872/1843/1586
f 1872/1843/1587 1871/1903/1587 1873/1904/1587 1900/1905/1587
f 1871/1903/1588 1874/1902/1588 1877/1906/1588 1873/1904/1588
f 1935/1907/1589 1875/1908/1589 1874/1902/1589 1868/1899/1589
f 1875/1908/1590 1931/1909/1590 1876/1910/1590 1874/1902/1590
f 1874/1902/1591 1876/1910/1591 1879/1911/1591 1877/1906/1591
f 1873/1904/1592 1877/1906/1592 1878/1912/1592 1903/1913/1592
f 1877/1906/1593 1879/1911/1593 1880/1914/1593 1878/1912/1593
f 1879/1911/1594 1881/1915/1594 1882/1916/1594 1880/1914/1594
f 1876/1910/1595 1852/1878/1595 1881/1915/1595 1879/1911/1595
f 1881/1915/1596 1883/1917/1596 1884/1918/1596 1882/1916/1596
f 1852/1878/1597 1848/1875/1597 1883/1917/1597 1881/1915/1597
f 1883/1917/1598 1885/1919/1598 1886/1920/1598 1884/1918/1598
f 1848/1875/1599 1845/1872/1599 1885/1919/1599 1883/1917/1599
f 1845/1872/1600 1842/1867/1600 1887/1921/1600 1885/1919/1600
f 1885/1919/1601 1887/1921/1601 1888/1922/1601 1886/1920/1601
f 1842/1867/1602 1890/1923/1602 1889/1924/1602 1887/1921/1602
f 1887/1921/1603 1889/1924/1603 1891/1925/1603 1888/1922/1603
f 1890/1923/1604 1894/1926/1604 1892/1927/1604 1889/1924/1604
f 1889/1924/1605 1892/1927/1605 1893/1928/1605 1891/1925/1605
f 1892/1927/1606 1895/1929/1606 1896/1930/1606 1893/1928/1606
f 1894/1926/1607 1897/1931/1607 1895/1929/1607 1892/1927/1607
f 1895/1929/1608 1898/1932/1608 1899/1933/1608 1896/1930/1608
f 1897/1931/1609 1815/1844/1609 1898/1932/1609 1895/1929/1609
f 1898/1932/1610 1900/1905/1610 1901/1934/1610 1899/1933/1610
f 1815/1844/1611 1872/1843/1611 1900/1905/1611 1898/1932/1611
f 1900/1905/1612 1873/1904/1612 1903/1913/1612 1901/1934/1612
f 1901/1934/1613 1903/1913/1613 1904/1935/1613 1902/1936/1613
f 1899/1933/1614 1901/1934/1614 1902/1936/1614 1924/1937/1614
f 1903/1913/1615 1878/1912/1615 1906/1938/1615 1904/1935/1615
f 1902/1936/1616 1904/1935/1616 1905/1939/1616 1926/1940/1616
f 1904/1935/1617 1906/1938/1617 1907/1941/1617 1905/1939/1617
f 1906/1938/1618 1908/1942/1618 1909/1943/1618 1907/1941/1618
f 1878/1912/1619 1880/1914/1619 1908/1942/1619 1906/1938/1619
f 1880/1914/1620 1882/1916/1620 1910/1944/1620 1908/1942/1620
f 1908/1942/1621 1910/1944/1621 1911/1945/1621 1909/1943/1621
f 1910/1944/1622 1912/1946/1622 1913/1947/1622 1911/1945/1622
f 1882/1916/1623 1884/1918/1623 1912/1946/1623 1910/1944/1623
f 1912/1946/1624 1914/1948/1624 1915/1949/1624 1913/1947/1624
f 1884/1918/1625 1886/1920/1625 1914/1948/1625 1912/1946/1625
f 1886/1920/1626 1888/1922/1626 1916/1950/1626 1914/1948/1626
f 1914/1948/1627 1916/1950/1627 1917/1951/1627 1915/1949/1627
f 1888/1922/1628 1891/1925/1628 1918/1952/1628 1916/1950/1628
f 1916/1950/1629 1918/1952/1629 1919/1953/1629 1917/1951/1629
f 1891/1925/1630 1893/1928/1630 1920/1954/1630 1918/1952/1630
f 1918/1952/1631 1920/1954/1631 1921/1955/1631 1919/1953/1631
f 1920/1954/1632 1922/1956/1632 1923/1957/1632 1921/1955/1632
f 1893/1928/1633 1896/1930/1633 1922/1956/1633 1920/1954/1633
f 1922/1956/1634 1924/1937/1634 1925/1958/1634 1923/1957/1634
f 1896/1930/1635 1899/1933/1635 1924/1937/1635 1922/1956/1635
f 1924/1937/1636 1902/1936/1636 1926/1940/1636 1925/1958/1636
f 1926/1940/1637 1927/1959/1637 1923/1957/1637 1925/1958/1637
f 1905/1939/1638 1907/1941/1638 1927/1959/1638 1926/1940/1638
f 1927/1959/1639 1928/1960/1639 1921/1955/1639 1923/1957/1639
f 1907/1941/1640 1909/1943/1640 1928/1960/1640 1927/1959/1640
f 1928/1960/1641 1929/1961/1641 1919/1953/1641 1921/1955/1641
f 1909/1943/1642 1911/1945/1642 1929/1961/1642 1928/1960/1642
f 1929/1961/1643 1915/1949/1643 1917/1951/1643 1919/1953/1643
f 1911/1945/1644 1913/1947/1644 1915/1949/1644 1929/1961/1644
f 1897/1931/1645 1894/1926/1645 1826/1854/1645 1824/1849/1645
f 1824/1849/1646 1820/1848/1646 1897/1931/1646
f 1815/1844/1647 1897/1931/1647 1820/1848/1647 1818/1845/1647
f 1826/1854/1648 1894/1926/1648 1830/1855/1648
f 1894/1926/1649 1890/1923/1649 1832/1860/1649 1830/1855/1649
f 1890/1923/1650 1842/1867/1650 1838/1866/1650 1836/1861/1650
f 1836/1861/1651 1832/1860/1651 1890/1923/1651
f 1930/1962/1652 1940/1879/1652 1852/1878/1652 1876/1910/1652
f 1930/1962/1653 1876/1910/1653 1931/1909/1653
f 1931/1909/1654 1932/1963/1654 1934/1964/1654 1930/1962/1654
f 1935/1907/1655 1932/1963/1655 1931/1909/1655 1875/1908/1655
f 1932/1963/1656 1935/1907/1656 1936/1898/1656 1933/1965/1656
f 1933/1965/1657 1937/1966/1657 1934/1964/1657 1932/1963/1657
f 1935/1907/1658 1868/1899/1658 1936/1898/1658
f 1867/1897/1659 1939/1900/1659 1933/1965/1659 1936/1898/1659
f 1850/1880/1660 1934/1964/1660 1937/1966/1660 1851/1881/1660
f 1934/1964/1661 1850/1880/1661 1940/1879/1661 1930/1962/1661
f 1933/1965/1662 1939/1900/1662 1938/1883/1662 1937/1966/1662
f 1938/1883/1663 1854/1882/1663 1851/1881/1663 1937/1966/1663
f 1939/1900/1664 1855/1884/1664 1938/1883/1664
f 1602/1612/1665 1941/1615/1665 1863/1893/1665 1865/1827/1665
f 1941/1615/1666 1604/1614/1666 1603/1967/1666 1943/1968/1666 1942/1891/1666
f 1618/1636/1667 1621/1635/1667 1942/1891/1667 1943/1968/1667
f 1621/1635/1668 1857/1887/1668 1860/1889/1668 1942/1891/1668
f 1621/1635/1669 1945/1969/1669 1944/1970/1669 1857/1887/1669
f 1857/1887/1670 1944/1970/1670 1844/1870/1670 1847/1873/1670
f 1945/1969/1671 1947/1971/1671 1946/1972/1671 1944/1970/1671
f 1944/1970/1672 1946/1972/1672 1841/1869/1672 1844/1870/1672
f 1949/1973/1673 1948/1974/1673 1946/1972/1673 1947/1971/1673
f 1948/1974/1674 1839/1864/1674 1841/1869/1674 1946/1972/1674
f 1949/1973/1675 1951/1975/1675 1950/1976/1675 1948/1974/1675
f 1948/1974/1676 1950/1976/1676 1835/1863/1676 1839/1864/1676
f 1950/1976/1677 1951/1975/1677 1953/1977/1677 1952/1978/1677
f 1835/1863/1678 1950/1976/1678 1952/1978/1678 1833/1858/1678
f 1953/1977/1679 1955/1979/1679 1954/1980/1679 1952/1978/1679
f 1952/1978/1680 1954/1980/1680 1829/1857/1680 1833/1858/1680
f 1957/1981/1681 1956/1982/1681 1954/1980/1681 1955/1979/1681
f 1956/1982/1682 1827/1852/1682 1829/1857/1682 1954/1980/1682
f 1957/1981/1683 1959/1983/1683 1958/1984/1683 1956/1982/1683
f 1956/1982/1684 1958/1984/1684 1823/1851/1684 1827/1852/1684
f 1958/1984/1685 1959/1983/1685 1961/1832/1685 1960/1985/1685
f 1823/1851/1686 1958/1984/1686 1960/1985/1686 1821/1846/1686
f 1961/1832/1687 1806/1831/1687 1810/1830/1687 1960/1985/1687
f 1960/1985/1688 1810/1830/1688 1813/1839/1688 1821/1846/1688
f 1961/1832/1689 1959/1983/1689 1807/1833/1689
f 1959/1983/1690 1957/1981/1690 1962/1986/1690 1807/1833/1690
f 1955/1979/1691 1962/1986/1691 1957/1981/1691
f 1955/1979/1692 1953/1977/1692 1963/1987/1692 1962/1986/1692
f 1966/1988/1693 1964/1989/1693 1962/1986/1693 1963/1987/1693
f 1964/1989/1694 1967/1835/1694 1807/1833/1694 1962/1986/1694
f 1965/1990/1695 1968/1991/1695 1967/1835/1695 1964/1989/1695
f 1977/1992/1696 1965/1990/1696 1964/1989/1696 1966/1988/1696
f 1968/1991/1697 1969/1993/1697 1808/1834/1697 1967/1835/1697
f 1970/1994/1698 1972/1995/1698 1969/1993/1698 1968/1991/1698
f 1973/1996/1699 1970/1994/1699 1968/1991/1699 1965/1990/1699
f 1974/1997/1700 1971/1998/1700 1970/1994/1700 1973/1996/1700
f 1971/1998/1701 2159/1999/1701 1972/1995/1701 1970/1994/1701
f 1975/2000/1702 1973/1996/1702 1965/1990/1702 1977/1992/1702
f 1976/2001/1703 1974/1997/1703 1973/1996/1703 1975/2000/1703
f 1980/2002/1704 1976/2001/1704 1975/2000/1704 1978/2003/1704
f 1978/2003/1705 1975/2000/1705 1977/1992/1705 1979/2004/1705
f 1981/2005/1706 1978/2003/1706 1979/2004/1706 1983/2006/1706
f 1982/2007/1707 1980/2002/1707 1978/2003/1707 1981/2005/1707
f 1986/2008/1708 1982/2007/1708 1981/2005/1708 1984/2009/1708
f 1984/2009/1709 1981/2005/1709 1983/2006/1709 1985/2010/1709
f 1987/2011/1710 1984/2009/1710 1985/2010/1710 1989/2012/1710
f 1988/2013/1711 1986/2008/1711 1984/2009/1711 1987/2011/1711
f 1992/2014/1712 1988/2013/1712 1987/2011/1712 1990/2015/1712
f 1990/2015/1713 1987/2011/1713 1989/2012/1713 1991/2016/1713
f 1993/2017/1714 1990/2015/1714 1991/2016/1714 1995/2018/1714
f 1994/2019/1715 1992/2014/1715 1990/2015/1715 1993/2017/1715
f 1998/2020/1716 1994/2019/1716 1993/2017/1716 1996/2021/1716
f 1996/2021/1717 1993/2017/1717 1995/2018/1717 1997/2022/1717
f 1999/2023/1718 1996/2021/1718 1997/2022/1718 2001/2024/1718
f 2000/2025/1719 1998/2020/1719 1996/2021/1719 1999/2023/1719
f 2004/2026/1720 2000/2025/1720 1999/2023/1720 2002/2027/1720
f 2002/2027/1721 1999/2023/1721 2001/2024/1721 2003/2028/1721
f 2005/2029/1722 2002/2027/1722 2003/2028/1722 2007/2030/1722
f 2006/2031/1723 2004/2026/1723 2002/2027/1723 2005/2029/1723
f 2010/2032/1724 2006/2031/1724 2005/2029/1724 2008/2033/1724
f 2008/2033/1725 2005/2029/1725 2007/2030/1725 2009/2034/1725
f 2011/2035/1726 2008/2033/1726 2009/2034/1726 2013/2036/1726
f 2012/2037/1727 2010/2032/1727 2008/2033/1727 2011/2035/1727
f 2016/2038/1728 2012/2037/1728 2011/2035/1728 2014/2039/1728
f 2014/2039/1729 2011/2035/1729 2013/2036/1729 2015/2040/1729
f 2017/2041/1730 2014/2039/1730 2015/2040/1730 2019/2042/1730
f 2018/2043/1731 2016/2038/1731 2014/2039/1731 2017/2041/1731
f 2022/2044/1732 2018/2043/1732 2017/2041/1732 2020/2045/1732
f 2020/2045/1733 2017/2041/1733 2019/2042/1733 2021/2046/1733
f 2023/2047/1734 2020/2048/1734 2021/2049/1734 2025/2050/1734
f 2024/2051/1735 2022/2052/1735 2020/2048/1735 2023/2047/1735
f 2028/2053/1736 2024/2051/1736 2023/2047/1736 2026/2054/1736
f 2026/2054/1737 2023/2047/1737 2025/2050/1737 2027/2055/1737
f 2029/2056/1738 2026/2054/1738 2027/2055/1738 2031/2057/1738
f 2030/2058/1739 2028/2053/1739 2026/2054/1739 2029/2056/1739
f 2034/2059/1740 2030/2058/1740 2029/2056/1740 2032/2060/1740
f 2032/2060/1741 2029/2056/1741 2031/2057/1741 2033/2061/1741
f 2035/2062/1742 2032/2060/1742 2033/2061/1742 2037/2063/1742
f 2036/2064/1743 2034/2059/1743 2032/2060/1743 2035/2062/1743
f 2040/2065/1744 2036/2064/1744 2035/2062/1744 2038/2066/1744
f 2038/2066/1745 2035/2062/1745 2037/2063/1745 2039/2067/1745
f 2041/2068/1746 2038/2066/1746 2039/2067/1746 2043/2069/1746
f 2042/2070/1747 2040/2065/1747 2038/2066/1747 2041/2068/1747
f 2046/2071/1748 2042/2070/1748 2041/2068/1748 2044/2072/1748
f 2044/2072/1749 2041/2068/1749 2043/2069/1749 2045/2073/1749
f 2047/2074/1750 2044/2072/1750 2045/2073/1750 2049/2075/1750
f 2048/2076/1751 2046/2071/1751 2044/2072/1751 2047/2074/1751
f 2052/2077/1752 2048/2076/1752 2047/2074/1752 2050/2078/1752
f 2050/2078/1753 2047/2074/1753 2049/2075/1753 2051/2079/1753
f 2053/2080/1754 2050/2078/1754 2051/2079/1754 2055/2081/1754
f 2054/2082/1755 2052/2077/1755 2050/2078/1755 2053/2080/1755
f 2058/2083/1756 2054/2082/1756 2053/2080/1756 2056/2084/1756
f 2056/2084/1757 2053/2080/1757 2055/2081/1757 2057/2085/1757
f 2059/2086/1758 2056/2084/1758 2057/2085/1758 2061/2087/1758
f 2060/2088/1759 2058/2083/1759 2056/2084/1759 2059/2086/1759
f 2064/2089/1760 2060/2088/1760 2059/2086/1760 2062/2090/1760
f 2062/2090/1761 2059/2086/1761 2061/2087/1761 2063/2091/1761
f 2065/2092/1762 2062/2090/1762 2063/2091/1762 2067/2093/1762
f 2066/2094/1763 2064/2089/1763 2062/2090/1763 2065/2092/1763
f 2070/2095/1764 2066/2094/1764 2065/2092/1764 2068/2096/1764
f 2068/2096/1765 2065/2092/1765 2067/2093/1765 2069/2097/1765
f 2071/2098/1766 2068/2096/1766 2069/2097/1766 2073/2099/1766
f 2072/2100/1767 2070/2095/1767 2068/2096/1767 2071/2098/1767
f 2076/2101/1768 2072/2100/1768 2071/2098/1768 2074/2102/1768
f 2074/2102/1769 2071/2098/1769 2073/2099/1769 2075/2103/1769
f 2077/2104/1770 2074/2102/1770 2075/2103/1770 2079/2105/1770
f 2078/2106/1771 2076/2101/1771 2074/2102/1771 2077/2104/1771
f 2082/2107/1772 2078/2106/1772 2077/2104/1772 2080/2108/1772
f 2080/2108/1773 2077/2104/1773 2079/2105/1773 2081/2109/1773
f 2083/2110/1774 2080/2108/1774 2081/2109/1774 2085/2111/1774
f 2084/2112/1775 2082/2107/1775 2080/2108/1775 2083/2110/1775
f 2088/2113/1776 2084/2112/1776 2083/2110/1776 2086/2114/1776
f 2086/2114/1777 2083/2110/1777 2085/2111/1777 2087/2115/1777
f 2089/2116/1778 2086/2114/1778 2087/2115/1778 2091/2117/1778
f 2090/2118/1779 2088/2113/1779 2086/2114/1779 2089/2116/1779
f 2094/2119/1780 2090/2118/1780 2089/2116/1780 2092/2120/1780
f 2092/2120/1781 2089/2116/1781 2091/2117/1781 2093/2121/1781
f 2095/2122/1782 2092/2120/1782 2093/2121/1782 2097/2123/1782
f 2096/2124/1783 2094/2119/1783 2092/2120/1783 2095/2122/1783
f 2100/2125/1784 2096/2124/1784 2095/2122/1784 2098/2126/1784
f 2098/2126/1785 2095/2122/1785 2097/2123/1785 2099/2127/1785
f 2101/2128/1786 2098/2126/1786 2099/2127/1786 2103/2129/1786
f 2102/2130/1787 2100/2125/1787 2098/2126/1787 2101/2128/1787
f 2106/2131/1788 2102/2130/1788 2101/2128/1788 2104/2132/1788
f 2104/2132/1789 2101/2128/1789 2103/2129/1789 2105/2133/1789
f 2107/2134/1790 2104/2132/1790 2105/2133/1790 2109/2135/1790
f 2108/2136/1791 2106/2131/1791 2104/2132/1791 2107/2134/1791
f 2112/2137/1792 2108/2136/1792 2107/2134/1792 2110/2138/1792
f 2110/2138/1793 2107/2134/1793 2109/2135/1793 2111/2139/1793
f 2113/2140/1794 2110/2138/1794 2111/2139/1794 2115/2141/1794
f 2114/2142/1795 2112/2137/1795 2110/2138/1795 2113/2140/1795
f 2118/2143/1796 2114/2144/1796 2113/2145/1796 2116/2146/1796
f 2116/2146/1797 2113/2145/1797 2115/2147/1797 2117/2148/1797
f 2119/2149/1798 2116/2146/1798 2117/2148/1798 2121/2150/1798
f 2120/2151/1799 2118/2143/1799 2116/2146/1799 2119/2149/1799
f 2124/2152/1800 2120/2151/1800 2119/2149/1800 2122/2153/1800
f 2122/2153/1801 2119/2149/1801 2121/2150/1801 2123/2154/1801
f 2125/2155/1802 2122/2153/1802 2123/2154/1802 2127/2156/1802
f 2126/2157/1803 2124/2152/1803 2122/2153/1803 2125/2155/1803
f 2130/2158/1804 2126/2157/1804 2125/2155/1804 2128/2159/1804
f 2128/2159/1805 2125/2155/1805 2127/2156/1805 2129/2160/1805
f 2131/2161/1806 2128/2159/1806 2129/2160/1806 2133/2162/1806
f 2132/2163/1807 2130/2158/1807 2128/2159/1807 2131/2161/1807
f 2136/2164/1808 2132/2163/1808 2131/2161/1808 2134/2165/1808
f 2134/2165/1809 2131/2161/1809 2133/2162/1809 2135/2166/1809
f 2137/2167/1810 2134/2165/1810 2135/2166/1810 2139/2168/1810
f 2138/2169/1811 2136/2164/1811 2134/2165/1811 2137/2167/1811
f 2142/2170/1812 2138/2169/1812 2137/2167/1812 2140/2171/1812
f 2140/2171/1813 2137/2167/1813 2139/2168/1813 2141/2172/1813
f 2143/2173/1814 2140/2171/1814 2141/2172/1814 2145/2174/1814
f 2144/2175/1815 2142/2170/1815 2140/2171/1815 2143/2173/1815
f 2148/2176/1816 2144/2175/1816 2143/2173/1816 2146/2177/1816
f 2146/2177/1817 2143/2173/1817 2145/2174/1817 2147/2178/1817
f 2149/2179/1818 2146/2177/1818 2147/2178/1818 2151/2180/1818
f 2150/2181/1819 2148/2176/1819 2146/2177/1819 2149/2179/1819
f 2154/2182/1820 2150/2181/1820 2149/2179/1820 2152/2183/1820
f 2152/2183/1821 2149/2179/1821 2151/2180/1821 2153/2184/1821
f 2155/2185/1822 2152/2183/1822 2153/2184/1822 2156/2186/1822
f 2157/2187/1823 2154/2182/1823 2152/2183/1823 2155/2185/1823
f 1972/1995/1824 2155/2185/1824 2156/2186/1824 1969/1993/1824
f 2159/1999/1825 2157/2187/1825 2155/2185/1825 1972/1995/1825
f 2158/2188/1826 2284/2189/1826 2154/2182/1826 2157/2187/1826
f 2160/2190/1827 2158/2188/1827 2157/2187/1827 2159/1999/1827
f 2162/2191/1828 2160/2190/1828 2159/1999/1828 1971/1998/1828
f 2161/2192/1829 2286/2193/1829 2158/2188/1829 2160/2190/1829
f 2163/2194/1830 2161/2192/1830 2160/2190/1830 2162/2191/1830
f 2164/2195/1831 2162/2191/1831 1971/1998/1831 1974/1997/1831
f 2165/2196/1832 2163/2194/1832 2162/2191/1832 2164/2195/1832
f 2166/2197/1833 2164/2195/1833 1974/1997/1833 1976/2001/1833
f 2167/2198/1834 2165/2196/1834 2164/2195/1834 2166/2197/1834
f 2169/2199/1835 2167/2198/1835 2166/2197/1835 2168/2200/1835
f 2168/2200/1836 2166/2197/1836 1976/2001/1836 1980/2002/1836
f 2170/2201/1837 2168/2200/1837 1980/2002/1837 1982/2007/1837
f 2171/2202/1838 2169/2199/1838 2168/2200/1838 2170/2201/1838
f 2173/2203/1839 2171/2202/1839 2170/2201/1839 2172/2204/1839
f 2172/2204/1840 2170/2201/1840 1982/2007/1840 1986/2008/1840
f 2174/2205/1841 2172/2204/1841 1986/2008/1841 1988/2013/1841
f 2175/2206/1842 2173/2203/1842 2172/2204/1842 2174/2205/1842
f 2177/2207/1843 2175/2206/1843 2174/2205/1843 2176/2208/1843
f 2176/2208/1844 2174/2205/1844 1988/2013/1844 1992/2014/1844
f 2178/2209/1845 2176/2208/1845 1992/2014/1845 1994/2019/1845
f 2179/2210/1846 2177/2207/1846 2176/2208/1846 2178/2209/1846
f 2181/2211/1847 2179/2210/1847 2178/2209/1847 2180/2212/1847
f 2180/2212/1848 2178/2209/1848 1994/2019/1848 1998/2020/1848
f 2182/2213/1849 2180/2212/1849 1998/2020/1849 2000/2025/1849
f 2183/2214/1850 2181/2211/1850 2180/2212/1850 2182/2213/1850
f 2185/2215/1851 2183/2214/1851 2182/2213/1851 2184/2216/1851
f 2184/2216/1852 2182/2213/1852 2000/2025/1852 2004/2026/1852
f 2186/2217/1853 2184/2216/1853 2004/2026/1853 2006/2031/1853
f 2187/2218/1854 2185/2215/1854 2184/2216/1854 2186/2217/1854
f 2189/2219/1855 2187/2218/1855 2186/2217/1855 2188/2220/1855
f 2188/2220/1856 2186/2217/1856 2006/2031/1856 2010/2032/1856
f 2190/2221/1857 2188/2220/1857 2010/2032/1857 2012/2037/1857
f 2191/2222/1858 2189/2219/1858 2188/2220/1858 2190/2221/1858
f 2193/2223/1859 2191/2222/1859 2190/2221/1859 2192/2224/1859
f 2192/2224/1860 2190/2221/1860 2012/2037/1860 2016/2038/1860
f 2194/2225/1861 2192/2224/1861 2016/2038/1861 2018/2043/1861
f 2195/2226/1862 2193/2223/1862 2192/2224/1862 2194/2225/1862
f 2197/2227/1863 2195/2226/1863 2194/2225/1863 2196/2228/1863
f 2196/2228/1864 2194/2225/1864 2018/2043/1864 2022/2044/1864
f 2198/2229/1865 2196/2230/1865 2022/2052/1865 2024/2051/1865
f 2199/2231/1866 2197/2232/1866 2196/2230/1866 2198/2229/1866
f 2201/2233/1867 2199/2231/1867 2198/2229/1867 2200/2234/1867
f 2200/2234/1868 2198/2229/1868 2024/2051/1868 2028/2053/1868
f 2202/2235/1869 2200/2234/1869 2028/2053/1869 2030/2058/1869
f 2203/2236/1870 2201/2233/1870 2200/2234/1870 2202/2235/1870
f 2205/2237/1871 2203/2236/1871 2202/2235/1871 2204/2238/1871
f 2204/2238/1872 2202/2235/1872 2030/2058/1872 2034/2059/1872
f 2206/2239/1873 2204/2238/1873 2034/2059/1873 2036/2064/1873
f 2207/2240/1874 2205/2237/1874 2204/2238/1874 2206/2239/1874
f 2209/2241/1875 2207/2240/1875 2206/2239/1875 2208/2242/1875
f 2208/2242/1876 2206/2239/1876 2036/2064/1876 2040/2065/1876
f 2210/2243/1877 2208/2242/1877 2040/2065/1877 2042/2070/1877
f 2211/2244/1878 2209/2241/1878 2208/2242/1878 2210/2243/1878
f 2213/2245/1879 2211/2244/1879 2210/2243/1879 2212/2246/1879
f 2212/2246/1880 2210/2243/1880 2042/2070/1880 2046/2071/1880
f 2214/2247/1881 2212/2246/1881 2046/2071/1881 2048/2076/1881
f 2215/2248/1882 2213/2245/1882 2212/2246/1882 2214/2247/1882
f 2217/2249/1883 2215/2248/1883 2214/2247/1883 2216/2250/1883
f 2216/2250/1884 2214/2247/1884 2048/2076/1884 2052/2077/1884
f 2218/2251/1885 2216/2250/1885 2052/2077/1885 2054/2082/1885
f 2219/2252/1886 2217/2249/1886 2216/2250/1886 2218/2251/1886
f 2221/2253/1887 2219/2252/1887 2218/2251/1887 2220/2254/1887
f 2220/2254/1888 2218/2251/1888 2054/2082/1888 2058/2083/1888
f 2222/2255/1889 2220/2254/1889 2058/2083/1889 2060/2088/1889
f 2223/2256/1890 2221/2253/1890 2220/2254/1890 2222/2255/1890
f 2225/2257/1891 2223/2256/1891 2222/2255/1891 2224/2258/1891
f 2224/2258/1892 2222/2255/1892 2060/2088/1892 2064/2089/1892
f 2226/2259/1893 2224/2258/1893 2064/2089/1893 2066/2094/1893
f 2227/2260/1894 2225/2257/1894 2224/2258/1894 2226/2259/1894
f 2229/2261/1895 2227/2260/1895 2226/2259/1895 2228/2262/1895
f 2228/2262/1896 2226/2259/1896 2066/2094/1896 2070/2095/1896
f 2230/2263/1897 2228/2262/1897 2070/2095/1897 2072/2100/1897
f 2231/2264/1898 2229/2261/1898 2228/2262/1898 2230/2263/1898
f 2233/2265/1899 2231/2264/1899 2230/2263/1899 2232/2266/1899
f 2232/2266/1900 2230/2263/1900 2072/2100/1900 2076/2101/1900
f 2234/2267/1901 2232/2266/1901 2076/2101/1901 2078/2106/1901
f 2235/2268/1902 2233/2265/1902 2232/2266/1902 2234/2267/1902
f 2237/2269/1903 2235/2268/1903 2234/2267/1903 2236/2270/1903
f 2236/2270/1904 2234/2267/1904 2078/2106/1904 2082/2107/1904
f 2238/2271/1905 2236/2270/1905 2082/2107/1905 2084/2112/1905
f 2239/2272/1906 2237/2269/1906 2236/2270/1906 2238/2271/1906
f 2241/2273/1907 2239/2272/1907 2238/2271/1907 2240/2274/1907
f 2240/2274/1908 2238/2271/1908 2084/2112/1908 2088/2113/1908
f 2242/2275/1909 2240/2274/1909 2088/2113/1909 2090/2118/1909
f 2243/2276/1910 2241/2273/1910 2240/2274/1910 2242/2275/1910
f 2245/2277/1911 2243/2276/1911 2242/2275/1911 2244/2278/1911
f 2244/2278/1912 2242/2275/1912 2090/2118/1912 2094/2119/1912
f 2246/2279/1913 2244/2278/1913 2094/2119/1913 2096/2124/1913
f 2247/2280/1914 2245/2277/1914 2244/2278/1914 2246/2279/1914
f 2249/2281/1915 2247/2280/1915 2246/2279/1915 2248/2282/1915
f 2248/2282/1916 2246/2279/1916 2096/2124/1916 2100/2125/1916
f 2250/2283/1917 2248/2282/1917 2100/2125/1917 2102/2130/1917
f 2251/2284/1918 2249/2281/1918 2248/2282/1918 2250/2283/1918
f 2253/2285/1919 2251/2284/1919 2250/2283/1919 2252/2286/1919
f 2252/2286/1920 2250/2283/1920 2102/2130/1920 2106/2131/1920
f 2254/2287/1921 2252/2286/1921 2106/2131/1921 2108/2136/1921
f 2255/2288/1922 2253/2285/1922 2252/2286/1922 2254/2287/1922
f 2257/2289/1923 2255/2288/1923 2254/2287/1923 2256/2290/1923
f 2256/2290/1924 2254/2287/1924 2108/2136/1924 2112/2137/1924
f 2258/2291/1925 2256/2290/1925 2112/2137/1925 2114/2142/1925
f 2259/2292/1926 2257/2289/1926 2256/2290/1926 2258/2291/1926
f 2261/2293/1927 2259/2294/1927 2258/2295/1927 2260/2296/1927
f 2260/2296/1928 2258/2295/1928 2114/2144/1928 2118/2143/1928
f 2262/2297/1929 2260/2296/1929 2118/2143/1929 2120/2151/1929
f 2263/2298/1930 2261/2293/1930 2260/2296/1930 2262/2297/1930
f 2265/2299/1931 2263/2298/1931 2262/2297/1931 2264/2300/1931
f 2264/2300/1932 2262/2297/1932 2120/2151/1932 2124/2152/1932
f 2266/2301/1933 2264/2300/1933 2124/2152/1933 2126/2157/1933
f 2267/2302/1934 2265/2299/1934 2264/2300/1934 2266/2301/1934
f 2269/2303/1935 2267/2302/1935 2266/2301/1935 2268/2304/1935
f 2268/2304/1936 2266/2301/1936 2126/2157/1936 2130/2158/1936
f 2270/2305/1937 2268/2304/1937 2130/2158/1937 2132/2163/1937
f 2271/2306/1938 2269/2303/1938 2268/2304/1938 2270/2305/1938
f 2273/2307/1939 2271/2306/1939 2270/2305/1939 2272/2308/1939
f 2272/2308/1940 2270/2305/1940 2132/2163/1940 2136/2164/1940
f 2274/2309/1941 2272/2308/1941 2136/2164/1941 2138/2169/1941
f 2275/2310/1942 2273/2307/1942 2272/2308/1942 2274/2309/1942
f 2277/2311/1943 2275/2310/1943 2274/2309/1943 2276/2312/1943
f 2276/2312/1944 2274/2309/1944 2138/2169/1944 2142/2170/1944
f 2278/2313/1945 2276/2312/1945 2142/2170/1945 2144/2175/1945
f 2279/2314/1946 2277/2311/1946 2276/2312/1946 2278/2313/1946
f 2281/2315/1947 2279/2314/1947 2278/2313/1947 2280/2316/1947
f 2280/2316/1948 2278/2313/1948 2144/2175/1948 2148/2176/1948
f 2282/2317/1949 2280/2316/1949 2148/2176/1949 2150/2181/1949
f 2283/2318/1950 2281/2315/1950 2280/2316/1950 2282/2317/1950
f 2285/2319/1951 2283/2318/1951 2282/2317/1951 2284/2189/1951
f 2284/2189/1952 2282/2317/1952 2150/2181/1952 2154/2182/1952
f 2286/2193/1953 2285/2319/1953 2284/2189/1953 2158/2188/1953
f 2283/2318/1954 2285/2319/1954 2287/2320/1954 2289/2321/1954
f 2285/2319/1955 2286/2193/1955 2290/2322/1955 2287/2320/1955
f 2291/2323/1956 2288/2324/1956 2287/2320/1956 2290/2322/1956
f 2288/2324/1957 2414/2325/1957 2289/2321/1957 2287/2320/1957
f 2293/2326/1958 2291/2323/1958 2290/2322/1958 2292/2327/1958
f 2286/2193/1959 2161/2192/1959 2292/2327/1959 2290/2322/1959
f 2295/2328/1960 2293/2326/1960 2292/2327/1960 2294/2329/1960
f 2161/2192/1961 2163/2194/1961 2294/2329/1961 2292/2327/1961
f 2297/2330/1962 2295/2328/1962 2294/2329/1962 2296/2331/1962
f 2163/2194/1963 2165/2196/1963 2296/2331/1963 2294/2329/1963
f 2299/2332/1964 2297/2330/1964 2296/2331/1964 2298/2333/1964
f 2165/2196/1965 2167/2198/1965 2298/2333/1965 2296/2331/1965
f 2301/2334/1966 2299/2332/1966 2298/2333/1966 2300/2335/1966
f 2167/2198/1967 2169/2199/1967 2300/2335/1967 2298/2333/1967
f 2303/2336/1968 2301/2334/1968 2300/2335/1968 2302/2337/1968
f 2169/2338/1969 2171/2339/1969 2302/2340/1969 2300/2341/1969
f 2305/2342/1970 2303/2336/1970 2302/2337/1970 2304/2343/1970
f 2171/2339/1971 2173/2344/1971 2304/2345/1971 2302/2340/1971
f 2307/2346/1972 2305/2342/1972 2304/2343/1972 2306/2347/1972
f 2173/2348/1973 2175/2349/1973 2306/2350/1973 2304/2351/1973
f 2309/2352/1974 2307/2346/1974 2306/2347/1974 2308/2353/1974
f 2175/2206/1975 2177/2207/1975 2308/2353/1975 2306/2347/1975
f 2311/2354/1976 2309/2352/1976 2308/2353/1976 2310/2355/1976
f 2177/2207/1977 2179/2210/1977 2310/2355/1977 2308/2353/1977
f 2313/2356/1978 2311/2354/1978 2310/2355/1978 2312/2357/1978
f 2179/2210/1979 2181/2211/1979 2312/2357/1979 2310/2355/1979
f 2315/2358/1980 2313/2356/1980 2312/2357/1980 2314/2359/1980
f 2181/2211/1981 2183/2214/1981 2314/2359/1981 2312/2357/1981
f 2317/2360/1982 2315/2358/1982 2314/2359/1982 2316/2361/1982
f 2183/2214/1983 2185/2215/1983 2316/2361/1983 2314/2359/1983
f 2319/2362/1984 2317/2360/1984 2316/2361/1984 2318/2363/1984
f 2185/2215/1985 2187/2218/1985 2318/2363/1985 2316/2361/1985
f 2321/2364/1986 2319/2362/1986 2318/2363/1986 2320/2365/1986
f 2187/2218/1987 2189/2219/1987 2320/2365/1987 2318/2363/1987
f 2323/2366/1988 2321/2364/1988 2320/2365/1988 2322/2367/1988
f 2189/2219/1989 2191/2222/1989 2322/2367/1989 2320/2365/1989
f 2325/2368/1990 2323/2366/1990 2322/2367/1990 2324/2369/1990
f 2191/2222/1991 2193/2223/1991 2324/2369/1991 2322/2367/1991
f 2327/2370/1992 2325/2368/1992 2324/2369/1992 2326/2371/1992
f 2193/2223/1993 2195/2226/1993 2326/2371/1993 2324/2369/1993
f 2329/2372/1994 2327/2370/1994 2326/2371/1994 2328/2373/1994
f 2195/2374/1995 2197/2375/1995 2328/2376/1995 2326/2377/1995
f 2331/2378/1996 2329/2372/1996 2328/2379/1996 2330/2380/1996
f 2197/2232/1997 2199/2231/1997 2330/2380/1997 2328/2379/1997
f 2333/2381/1998 2331/2378/1998 2330/2380/1998 2332/2382/1998
f 2199/2231/1999 2201/2233/1999 2332/2382/1999 2330/2380/1999
f 2335/2383/2000 2333/2381/2000 2332/2382/2000 2334/2384/2000
f 2201/2233/2001 2203/2236/2001 2334/2384/2001 2332/2382/2001
f 2337/2385/2002 2335/2383/2002 2334/2384/2002 2336/2386/2002
f 2203/2236/2003 2205/2237/2003 2336/2386/2003 2334/2384/2003
f 2339/2387/2004 2337/2385/2004 2336/2386/2004 2338/2388/2004
f 2205/2237/2005 2207/2240/2005 2338/2388/2005 2336/2386/2005
f 2341/2389/2006 2339/2387/2006 2338/2388/2006 2340/2390/2006
f 2207/2240/2007 2209/2241/2007 2340/2390/2007 2338/2388/2007
f 2343/2391/2008 2341/2389/2008 2340/2390/2008 2342/2392/2008
f 2209/2241/2009 2211/2244/2009 2342/2392/2009 2340/2390/2009
f 2345/2393/2010 2343/2391/2010 2342/2392/2010 2344/2394/2010
f 2211/2244/2011 2213/2245/2011 2344/2394/2011 2342/2392/2011
f 2347/2395/2012 2345/2393/2012 2344/2394/2012 2346/2396/2012
f 2213/2245/2013 2215/2248/2013 2346/2396/2013 2344/2394/2013
f 2349/2397/2014 2347/2395/2014 2346/2396/2014 2348/2398/2014
f 2215/2248/2015 2217/2249/2015 2348/2398/2015 2346/2396/2015
f 2351/2399/2016 2349/2397/2016 2348/2398/2016 2350/2400/2016
f 2217/2249/2017 2219/2252/2017 2350/2400/2017 2348/2398/2017
f 2353/2401/2018 2351/2399/2018 2350/2400/2018 2352/2402/2018
f 2219/2252/2019 2221/2253/2019 2352/2402/2019 2350/2400/2019
f 2355/2403/2020 2353/2401/2020 2352/2402/2020 2354/2404/2020
f 2221/2253/2021 2223/2256/2021 2354/2404/2021 2352/2402/2021
f 2357/2405/2022 2355/2403/2022 2354/2404/2022 2356/2406/2022
f 2223/2407/2023 2225/2408/2023 2356/2409/2023 2354/2410/2023
f 2359/2411/2024 2357/2405/2024 2356/2406/2024 2358/2412/2024
f 2225/2408/2025 2227/2413/2025 2358/2414/2025 2356/2409/2025
f 2361/2415/2026 2359/2411/2026 2358/2412/2026 2360/2416/2026
f 2227/2413/2027 2229/2417/2027 2360/2418/2027 2358/2414/2027
f 2363/2419/2028 2361/2415/2028 2360/2416/2028 2362/2420/2028
f 2229/2421/2029 2231/2422/2029 2362/2423/2029 2360/2424/2029
f 2365/2425/2030 2363/2419/2030 2362/2420/2030 2364/2426/2030
f 2231/2427/2031 2233/2428/2031 2364/2429/2031 2362/2430/2031
f 2367/2431/2032 2365/2425/2032 2364/2426/2032 2366/2432/2032
f 2233/2433/2033 2235/2434/2033 2366/2435/2033 2364/2436/2033
f 2369/2437/2034 2367/2431/2034 2366/2432/2034 2368/2438/2034
f 2235/2434/2035 2237/2439/2035 2368/2440/2035 2366/2435/2035
f 2371/2441/2036 2369/2437/2036 2368/2438/2036 2370/2442/2036
f 2237/2439/2037 2239/2443/2037 2370/2444/2037 2368/2440/2037
f 2373/2445/2038 2371/2441/2038 2370/2442/2038 2372/2446/2038
f 2239/2443/2039 2241/2447/2039 2372/2448/2039 2370/2444/2039
f 2375/2449/2040 2373/2445/2040 2372/2446/2040 2374/2450/2040
f 2241/2273/2041 2243/2276/2041 2374/2450/2041 2372/2446/2041
f 2377/2451/2042 2375/2449/2042 2374/2450/2042 2376/2452/2042
f 2243/2276/2043 2245/2277/2043 2376/2452/2043 2374/2450/2043
f 2379/2453/2044 2377/2451/2044 2376/2452/2044 2378/2454/2044
f 2245/2277/2045 2247/2280/2045 2378/2454/2045 2376/2452/2045
f 2381/2455/2046 2379/2453/2046 2378/2454/2046 2380/2456/2046
f 2247/2280/2047 2249/2281/2047 2380/2456/2047 2378/2454/2047
f 2383/2457/2048 2381/2455/2048 2380/2456/2048 2382/2458/2048
f 2249/2281/2049 2251/2284/2049 2382/2458/2049 2380/2456/2049
f 2385/2459/2050 2383/2457/2050 2382/2458/2050 2384/2460/2050
f 2251/2284/2051 2253/2285/2051 2384/2460/2051 2382/2458/2051
f 2387/2461/2052 2385/2459/2052 2384/2460/2052 2386/2462/2052
f 2253/2285/2053 2255/2288/2053 2386/2462/2053 2384/2460/2053
f 2389/2463/2054 2387/2461/2054 2386/2462/2054 2388/2464/2054
f 2255/2288/2055 2257/2289/2055 2388/2464/2055 2386/2462/2055
f 2391/2465/2056 2389/2463/2056 2388/2464/2056 2390/2466/2056
f 2257/2289/2057 2259/2292/2057 2390/2466/2057 2388/2464/2057
f 2393/2467/2058 2391/2465/2058 2390/2468/2058 2392/2469/2058
f 2259/2294/2059 2261/2293/2059 2392/2469/2059 2390/2468/2059
f 2395/2470/2060 2393/2467/2060 2392/2469/2060 2394/2471/2060
f 2261/2293/2061 2263/2298/2061 2394/2471/2061 2392/2469/2061
f 2397/2472/2062 2395/2470/2062 2394/2471/2062 2396/2473/2062
f 2263/2298/2063 2265/2299/2063 2396/2473/2063 2394/2471/2063
f 2399/2474/2064 2397/2472/2064 2396/2473/2064 2398/2475/2064
f 2265/2299/2065 2267/2302/2065 2398/2475/2065 2396/2473/2065
f 2401/2476/2066 2399/2474/2066 2398/2475/2066 2400/2477/2066
f 2267/2302/2067 2269/2303/2067 2400/2477/2067 2398/2475/2067
f 2403/2478/2068 2401/2476/2068 2400/2477/2068 2402/2479/2068
f 2269/2303/2069 2271/2306/2069 2402/2479/2069 2400/2477/2069
f 2405/2480/2070 2403/2478/2070 2402/2479/2070 2404/2481/2070
f 2271/2306/2071 2273/2307/2071 2404/2481/2071 2402/2479/2071
f 2407/2482/2072 2405/2480/2072 2404/2481/2072 2406/2483/2072
f 2273/2307/2073 2275/2310/2073 2406/2483/2073 2404/2481/2073
f 2409/2484/2074 2407/2482/2074 2406/2483/2074 2408/2485/2074
f 2275/2310/2075 2277/2311/2075 2408/2485/2075 2406/2483/2075
f 2411/2486/2076 2409/2484/2076 2408/2485/2076 2410/2487/2076
f 2277/2311/2077 2279/2314/2077 2410/2487/2077 2408/2485/2077
f 2413/2488/2078 2411/2486/2078 2410/2487/2078 2412/2489/2078
f 2279/2314/2079 2281/2315/2079 2412/2489/2079 2410/2487/2079
f 2414/2325/2080 2413/2488/2080 2412/2489/2080 2289/2321/2080
f 2281/2315/2081 2283/2318/2081 2289/2321/2081 2412/2489/2081
f 2295/2328/2082 2297/2330/2082 2299/2332/2082 2301/2334/2082 2303/2336/2082 2305/2342/2082 2307/2346/2082 2309/2352/2082 2311/2354/2082 2313/2356/2082 2315/2358/2082 2317/2360/2082 2319/2362/2082 2321/2364/2082 2323/2366/2082 2325/2368/2082 2327/2370/2082 2329/2372/2082 2331/2378/2082 2333/2381/2082 2335/2383/2082 2337/2385/2082 2339/2387/2082 2341/2389/2082 2343/2391/2082 2345/2393/2082 2347/2395/2082 2349/2397/2082 2351/2399/2082 2353/2401/2082 2355/2403/2082 2357/2405/2082 2359/2411/2082 2361/2415/2082 2363/2419/2082 2365/2425/2082 2367/2431/2082 2369/2437/2082 2371/2441/2082 2373/2445/2082 2375/2449/2082 2377/2451/2082 2379/2453/2082 2381/2455/2082 2383/2457/2082 2385/2459/2082 2387/2461/2082 2389/2463/2082 2391/2465/2082 2393/2467/2082 2395/2470/2082 2397/2472/2082 2399/2474/2082 2401/2476/2082 2403/2478/2082 2405/2480/2082 2407/2482/2082 2409/2484/2082 2411/2486/2082 2413/2488/2082 2414/2325/2082 2288/2324/2082 2291/2323/2082 2293/2326/2082
f 2156/2186/2083 2153/2184/2083 2416/2490/2083 2415/1836/2083
f 1969/1993/2084 2156/2186/2084 2415/1836/2084 1808/1834/2084
f 2415/1836/2085 2416/2490/2085 2417/1826/2085 1801/1825/2085
f 2416/2490/2086 2418/2491/2086 2419/2492/2086 2417/1826/2086
f 2153/2184/2087 2151/2180/2087 2418/2491/2087 2416/2490/2087
f 2151/2180/2088 2147/2178/2088 2420/2493/2088 2418/2491/2088
f 2418/2491/2089 2420/2493/2089 2421/2494/2089 2419/2492/2089
f 2420/2493/2090 2422/2495/2090 2423/2496/2090 2421/2494/2090
f 2147/2178/2091 2145/2174/2091 2422/2495/2091 2420/2493/2091
f 2145/2174/2092 2141/2172/2092 2424/2497/2092 2422/2495/2092
f 2422/2495/2093 2424/2497/2093 2425/2498/2093 2423/2496/2093
f 2424/2497/2094 2426/2499/2094 2427/2500/2094 2425/2498/2094
f 2141/2172/2095 2139/2168/2095 2426/2499/2095 2424/2497/2095
f 2139/2168/2096 2135/2166/2096 2428/2501/2096 2426/2499/2096
f 2426/2499/2097 2428/2501/2097 2429/2502/2097 2427/2500/2097
f 2428/2501/2098 2430/2503/2098 2431/2504/2098 2429/2502/2098
f 2135/2166/2099 2133/2162/2099 2430/2503/2099 2428/2501/2099
f 2133/2162/2100 2129/2160/2100 2432/2505/2100 2430/2503/2100
f 2430/2503/2101 2432/2505/2101 2433/2506/2101 2431/2504/2101
f 2432/2505/2102 2434/2507/2102 2435/2508/2102 2433/2506/2102
f 2129/2160/2103 2127/2156/2103 2434/2507/2103 2432/2505/2103
f 2127/2156/2104 2123/2154/2104 2436/2509/2104 2434/2507/2104
f 2434/2507/2105 2436/2509/2105 2437/2510/2105 2435/2508/2105
f 2436/2509/2106 2438/2511/2106 2439/2512/2106 2437/2510/2106
f 2123/2154/2107 2121/2150/2107 2438/2511/2107 2436/2509/2107
f 2121/2150/2108 2117/2148/2108 2440/2513/2108 2438/2511/2108
f 2438/2511/2109 2440/2513/2109 2441/2514/2109 2439/2512/2109
f 2440/2513/2110 2442/2515/2110 2443/2516/2110 2441/2514/2110
f 2117/2148/2111 2115/2147/2111 2442/2515/2111 2440/2513/2111
f 2115/2141/2112 2111/2139/2112 2444/2517/2112 2442/2518/2112
f 2442/2518/2113 2444/2517/2113 2445/2519/2113 2443/2520/2113
f 2444/2517/2114 2446/2521/2114 2447/2522/2114 2445/2519/2114
f 2111/2139/2115 2109/2135/2115 2446/2521/2115 2444/2517/2115
f 2109/2135/2116 2105/2133/2116 2448/2523/2116 2446/2521/2116
f 2446/2521/2117 2448/2523/2117 2449/2524/2117 2447/2522/2117
f 2448/2523/2118 2450/2525/2118 2451/2526/2118 2449/2524/2118
f 2105/2133/2119 2103/2129/2119 2450/2525/2119 2448/2523/2119
f 2103/2129/2120 2099/2127/2120 2452/2527/2120 2450/2525/2120
f 2450/2525/2121 2452/2527/2121 2453/2528/2121 2451/2526/2121
f 2452/2527/2122 2454/2529/2122 2455/2530/2122 2453/2528/2122
f 2099/2127/2123 2097/2123/2123 2454/2529/2123 2452/2527/2123
f 2097/2123/2124 2093/2121/2124 2456/2531/2124 2454/2529/2124
f 2454/2529/2125 2456/2531/2125 2457/2532/2125 2455/2530/2125
f 2456/2531/2126 2458/2533/2126 2459/2534/2126 2457/2532/2126
f 2093/2121/2127 2091/2117/2127 2458/2533/2127 2456/2531/2127
f 2091/2117/2128 2087/2115/2128 2460/2535/2128 2458/2533/2128
f 2458/2533/2129 2460/2535/2129 2461/2536/2129 2459/2534/2129
f 2460/2535/2130 2462/2537/2130 2463/2538/2130 2461/2536/2130
f 2087/2115/2131 2085/2111/2131 2462/2537/2131 2460/2535/2131
f 2085/2111/2132 2081/2109/2132 2464/2539/2132 2462/2537/2132
f 2462/2537/2133 2464/2539/2133 2465/2540/2133 2463/2538/2133
f 2464/2539/2134 2466/2541/2134 2467/2542/2134 2465/2540/2134
f 2081/2109/2135 2079/2105/2135 2466/2541/2135 2464/2539/2135
f 2079/2105/2136 2075/2103/2136 2468/2543/2136 2466/2541/2136
f 2466/2541/2137 2468/2543/2137 2469/2544/2137 2467/2542/2137
f 2468/2543/2138 2470/2545/2138 2472/2546/2138 2469/2544/2138
f 2075/2103/2139 2073/2099/2139 2470/2545/2139 2468/2543/2139
f 2472/2546/2140 2470/2545/2140 2471/2547/2140 2601/2548/2140
f 2470/2545/2141 2473/2549/2141 2476/2550/2141 2471/2547/2141
f 2073/2099/2142 2069/2097/2142 2473/2549/2142 2470/2545/2142
f 2473/2549/2143 2474/2551/2143 2477/2552/2143 2476/2550/2143
f 2473/2553/2144 2475/2554/2144 2515/2555/2144 2474/2556/2144
f 2069/2097/2145 2067/2093/2145 2475/2557/2145 2473/2549/2145
f 2476/2550/2146 2477/2552/2146 2479/2558/2146 2478/2559/2146
f 2471/2547/2147 2476/2550/2147 2478/2559/2147 2479/2558/2147 2480/2560/2147 2603/2561/2147 2602/2562/2147 2604/2563/2147
f 2482/2564/2148 2480/2560/2148 2479/2558/2148 2481/2565/2148
f 2477/2552/2149 2484/2566/2149 2481/2565/2149 2479/2558/2149
f 2605/2567/2150 2482/2564/2150 2481/2565/2150 2483/2568/2150
f 2484/2566/2151 2485/2569/2151 2483/2568/2151 2481/2565/2151
f 2474/2551/2152 2486/2570/2152 2484/2566/2152 2477/2552/2152
f 2486/2571/2153 2488/2572/2153 2485/2573/2153 2484/2574/2153
f 2487/2575/2154 2486/2570/2154 2474/2551/2154 2515/2576/2154
f 1711/1729/2155 1714/1732/2155 2488/2577/2155 2486/2570/2155
f 1708/1726/2156 1711/1729/2156 2486/2570/2156 2487/2575/2156
f 2488/2577/2157 2472/2546/2157 2601/2548/2157 2485/2569/2157
f 2488/2577/2158 2489/2578/2158 2469/2544/2158 2472/2546/2158
f 1714/1732/2159 1717/1735/2159 2489/2578/2159 2488/2577/2159
f 2489/2578/2160 2490/2579/2160 2467/2542/2160 2469/2544/2160
f 1717/1735/2161 1720/1738/2161 2490/2579/2161 2489/2578/2161
f 2490/2579/2162 2491/2580/2162 2465/2540/2162 2467/2542/2162
f 1720/1738/2163 1723/1741/2163 2491/2580/2163 2490/2579/2163
f 2491/2580/2164 2492/2581/2164 2463/2538/2164 2465/2540/2164
f 1723/1741/2165 1726/1744/2165 2492/2581/2165 2491/2580/2165
f 2492/2581/2166 2493/2582/2166 2461/2536/2166 2463/2538/2166
f 1726/1744/2167 1729/1747/2167 2493/2582/2167 2492/2581/2167
f 2493/2582/2168 2494/2583/2168 2459/2534/2168 2461/2536/2168
f 1729/1747/2169 1732/1750/2169 2494/2583/2169 2493/2582/2169
f 2494/2583/2170 2495/2584/2170 2457/2532/2170 2459/2534/2170
f 1732/1750/2171 1735/1753/2171 2495/2584/2171 2494/2583/2171
f 2495/2584/2172 2496/2585/2172 2455/2530/2172 2457/2532/2172
f 1735/1753/2173 1738/1756/2173 2496/2585/2173 2495/2584/2173
f 2496/2585/2174 2497/2586/2174 2453/2528/2174 2455/2530/2174
f 1738/1756/2175 1741/1759/2175 2497/2586/2175 2496/2585/2175
f 2497/2586/2176 2498/2587/2176 2451/2526/2176 2453/2528/2176
f 1741/1759/2177 1744/1762/2177 2498/2587/2177 2497/2586/2177
f 2498/2587/2178 2499/2588/2178 2449/2524/2178 2451/2526/2178
f 1744/1762/2179 1747/1765/2179 2499/2588/2179 2498/2587/2179
f 2499/2588/2180 2500/2589/2180 2447/2522/2180 2449/2524/2180
f 1747/1765/2181 1750/1768/2181 2500/2589/2181 2499/2588/2181
f 2500/2589/2182 2501/2590/2182 2445/2519/2182 2447/2522/2182
f 1750/1768/2183 1753/1771/2183 2501/2590/2183 2500/2589/2183
f 2501/2590/2184 2502/2591/2184 2443/2520/2184 2445/2519/2184
f 1753/1771/2185 1756/1774/2185 2502/2591/2185 2501/2590/2185
f 2502/2592/2186 2503/2593/2186 2441/2514/2186 2443/2516/2186
f 1756/1779/2187 1759/1778/2187 2503/2593/2187 2502/2592/2187
f 2503/2593/2188 2504/2594/2188 2439/2512/2188 2441/2514/2188
f 1759/1778/2189 1762/1783/2189 2504/2594/2189 2503/2593/2189
f 2504/2594/2190 2505/2595/2190 2437/2510/2190 2439/2512/2190
f 1762/1783/2191 1765/1786/2191 2505/2595/2191 2504/2594/2191
f 2505/2595/2192 2506/2596/2192 2435/2508/2192 2437/2510/2192
f 1765/1786/2193 1768/1789/2193 2506/2596/2193 2505/2595/2193
f 2506/2596/2194 2507/2597/2194 2433/2506/2194 2435/2508/2194
f 1768/1789/2195 1771/1792/2195 2507/2597/2195 2506/2596/2195
f 2507/2597/2196 2508/2598/2196 2431/2504/2196 2433/2506/2196
f 1771/1792/2197 1774/1795/2197 2508/2598/2197 2507/2597/2197
f 2508/2598/2198 2509/2599/2198 2429/2502/2198 2431/2504/2198
f 1774/1795/2199 1777/1798/2199 2509/2599/2199 2508/2598/2199
f 2509/2599/2200 2510/2600/2200 2427/2500/2200 2429/2502/2200
f 1777/1798/2201 1780/1801/2201 2510/2600/2201 2509/2599/2201
f 2510/2600/2202 2511/2601/2202 2425/2498/2202 2427/2500/2202
f 1780/1801/2203 1783/1804/2203 2511/2601/2203 2510/2600/2203
f 2511/2601/2204 2512/2602/2204 2423/2496/2204 2425/2498/2204
f 1783/1804/2205 1786/1807/2205 2512/2602/2205 2511/2601/2205
f 2512/2602/2206 2513/2603/2206 2421/2494/2206 2423/2496/2206
f 1786/1807/2207 1789/1810/2207 2513/2603/2207 2512/2602/2207
f 2513/2603/2208 2514/2604/2208 2419/2492/2208 2421/2494/2208
f 1789/1810/2209 1792/1813/2209 2514/2604/2209 2513/2603/2209
f 2514/2604/2210 1802/1822/2210 2417/1826/2210 2419/2492/2210
f 1792/1813/2211 1795/1816/2211 1802/1822/2211 2514/2604/2211
f 2516/2605/2212 2487/2575/2212 2515/2576/2212 2517/2606/2212
f 1705/1723/2213 1708/1726/2213 2487/2575/2213 2516/2605/2213
f 2518/2607/2214 2516/2605/2214 2517/2606/2214 2519/2608/2214
f 1702/1720/2215 1705/1723/2215 2516/2605/2215 2518/2607/2215
f 2520/2609/2216 2518/2607/2216 2519/2608/2216 2521/2610/2216
f 1699/1717/2217 1702/1720/2217 2518/2607/2217 2520/2609/2217
f 2522/2611/2218 2520/2609/2218 2521/2610/2218 2523/2612/2218
f 1696/1714/2219 1699/1717/2219 2520/2609/2219 2522/2611/2219
f 2524/2613/2220 2522/2611/2220 2523/2612/2220 2525/2614/2220
f 1693/1711/2221 1696/1714/2221 2522/2611/2221 2524/2613/2221
f 2526/2615/2222 2524/2613/2222 2525/2614/2222 2527/2616/2222
f 1690/1708/2223 1693/1711/2223 2524/2613/2223 2526/2615/2223
f 2528/2617/2224 2526/2615/2224 2527/2616/2224 2529/2618/2224
f 1687/1705/2225 1690/1708/2225 2526/2615/2225 2528/2617/2225
f 2530/2619/2226 2528/2617/2226 2529/2618/2226 2531/2620/2226
f 1684/1702/2227 1687/1705/2227 2528/2617/2227 2530/2619/2227
f 2532/2621/2228 2530/2619/2228 2531/2620/2228 2533/2622/2228
f 1681/1699/2229 1684/1702/2229 2530/2619/2229 2532/2621/2229
f 2534/2623/2230 2532/2621/2230 2533/2622/2230 2535/2624/2230
f 1678/1696/2231 1681/1699/2231 2532/2621/2231 2534/2623/2231
f 2536/2625/2232 2534/2623/2232 2535/2624/2232 2537/2626/2232
f 1675/1693/2233 1678/1696/2233 2534/2623/2233 2536/2625/2233
f 2538/2627/2234 2536/2625/2234 2537/2626/2234 2539/2628/2234
f 1672/1690/2235 1675/1693/2235 2536/2625/2235 2538/2627/2235
f 2540/2629/2236 2538/2627/2236 2539/2628/2236 2541/2630/2236
f 1669/1687/2237 1672/1690/2237 2538/2627/2237 2540/2629/2237
f 2542/2631/2238 2540/2629/2238 2541/2630/2238 2543/2632/2238
f 1666/1682/2239 1669/1687/2239 2540/2629/2239 2542/2631/2239
f 2544/2633/2240 2542/2631/2240 2543/2632/2240 2545/2634/2240
f 1663/1683/2241 1666/1682/2241 2542/2631/2241 2544/2633/2241
f 2546/2635/2242 2544/2636/2242 2545/2637/2242 2547/2638/2242
f 1660/1675/2243 1663/1678/2243 2544/2636/2243 2546/2635/2243
f 2548/2639/2244 2546/2635/2244 2547/2638/2244 2549/2640/2244
f 1657/1672/2245 1660/1675/2245 2546/2635/2245 2548/2639/2245
f 2550/2641/2246 2548/2639/2246 2549/2640/2246 2551/2642/2246
f 1654/1669/2247 1657/1672/2247 2548/2639/2247 2550/2641/2247
f 2552/2643/2248 2550/2641/2248 2551/2642/2248 2553/2644/2248
f 1651/1666/2249 1654/1669/2249 2550/2641/2249 2552/2643/2249
f 2554/2645/2250 2552/2643/2250 2553/2644/2250 2555/2646/2250
f 1648/1663/2251 1651/1666/2251 2552/2643/2251 2554/2645/2251
f 2556/2647/2252 2554/2645/2252 2555/2646/2252 2557/2648/2252
f 1645/1660/2253 1648/1663/2253 2554/2645/2253 2556/2647/2253
f 2558/2649/2254 2556/2647/2254 2557/2648/2254 2559/2650/2254
f 1642/1657/2255 1645/1660/2255 2556/2647/2255 2558/2649/2255
f 2560/2651/2256 2558/2649/2256 2559/2650/2256 2561/2652/2256
f 1639/1654/2257 1642/1657/2257 2558/2649/2257 2560/2651/2257
f 2562/2653/2258 2560/2651/2258 2561/2652/2258 2563/2654/2258
f 1636/1651/2259 1639/1654/2259 2560/2651/2259 2562/2653/2259
f 2564/2655/2260 2562/2653/2260 2563/2654/2260 2565/2656/2260
f 1633/1648/2261 1636/1651/2261 2562/2653/2261 2564/2655/2261
f 2566/2657/2262 2564/2655/2262 2565/2656/2262 2567/2658/2262
f 1630/1645/2263 1633/1648/2263 2564/2655/2263 2566/2657/2263
f 2568/2659/2264 2566/2657/2264 2567/2658/2264 2569/2660/2264
f 1627/1642/2265 1630/1645/2265 2566/2657/2265 2568/2659/2265
f 2570/2661/2266 2568/2659/2266 2569/2660/2266 2571/2662/2266
f 1624/1639/2267 1627/1642/2267 2568/2659/2267 2570/2661/2267
f 1945/1969/2268 2570/2661/2268 2571/2662/2268 1947/1971/2268
f 1621/1635/2269 1624/1639/2269 2570/2661/2269 1945/1969/2269
f 2573/2663/2270 2572/2664/2270 2571/2662/2270 2569/2660/2270
f 2572/2664/2271 2574/2665/2271 1947/1971/2271 2571/2662/2271
f 1983/2006/2272 1979/2004/2272 2574/2665/2272 2572/2664/2272
f 1985/2010/2273 1983/2006/2273 2572/2664/2273 2573/2663/2273
f 1979/2004/2274 1977/1992/2274 1966/1988/2274 2574/2665/2274
f 1947/1971/2275 2574/2665/2275 1966/1988/2275 1963/1987/2275
f 2575/2666/2276 2573/2663/2276 2569/2660/2276 2567/2658/2276
f 1989/2012/2277 1985/2010/2277 2573/2663/2277 2575/2666/2277
f 1991/2016/2278 1989/2012/2278 2575/2666/2278 2576/2667/2278
f 2576/2667/2279 2575/2666/2279 2567/2658/2279 2565/2656/2279
f 2577/2668/2280 2576/2667/2280 2565/2656/2280 2563/2654/2280
f 1995/2018/2281 1991/2016/2281 2576/2667/2281 2577/2668/2281
f 1997/2022/2282 1995/2018/2282 2577/2668/2282 2578/2669/2282
f 2578/2669/2283 2577/2668/2283 2563/2654/2283 2561/2652/2283
f 2579/2670/2284 2578/2669/2284 2561/2652/2284 2559/2650/2284
f 2001/2024/2285 1997/2022/2285 2578/2669/2285 2579/2670/2285
f 2003/2028/2286 2001/2024/2286 2579/2670/2286 2580/2671/2286
f 2580/2671/2287 2579/2670/2287 2559/2650/2287 2557/2648/2287
f 2581/2672/2288 2580/2671/2288 2557/2648/2288 2555/2646/2288
f 2007/2030/2289 2003/2028/2289 2580/2671/2289 2581/2672/2289
f 2009/2034/2290 2007/2030/2290 2581/2672/2290 2582/2673/2290
f 2582/2673/2291 2581/2672/2291 2555/2646/2291 2553/2644/2291
f 2583/2674/2292 2582/2673/2292 2553/2644/2292 2551/2642/2292
f 2013/2036/2293 2009/2034/2293 2582/2673/2293 2583/2674/2293
f 2015/2040/2294 2013/2036/2294 2583/2674/2294 2584/2675/2294
f 2584/2675/2295 2583/2674/2295 2551/2642/2295 2549/2640/2295
f 2585/2676/2296 2584/2675/2296 2549/2640/2296 2547/2638/2296
f 2019/2042/2297 2015/2040/2297 2584/2675/2297 2585/2676/2297
f 2021/2046/2298 2019/2042/2298 2585/2676/2298 2586/2677/2298
f 2586/2677/2299 2585/2676/2299 2547/2638/2299 2545/2637/2299
f 2587/2678/2300 2586/2679/2300 2545/2634/2300 2543/2632/2300
f 2025/2050/2301 2021/2049/2301 2586/2679/2301 2587/2678/2301
f 2027/2055/2302 2025/2050/2302 2587/2678/2302 2588/2680/2302
f 2588/2680/2303 2587/2678/2303 2543/2632/2303 2541/2630/2303
f 2589/2681/2304 2588/2680/2304 2541/2630/2304 2539/2628/2304
f 2031/2057/2305 2027/2055/2305 2588/2680/2305 2589/2681/2305
f 2033/2061/2306 2031/2057/2306 2589/2681/2306 2590/2682/2306
f 2590/2682/2307 2589/2681/2307 2539/2628/2307 2537/2626/2307
f 2591/2683/2308 2590/2682/2308 2537/2626/2308 2535/2624/2308
f 2037/2063/2309 2033/2061/2309 2590/2682/2309 2591/2683/2309
f 2039/2067/2310 2037/2063/2310 2591/2683/2310 2592/2684/2310
f 2592/2684/2311 2591/2683/2311 2535/2624/2311 2533/2622/2311
f 2593/2685/2312 2592/2684/2312 2533/2622/2312 2531/2620/2312
f 2043/2069/2313 2039/2067/2313 2592/2684/2313 2593/2685/2313
f 2045/2073/2314 2043/2069/2314 2593/2685/2314 2594/2686/2314
f 2594/2686/2315 2593/2685/2315 2531/2620/2315 2529/2618/2315
f 2595/2687/2316 2594/2686/2316 2529/2618/2316 2527/2616/2316
f 2049/2075/2317 2045/2073/2317 2594/2686/2317 2595/2687/2317
f 2051/2079/2318 2049/2075/2318 2595/2687/2318 2596/2688/2318
f 2596/2688/2319 2595/2687/2319 2527/2616/2319 2525/2614/2319
f 2597/2689/2320 2596/2688/2320 2525/2614/2320 2523/2612/2320
f 2055/2081/2321 2051/2079/2321 2596/2688/2321 2597/2689/2321
f 2057/2085/2322 2055/2081/2322 2597/2689/2322 2598/2690/2322
f 2598/2690/2323 2597/2689/2323 2523/2612/2323 2521/2610/2323
f 2599/2691/2324 2598/2690/2324 2521/2610/2324 2519/2608/2324
f 2061/2087/2325 2057/2085/2325 2598/2690/2325 2599/2691/2325
f 2063/2091/2326 2061/2087/2326 2599/2691/2326 2600/2692/2326
f 2600/2692/2327 2599/2691/2327 2519/2608/2327 2517/2606/2327
f 2475/2557/2328 2600/2692/2328 2517/2606/2328 2515/2576/2328
f 2067/2093/2329 2063/2091/2329 2600/2692/2329 2475/2557/2329
f 2485/2569/2330 2601/2548/2330 2602/2562/2330 2483/2568/2330
f 2601/2548/2331 2471/2547/2331 2604/2563/2331 2602/2562/2331
f 2483/2568/2332 2602/2562/2332 2603/2561/2332 2605/2567/2332
f 2482/2564/2333 2605/2567/2333 2603/2561/2333 2480/2560/2333
f 1953/1977/2334 1951/1975/2334 1963/1987/2334
f 1951/1975/2335 1949/1973/2335 1947/1971/2335 1963/1987/2335
f 2678/2693/2336 2606/2694/2336 1798/1820/2336 1796/1817/2336
f 2606/2694/2337 2608/2695/2337 2607/1620/2337 1798/1820/2337
f 2608/2696/2338 2609/2697/2338 1606/2698/2338 2607/2699/2338
f 2678/2700/2339 2677/2701/2339 2676/2702/2339 2675/2703/2339 2674/2704/2339 2673/2705/2339 2672/2706/2339 2671/2707/2339 2670/2708/2339 2669/2709/2339 2668/2710/2339 2667/2711/2339 2666/2712/2339 2665/2713/2339 2664/2714/2339 2663/2715/2339 2662/2716/2339 2661/2717/2339 2660/2718/2339 2659/2719/2339 2658/2720/2339 2657/2721/2339 2656/2722/2339 2655/2723/2339 2654/2724/2339 2653/2725/2339 2652/2726/2339 2651/2727/2339 2650/2728/2339 2649/2729/2339 2648/2730/2339 2647/2731/2339 2646/2732/2339 2645/2733/2339 2644/2734/2339 2643/2735/2339 2642/2736/2339 2641/2737/2339 2640/2738/2339 2639/2739/2339 2638/2740/2339 2637/2741/2339 2636/2742/2339 2635/2743/2339 2634/2744/2339 2633/2745/2339 2632/2746/2339 2631/2747/2339 2630/2748/2339 2629/2749/2339 2628/2750/2339 2627/2751/2339 2626/2752/2339 2625/2753/2339 2624/2754/2339 2623/2755/2339 2622/2756/2339 2621/2757/2339 2620/2758/2339 2611/2759/2339 2610/2760/2339 2609/2697/2339 2608/2696/2339 2606/2761/2339
f 2609/2697/2340 2610/2760/2340 2612/2762/2340 1606/2698/2340
f 2610/2763/2341 2611/2764/2341 1619/1633/2341 2612/2765/2341
f 1606/2698/2342 2612/2762/2342 2613/2766/2342 1610/2767/2342
f 2612/2762/2343 1619/2768/2343 1616/2769/2343 2613/2766/2343
f 1610/2770/2342 2613/2771/2342 2614/2772/2342 2619/2773/2342
f 2613/2771/2343 1616/2774/2343 2618/2775/2343 2614/2772/2343
f 1610/2776/2344 2613/2777/2344 2615/2778/2344 2616/2779/2344
f 2613/2780/2345 1616/1631/2345 2617/2781/2345 2615/2782/2345
f 1611/1626/2346 2619/1625/2346 2616/2783/2346 2615/2784/2346
f 2615/2784/2347 2617/2785/2347 2616/2783/2347
f 1615/2786/2348 2617/2787/2348 2615/2788/2348
f 2618/2789/2349 1615/2790/2349 2615/2791/2349 2617/2792/2349
f 2615/2784/2350 1615/2793/2350 1611/1626/2350
f 2617/2794/2351 2616/2795/2351 1611/1626/2351 1615/2793/2351
f 1616/1631/2352 1610/1622/2352 2616/2796/2352 2617/2781/2352
f 2617/2797/2353 2618/2798/2353 1615/2799/2353 1610/2800/2353 2616/2801/2353
f 2618/2789/2354 2617/2792/2354 1615/2802/2354
f 2614/2772/2355 2618/2775/2355 1615/2803/2355 1613/2804/2355
f 2619/2773/2356 2614/2772/2356 1613/2804/2356 1611/2805/2356
f 2611/2764/2357 2620/2806/2357 1622/1637/2357 1619/1633/2357
f 2620/2806/2358 2621/2807/2358 1625/1640/2358 1622/1637/2358
f 2621/2807/2359 2622/2808/2359 1628/1643/2359 1625/1640/2359
f 2622/2808/2360 2623/2809/2360 1631/1646/2360 1628/1643/2360
f 2623/2809/2361 2624/2810/2361 1634/1649/2361 1631/1646/2361
f 2624/2810/2362 2625/2811/2362 1637/1652/2362 1634/1649/2362
f 2625/2811/2363 2626/2812/2363 1640/1655/2363 1637/1652/2363
f 2626/2812/2364 2627/2813/2364 1643/1658/2364 1640/1655/2364
f 2627/2813/2365 2628/2814/2365 1646/1661/2365 1643/1658/2365
f 2628/2814/2366 2629/2815/2366 1649/1664/2366 1646/1661/2366
f 2629/2815/2367 2630/2816/2367 1652/1667/2367 1649/1664/2367
f 2630/2816/2368 2631/2817/2368 1655/1670/2368 1652/1667/2368
f 2631/2817/2369 2632/2818/2369 1658/1673/2369 1655/1670/2369
f 2632/2818/2370 2633/2819/2370 1661/1676/2370 1658/1673/2370
f 2633/2819/2371 2634/2820/2371 1664/1679/2371 1661/1676/2371
f 2634/2821/2372 2635/2822/2372 1667/1685/2372 1664/1684/2372
f 2635/2822/2373 2636/2823/2373 1670/1688/2373 1667/1685/2373
f 2636/2823/2374 2637/2824/2374 1673/1691/2374 1670/1688/2374
f 2637/2824/2375 2638/2825/2375 1676/1694/2375 1673/1691/2375
f 2638/2825/2376 2639/2826/2376 1679/1697/2376 1676/1694/2376
f 2639/2826/2377 2640/2827/2377 1682/1700/2377 1679/1697/2377
f 2640/2827/2378 2641/2828/2378 1685/1703/2378 1682/1700/2378
f 2641/2828/2379 2642/2829/2379 1688/1706/2379 1685/1703/2379
f 2642/2829/2380 2643/2830/2380 1691/1709/2380 1688/1706/2380
f 2643/2830/2381 2644/2831/2381 1694/1712/2381 1691/1709/2381
f 2644/2831/2382 2645/2832/2382 1697/1715/2382 1694/1712/2382
f 2645/2832/2383 2646/2833/2383 1700/1718/2383 1697/1715/2383
f 2646/2833/2384 2647/2834/2384 1703/1721/2384 1700/1718/2384
f 2647/2834/2385 2648/2835/2385 1706/1724/2385 1703/1721/2385
f 2648/2835/2386 2649/2836/2386 1709/1727/2386 1706/1724/2386
f 2649/2836/2387 2650/2837/2387 1712/1730/2387 1709/1727/2387
f 2650/2837/2388 2651/2838/2388 1715/1733/2388 1712/1730/2388
f 2651/2838/2389 2652/2839/2389 1718/1736/2389 1715/1733/2389
f 2652/2839/2390 2653/2840/2390 1721/1739/2390 1718/1736/2390
f 2653/2840/2391 2654/2841/2391 1724/1742/2391 1721/1739/2391
f 2654/2841/2392 2655/2842/2392 1727/1745/2392 1724/1742/2392
f 2655/2842/2393 2656/2843/2393 1730/1748/2393 1727/1745/2393
f 2656/2843/2394 2657/2844/2394 1733/1751/2394 1730/1748/2394
f 2657/2844/2395 2658/2845/2395 1736/1754/2395 1733/1751/2395
f 2658/2845/2396 2659/2846/2396 1739/1757/2396 1736/1754/2396
f 2659/2846/2397 2660/2847/2397 1742/1760/2397 1739/1757/2397
f 2660/2847/2398 2661/2848/2398 1745/1763/2398 1742/1760/2398
f 2661/2848/2399 2662/2849/2399 1748/1766/2399 1745/1763/2399
f 2662/2849/2400 2663/2850/2400 1751/1769/2400 1748/1766/2400
f 2663/2850/2401 2664/2851/2401 1754/1772/2401 1751/1769/2401
f 2664/2851/2402 2665/2852/2402 1757/1775/2402 1754/1772/2402
f 2665/2853/2403 2666/2854/2403 1760/1781/2403 1757/1780/2403
f 2666/2854/2404 2667/2855/2404 1763/1784/2404 1760/1781/2404
f 2667/2855/2405 2668/2856/2405 1766/1787/2405 1763/1784/2405
f 2668/2856/2406 2669/2857/2406 1769/1790/2406 1766/1787/2406
f 2669/2857/2407 2670/2858/2407 1772/1793/2407 1769/1790/2407
f 2670/2858/2408 2671/2859/2408 1775/1796/2408 1772/1793/2408
f 2671/2859/2409 2672/2860/2409 1778/1799/2409 1775/1796/2409
f 2672/2860/2410 2673/2861/2410 1781/1802/2410 1778/1799/2410
f 2673/2861/2411 2674/2862/2411 1784/1805/2411 1781/1802/2411
f 2674/2862/2412 2675/2863/2412 1787/1808/2412 1784/1805/2412
f 2675/2863/2413 2676/2864/2413 1790/1811/2413 1787/1808/2413
f 2676/2864/2414 2677/2865/2414 1793/1814/2414 1790/1811/2414
f 2677/2865/2415 2678/2693/2415 1796/1817/2415 1793/1814/2415
f 1619/1633/2416 1606/1621/2416 1610/1622/2416 1616/1631/2416
